class_label,condition,feature_idx,feature_name,feature_type,channel,band,pair,cluster,mean_abs_shap,std_abs_shap,mean_signed_shap,std_signed_shap,n_subjects
0,JOY,0,O2_Alpha,bandpower,O2,Alpha,,occipital,0.009638845059298176,0.04622627698370926,0.008796965372698778,0.04218876384387923,23
0,JOY,1,O2_Beta,bandpower,O2,Beta,,occipital,0.03599691275211011,0.08109300132654677,0.019844218877614377,0.06247727503122538,23
0,JOY,2,O1_Alpha,bandpower,O1,Alpha,,occipital,0.018302983851464984,0.0727967225702631,0.016668656951144896,0.07276260533680219,23
0,JOY,3,O1_Beta,bandpower,O1,Beta,,occipital,0.08759194815862612,0.17584239943663105,0.06380927358217614,0.15459994609093156,23
0,JOY,4,Oz_Alpha,bandpower,Oz,Alpha,,occipital,0.033980826909337083,0.09917765869829036,0.024921019519889107,0.09446788943555275,23
0,JOY,5,Oz_Beta,bandpower,Oz,Beta,,occipital,0.07745020984149054,0.2004655539497258,0.06633325882085996,0.1873772983280002,23
0,JOY,6,Pz_Alpha,bandpower,Pz,Alpha,,parietal_midline,0.01025924053784162,0.023030815784612482,0.0053722232001447365,0.02178380643390393,23
0,JOY,7,Pz_Beta,bandpower,Pz,Beta,,parietal_midline,0.02878222286939326,0.11068278862272275,0.027651918663124605,0.11064039919315626,23
0,JOY,8,P4_Alpha,bandpower,P4,Alpha,,other,0.004302622329261446,0.01855965698794909,0.002325348819932442,0.009793608490832934,23
0,JOY,9,P4_Beta,bandpower,P4,Beta,,other,0.011986405993201622,0.051435926464387195,0.01033078678816164,0.04717752066861237,23
0,JOY,10,CP4_Alpha,bandpower,CP4,Alpha,,temporal_right,0.006248886404852987,0.02776643640029183,0.005037690620983233,0.021980546116555085,23
0,JOY,11,CP4_Beta,bandpower,CP4,Beta,,temporal_right,0.02592426996093833,0.09340380031148282,0.023344310130777236,0.09281515408124366,23
0,JOY,12,P8_Alpha,bandpower,P8,Alpha,,temporal_right,0.0021931591027484288,0.007930523932737391,-0.00038708521915481654,0.0013039536958178084,23
0,JOY,13,P8_Beta,bandpower,P8,Beta,,temporal_right,0.03518137964308064,0.13524342736037284,0.029594435525771283,0.121744423731859,23
0,JOY,14,C4_Alpha,bandpower,C4,Alpha,,other,0.0026492053339874496,0.010479044043106971,-0.0012337724869761438,0.005013522130722594,23
0,JOY,15,C4_Beta,bandpower,C4,Beta,,other,0.015451985604793425,0.05114079319591601,0.011438490202738804,0.03844417952577482,23
0,JOY,16,TP8_Alpha,bandpower,TP8,Alpha,,temporal_right,0.020720446987545306,0.08924895036369307,0.01892126793356807,0.0883133508634914,23
0,JOY,17,TP8_Beta,bandpower,TP8,Beta,,temporal_right,0.02091257747711134,0.05624639727449612,0.016339313602185053,0.043706197817894095,23
0,JOY,18,T8_Alpha,bandpower,T8,Alpha,,temporal_right,0.0067969321628832645,0.015181373761113524,0.005536526732743642,0.013236719046094782,23
0,JOY,19,T8_Beta,bandpower,T8,Beta,,temporal_right,0.05554658689604924,0.16012912688461273,0.05353459993086041,0.1597173143401924,23
0,JOY,20,P7_Alpha,bandpower,P7,Alpha,,temporal_left,0.004509333243564299,0.020936856296332112,0.0013974329521080986,0.006152089734822428,23
0,JOY,21,P7_Beta,bandpower,P7,Beta,,temporal_left,0.061099674561899346,0.14887581399199967,0.03034363080207745,0.08664792199321224,23
0,JOY,22,P3_Alpha,bandpower,P3,Alpha,,centro_parietal_left,0.001708064581673384,0.007972071109465602,0.0007943277446434516,0.003909803456321881,23
0,JOY,23,P3_Beta,bandpower,P3,Beta,,centro_parietal_left,0.019659332672395374,0.048434045319125645,0.012387833679201377,0.03090610581505451,23
0,JOY,24,CP3_Alpha,bandpower,CP3,Alpha,,temporal_left,0.0019101545339647154,0.009160779328386699,0.0016644124861341415,0.00798224186879741,23
0,JOY,25,CP3_Beta,bandpower,CP3,Beta,,temporal_left,0.012545293494014297,0.045629514353964284,0.010130187187094691,0.04273050531195684,23
0,JOY,26,CPz_Alpha,bandpower,CPz,Alpha,,parietal_midline,0.018267200701679913,0.06321120581162344,0.005495607340067143,0.02903333183400934,23
0,JOY,27,CPz_Beta,bandpower,CPz,Beta,,parietal_midline,0.024075862768305707,0.05091249306420675,0.010840126234172513,0.03184754055764512,23
0,JOY,28,Cz_Alpha,bandpower,Cz,Alpha,,parietal_midline,0.006469271397749767,0.016636052930717616,-0.0023816779284824363,0.011498519160774243,23
0,JOY,29,Cz_Beta,bandpower,Cz,Beta,,parietal_midline,0.036548914373706616,0.07075672973313347,0.015515024554278167,0.042674589224517036,23
0,JOY,30,FC4_Alpha,bandpower,FC4,Alpha,,frontal_bilateral,0.04951092904288061,0.13248733907842944,0.04642584051403229,0.13179288597854683,23
0,JOY,31,FC4_Beta,bandpower,FC4,Beta,,frontal_bilateral,0.112530098485442,0.20143843342704773,0.09431168045436739,0.20132404123868178,23
0,JOY,32,FT8_Alpha,bandpower,FT8,Alpha,,temporal_right,0.010374954843891903,0.03305583455154174,0.00520880584079352,0.024841272180102462,23
0,JOY,33,FT8_Beta,bandpower,FT8,Beta,,temporal_right,0.012387522377914151,0.05323660836142697,0.00998795946066505,0.04462167213054135,23
0,JOY,34,TP7_Alpha,bandpower,TP7,Alpha,,temporal_left,0.004224899436467716,0.015105714602364808,0.0033329168425082194,0.013762804649436305,23
0,JOY,35,TP7_Beta,bandpower,TP7,Beta,,temporal_left,0.01076819978713895,0.03488395163674309,0.008381447957199651,0.02944410491121484,23
0,JOY,36,C3_Alpha,bandpower,C3,Alpha,,centro_parietal_left,0.015302356766547015,0.04393448493753198,0.006611136335940982,0.030344123942775587,23
0,JOY,37,C3_Beta,bandpower,C3,Beta,,centro_parietal_left,0.014104113027606146,0.030424209706881436,0.0016010065571713094,0.014059595815511965,23
0,JOY,38,FCz_Alpha,bandpower,FCz,Alpha,,frontal_bilateral,0.00963131565546666,0.024791030110684883,0.006988120780480491,0.020609810495742193,23
0,JOY,39,FCz_Beta,bandpower,FCz,Beta,,frontal_bilateral,0.011032480877097392,0.02478425100424149,0.0028647582435499504,0.020188772427388556,23
0,JOY,40,Fz_Alpha,bandpower,Fz,Alpha,,frontal_bilateral,0.010022158967349936,0.03550828488025111,0.007957339133846114,0.02844694716150399,23
0,JOY,41,Fz_Beta,bandpower,Fz,Beta,,frontal_bilateral,0.011080358872518811,0.037001978654587965,0.004657073696768782,0.012292148060345138,23
0,JOY,42,F4_Alpha,bandpower,F4,Alpha,,frontal_bilateral,0.010071873257095692,0.038051127756303905,0.005517254764776026,0.024870368931694427,23
0,JOY,43,F4_Beta,bandpower,F4,Beta,,frontal_bilateral,0.029200997313988557,0.05793151412693088,0.022430053121952835,0.04669476962371789,23
0,JOY,44,F8_Alpha,bandpower,F8,Alpha,,other,0.006601991765318847,0.021811828567449898,0.0007140267631258791,0.012265066348553563,23
0,JOY,45,F8_Beta,bandpower,F8,Beta,,other,0.009086176843023276,0.025279019962617232,0.006158318920614583,0.018383268102577746,23
0,JOY,46,T7_Alpha,bandpower,T7,Alpha,,temporal_left,0.01707260556582916,0.04381632481198474,0.008927454438532116,0.04063187063676034,23
0,JOY,47,T7_Beta,bandpower,T7,Beta,,temporal_left,0.0426613495629505,0.0738559170874126,0.03528290367464906,0.07101171076014796,23
0,JOY,48,FT7_Alpha,bandpower,FT7,Alpha,,temporal_left,0.009441614783548434,0.029959956162724677,0.005639332942147172,0.02075577347707747,23
0,JOY,49,FT7_Beta,bandpower,FT7,Beta,,temporal_left,0.05640590072554147,0.13636536126980603,0.04744139418809717,0.11846851173508402,23
0,JOY,50,FC3_Alpha,bandpower,FC3,Alpha,,frontal_bilateral,0.0010153371165648394,0.0037568745524230586,1.8863756798237785e-05,0.00029777118387585243,23
0,JOY,51,FC3_Beta,bandpower,FC3,Beta,,frontal_bilateral,0.011513403187880196,0.03253016282974399,-0.003952210036795615,0.01583949152203444,23
0,JOY,52,F3_Alpha,bandpower,F3,Alpha,,frontal_bilateral,0.02611879379135481,0.0815055222387291,0.024268580927300564,0.08101066290127969,23
0,JOY,53,F3_Beta,bandpower,F3,Beta,,frontal_bilateral,0.05927115176793524,0.11923469584301988,0.053838803143344494,0.11697894555668266,23
0,JOY,54,Fp2_Alpha,bandpower,Fp2,Alpha,,frontal_bilateral,0.03742917791323079,0.1133256664320868,0.031526865482176133,0.09062922987987078,23
0,JOY,55,Fp2_Beta,bandpower,Fp2,Beta,,frontal_bilateral,0.12951758582165798,0.2522494550301698,0.08981270193961075,0.251756259263079,23
0,JOY,56,F7_Alpha,bandpower,F7,Alpha,,frontal_inferior_left,0.000991013335130881,0.004531982017599825,-0.00025285024705076385,0.0012879774541657255,23
0,JOY,57,F7_Beta,bandpower,F7,Beta,,frontal_inferior_left,0.01674054244222044,0.062135886058299984,0.012401700651099844,0.05853800526850078,23
0,JOY,58,Fp1_Alpha,bandpower,Fp1,Alpha,,frontal_bilateral,0.0022559075232939387,0.006477095110355279,0.000706108973707871,0.0028410490274904453,23
0,JOY,59,Fp1_Beta,bandpower,Fp1,Beta,,frontal_bilateral,0.10687949624466402,0.3218145706990671,0.09911711836048998,0.31738675455320553,23
0,JOY,60,PO5_Alpha,bandpower,PO5,Alpha,,other,0.014782856588357042,0.05154987563209901,0.013196639635465303,0.04927864352812823,23
0,JOY,61,PO5_Beta,bandpower,PO5,Beta,,other,0.031372045144412185,0.09502330023376084,0.023064181317484157,0.0745331527252917,23
0,JOY,62,PO3_Alpha,bandpower,PO3,Alpha,,occipital,0.005657190011830688,0.02414130884615227,0.0035629840111355247,0.016122303402081276,23
0,JOY,63,PO3_Beta,bandpower,PO3,Beta,,occipital,0.011051930210265763,0.02469478861820454,0.005806298008513553,0.023108913747037697,23
0,JOY,64,P1_Alpha,bandpower,P1,Alpha,,other,0.02701300495744611,0.07523715295131592,0.013790552335956503,0.06516443440303363,23
0,JOY,65,P1_Beta,bandpower,P1,Beta,,other,0.039078053372534984,0.084036442335183,0.030622913799820874,0.06801842632372619,23
0,JOY,66,POz_Alpha,bandpower,POz,Alpha,,occipital,0.002385490664684544,0.008779004745172177,-0.0004900222716523705,0.0016819239032046852,23
0,JOY,67,POz_Beta,bandpower,POz,Beta,,occipital,0.065640915156483,0.15331728019813554,0.025310554189729,0.12362273696609669,23
0,JOY,68,P2_Alpha,bandpower,P2,Alpha,,other,0.004893042185000379,0.01597162913195862,-0.0001423943225852228,0.011407608290294392,23
0,JOY,69,P2_Beta,bandpower,P2,Beta,,other,0.006305716245368095,0.02077789757115764,0.0004757780942293807,0.019747337071144334,23
0,JOY,70,PO4_Alpha,bandpower,PO4,Alpha,,occipital,0.0004835880487734533,0.0021427376723047445,0.00043088999520265266,0.0021484052921048906,23
0,JOY,71,PO4_Beta,bandpower,PO4,Beta,,occipital,0.03134046687561442,0.08455340341596637,0.025846013377004685,0.08271247207282019,23
0,JOY,72,CP2_Alpha,bandpower,CP2,Alpha,,other,0.020162881640671176,0.05368513297819876,0.01223465523365483,0.04189611293520441,23
0,JOY,73,CP2_Beta,bandpower,CP2,Beta,,other,0.07902662691849825,0.23295346935113495,0.07635886215994286,0.23275907670276333,23
0,JOY,74,P6_Alpha,bandpower,P6,Alpha,,temporal_right,0.030449480223986428,0.09059149048159662,0.022014410098761875,0.07131184675638036,23
0,JOY,75,P6_Beta,bandpower,P6,Beta,,temporal_right,0.04389312698211008,0.14525169843224384,0.04196450533948381,0.1431362602579066,23
0,JOY,76,PO6_Alpha,bandpower,PO6,Alpha,,other,0.007166535056804535,0.027040583137553354,0.006599331579628121,0.026378448472137158,23
0,JOY,77,PO6_Beta,bandpower,PO6,Beta,,other,0.03340644126863386,0.08402320477521441,0.031214087515912408,0.07900096713011111,23
0,JOY,78,CP6_Alpha,bandpower,CP6,Alpha,,temporal_right,0.011438478763665452,0.05355451963362546,-0.0030346813192124408,0.015486555862505694,23
0,JOY,79,CP6_Beta,bandpower,CP6,Beta,,temporal_right,0.03425615673087578,0.12011636277225918,0.003484228652424304,0.04703235574295693,23
0,JOY,80,C6_Alpha,bandpower,C6,Alpha,,temporal_right,0.0150880782322601,0.0399687978220195,0.009619331387726637,0.03339615045009667,23
0,JOY,81,C6_Beta,bandpower,C6,Beta,,temporal_right,0.05223405785218987,0.11368484006450108,0.03629887522596045,0.08312720717677306,23
0,JOY,82,PO8_Alpha,bandpower,PO8,Alpha,,occipital,0.005817422855642722,0.023059532419816155,0.0052665787285600145,0.020559560767941222,23
0,JOY,83,PO8_Beta,bandpower,PO8,Beta,,occipital,0.03293846330827578,0.07747114568706359,0.02746632029418419,0.06633151364483685,23
0,JOY,84,PO7_Alpha,bandpower,PO7,Alpha,,occipital,0.08031119870235959,0.17468744415563542,0.06602110567374617,0.15284761016691176,23
0,JOY,85,PO7_Beta,bandpower,PO7,Beta,,occipital,0.20112613382676645,0.4023858340354306,0.16563208094917414,0.3246230123344498,23
0,JOY,86,P5_Alpha,bandpower,P5,Alpha,,temporal_left,0.0006306265804114912,0.0026632051070824003,2.5124429393784908e-05,0.00024019542466746524,23
0,JOY,87,P5_Beta,bandpower,P5,Beta,,temporal_left,0.008127187168273603,0.029618348242545414,0.0032067409581124197,0.012730313006236586,23
0,JOY,88,CP5_Alpha,bandpower,CP5,Alpha,,temporal_left,0.003205349389270476,0.01422406125274415,0.002484201487248706,0.011712444330536335,23
0,JOY,89,CP5_Beta,bandpower,CP5,Beta,,temporal_left,0.018243814619806314,0.058563438249050324,0.011812030467605534,0.03594670857897637,23
0,JOY,90,CP1_Alpha,bandpower,CP1,Alpha,,other,0.0027086268052896457,0.00922703196772529,-0.0012523651902731291,0.007143854413809722,23
0,JOY,91,CP1_Beta,bandpower,CP1,Beta,,other,0.020222708041971876,0.06364799105685424,-0.0033544209649160016,0.028207809071971086,23
0,JOY,92,C1_Alpha,bandpower,C1,Alpha,,other,0.016830365964469064,0.05752429379268248,0.0011699870874830284,0.010754512529236602,23
0,JOY,93,C1_Beta,bandpower,C1,Beta,,other,0.007433783043160856,0.022560788740613485,0.0014893153386483359,0.010542568299304368,23
0,JOY,94,C2_Alpha,bandpower,C2,Alpha,,other,0.012632408777776803,0.049502532350605664,0.009488083557829813,0.04749087127219305,23
0,JOY,95,C2_Beta,bandpower,C2,Beta,,other,0.02577316906792345,0.05698019667899483,0.012887857625503579,0.049592592188437416,23
0,JOY,96,FC2_Alpha,bandpower,FC2,Alpha,,other,0.0060679545453479825,0.0245899882233948,-0.00038357042617254833,0.0042526037380834795,23
0,JOY,97,FC2_Beta,bandpower,FC2,Beta,,other,0.008241754478625796,0.025223403246113062,-0.0028205368279373313,0.016891312449370456,23
0,JOY,98,FC6_Alpha,bandpower,FC6,Alpha,,other,0.012760171625237696,0.03367724491771725,0.007004142048055152,0.023480576368951636,23
0,JOY,99,FC6_Beta,bandpower,FC6,Beta,,other,0.025669937034486844,0.06237552034580606,0.02127484103671653,0.057053400715145274,23
0,JOY,100,C5_Alpha,bandpower,C5,Alpha,,temporal_left,0.0020888261505820614,0.006965190650758297,0.0011357549574416478,0.005238388051991352,23
0,JOY,101,C5_Beta,bandpower,C5,Beta,,temporal_left,0.006571417068122087,0.02752713948128111,0.002343248713182485,0.010454194929588533,23
0,JOY,102,FC1_Alpha,bandpower,FC1,Alpha,,other,0.019761760285922417,0.052249516255721405,0.016370841628255084,0.04814747166312122,23
0,JOY,103,FC1_Beta,bandpower,FC1,Beta,,other,0.04916910913143605,0.11789021065507077,0.03378283069641859,0.09524205232509991,23
0,JOY,104,F2_Alpha,bandpower,F2,Alpha,,frontal_bilateral,0.003977552859055137,0.01067848610992348,0.0032216920394111427,0.010471049179251471,23
0,JOY,105,F2_Beta,bandpower,F2,Beta,,frontal_bilateral,0.022678743421825475,0.0697350535390473,0.019660129177533965,0.06953725240824822,23
0,JOY,106,F6_Alpha,bandpower,F6,Alpha,,other,0.01506019788358719,0.055792636760444214,0.01215054162527957,0.05439690525682794,23
0,JOY,107,F6_Beta,bandpower,F6,Beta,,other,0.06609176428055917,0.1713794123093876,0.04309710374562273,0.14327351165441177,23
0,JOY,108,FC5_Alpha,bandpower,FC5,Alpha,,frontal_inferior_left,0.01390913544455695,0.042737404067305564,0.00830401918920249,0.026214308882907125,23
0,JOY,109,FC5_Beta,bandpower,FC5,Beta,,frontal_inferior_left,0.0644801215424845,0.14839309224936126,0.049769662419615134,0.11794672924588083,23
0,JOY,110,F1_Alpha,bandpower,F1,Alpha,,frontal_bilateral,0.001158713779546952,0.004435573022215953,0.0004450074945997917,0.0017085290622329064,23
0,JOY,111,F1_Beta,bandpower,F1,Beta,,frontal_bilateral,0.007474419085973547,0.0171322378710999,0.002510013328553286,0.00699526129772184,23
0,JOY,112,AF4_Alpha,bandpower,AF4,Alpha,,frontal_bilateral,0.011500749645804635,0.039978814239597114,0.00112754604037198,0.0037366906685011906,23
0,JOY,113,AF4_Beta,bandpower,AF4,Beta,,frontal_bilateral,0.04512683027003482,0.08266048499176638,0.019096022653127,0.04425906975143064,23
0,JOY,114,AF8_Alpha,bandpower,AF8,Alpha,,frontal_bilateral,0.036580055915695964,0.07582882198877482,0.020727041950772004,0.046580446824037045,23
0,JOY,115,AF8_Beta,bandpower,AF8,Beta,,frontal_bilateral,0.12534058964265332,0.1657337483036859,0.09806362691593336,0.16801034866690587,23
0,JOY,116,F5_Alpha,bandpower,F5,Alpha,,frontal_inferior_left,0.0006118226398380153,0.0029341983028115574,0.0005564932112302575,0.002668847684927593,23
0,JOY,117,F5_Beta,bandpower,F5,Beta,,frontal_inferior_left,0.053550939458702644,0.08962648229083335,0.04550660800503856,0.07995760752883019,23
0,JOY,118,AF7_Alpha,bandpower,AF7,Alpha,,frontal_bilateral,0.05460486121068055,0.1380605799679816,0.05140264464744205,0.13393471641044394,23
0,JOY,119,AF7_Beta,bandpower,AF7,Beta,,frontal_bilateral,0.20214776654112332,0.29138941140946906,0.17967091680038078,0.29013880734811576,23
0,JOY,120,AF3_Alpha,bandpower,AF3,Alpha,,frontal_bilateral,0.001993179749823376,0.00862350728502521,0.0004969375303352134,0.0016848503936869267,23
0,JOY,121,AF3_Beta,bandpower,AF3,Beta,,frontal_bilateral,0.024344166628625524,0.06439017547127243,0.01897843457033965,0.052090769147738296,23
0,JOY,122,Fpz_Alpha,bandpower,Fpz,Alpha,,frontal_bilateral,0.026883993569990855,0.08720853275576293,0.018194836807021452,0.0590616645207926,23
0,JOY,123,Fpz_Beta,bandpower,Fpz,Beta,,frontal_bilateral,0.09321672428260676,0.20959001198543561,0.07617282717859555,0.17601789162953177,23
0,JOY,124,AlphaAsym_Fp2-Fp1,AlphaAsym,,,Fp2-Fp1,,0.020111688044873073,0.05125881823683143,0.01040748009240264,0.026437309580488906,23
0,JOY,125,AlphaAsym_AF8-AF7,AlphaAsym,,,AF8-AF7,,0.056938387797051605,0.17676292193567003,0.05039186249554978,0.17450851463860098,23
0,JOY,126,AlphaAsym_AF4-AF3,AlphaAsym,,,AF4-AF3,,0.01569803358103843,0.049915489370634926,0.0073637837850690935,0.024657114477538263,23
0,JOY,127,AlphaAsym_F8-F7,AlphaAsym,,,F8-F7,,0.016609514045765585,0.0387151773558213,0.006328269999360622,0.016154437807670296,23
0,JOY,128,AlphaAsym_F6-F5,AlphaAsym,,,F6-F5,,0.03563623330210441,0.12237098022616691,0.02741696365059954,0.11716960730108902,23
0,JOY,129,AlphaAsym_F4-F3,AlphaAsym,,,F4-F3,,0.027923874334193126,0.0859383417616984,0.02042035315519744,0.06468126955242227,23
0,JOY,130,AlphaAsym_F2-F1,AlphaAsym,,,F2-F1,,0.00518978454255692,0.02488933230839556,0.002736907551302093,0.013125747510927202,23
0,JOY,131,AlphaAsym_FC6-FC5,AlphaAsym,,,FC6-FC5,,0.029225919408268127,0.06067972799252795,0.02035781440067618,0.046802664431909655,23
0,JOY,132,AlphaAsym_FC4-FC3,AlphaAsym,,,FC4-FC3,,0.09801954641450698,0.29728241287141366,0.08951484726916545,0.29712657960887146,23
0,JOY,133,AlphaAsym_FC2-FC1,AlphaAsym,,,FC2-FC1,,0.04786871803272756,0.1471395163254139,0.0319081863805138,0.11173956567453752,23
0,JOY,134,AlphaAsym_T8-T7,AlphaAsym,,,T8-T7,,0.011505127728867637,0.02374361053445932,0.004661052672489258,0.015970983012263525,23
0,JOY,135,AlphaAsym_C6-C5,AlphaAsym,,,C6-C5,,0.005359138361595703,0.02136840742917136,0.0021266400788104963,0.01247618205766698,23
0,JOY,136,AlphaAsym_C4-C3,AlphaAsym,,,C4-C3,,0.034084266609380375,0.10254803288015896,0.0267018059896841,0.0898696807567892,23
0,JOY,137,AlphaAsym_C2-C1,AlphaAsym,,,C2-C1,,0.014062062330518162,0.03702783607970051,0.007767458385698897,0.028099203656722437,23
0,JOY,138,AlphaAsym_TP8-TP7,AlphaAsym,,,TP8-TP7,,0.004495669635266115,0.01775531389305639,0.0018149748511449766,0.009066786272059865,23
0,JOY,139,AlphaAsym_CP6-CP5,AlphaAsym,,,CP6-CP5,,0.011185782102432465,0.03541494861836846,0.0077305639169916954,0.02828482858802134,23
0,JOY,140,AlphaAsym_CP4-CP3,AlphaAsym,,,CP4-CP3,,0.03809927921105293,0.1323226735788639,0.03413761304302729,0.13013663009683227,23
0,JOY,141,AlphaAsym_CP2-CP1,AlphaAsym,,,CP2-CP1,,0.01955530522156757,0.048201846842362374,0.01308095196929856,0.041439158275075015,23
0,JOY,142,AlphaAsym_P8-P7,AlphaAsym,,,P8-P7,,0.022099623834390666,0.09127943552226427,0.016955988234566295,0.08443588191047338,23
0,JOY,143,AlphaAsym_P6-P5,AlphaAsym,,,P6-P5,,0.024742608056613217,0.06945262347447415,0.014061138824441098,0.053916753053783545,23
0,JOY,144,AlphaAsym_P4-P3,AlphaAsym,,,P4-P3,,0.001343989329840464,0.006116487605775485,0.0012353484775825276,0.006023843343977591,23
0,JOY,145,AlphaAsym_P2-P1,AlphaAsym,,,P2-P1,,0.0006529951996777553,0.003131654963186463,-0.00015227857986730795,0.000730302413652929,23
0,JOY,146,AlphaAsym_PO8-PO7,AlphaAsym,,,PO8-PO7,,0.05043230189095166,0.12168395676205575,0.03586804659086952,0.10337265274031496,23
0,JOY,147,AlphaAsym_PO6-PO5,AlphaAsym,,,PO6-PO5,,0.005473684361177038,0.017314640496117324,0.004326901584323065,0.014321119438490007,23
0,JOY,148,AlphaAsym_PO4-PO3,AlphaAsym,,,PO4-PO3,,0.011402778340044176,0.04302369984037642,0.0055932007214678295,0.03736333044338641,23
0,JOY,149,AlphaAsym_O2-O1,AlphaAsym,,,O2-O1,,0.0760918843701456,0.2106762948917938,0.07116589435554425,0.2020196148200092,23
1,NEUTRO,0,O2_Alpha,bandpower,O2,Alpha,,occipital,0.02159500365295499,0.07414244433049359,0.010871359031142674,0.06074422523993289,23
1,NEUTRO,1,O2_Beta,bandpower,O2,Beta,,occipital,0.04794850858405048,0.17233469245084956,0.02047616743867056,0.05724652384364932,23
1,NEUTRO,2,O1_Alpha,bandpower,O1,Alpha,,occipital,0.010392725377614726,0.03397297286915408,0.005362315889815041,0.01963846676186829,23
1,NEUTRO,3,O1_Beta,bandpower,O1,Beta,,occipital,0.05475167583506963,0.10649329630411754,0.0346492208074672,0.08427207069475944,23
1,NEUTRO,4,Oz_Alpha,bandpower,Oz,Alpha,,occipital,0.014105690918683139,0.05406891584290411,0.00540110448487378,0.029156906482879198,23
1,NEUTRO,5,Oz_Beta,bandpower,Oz,Beta,,occipital,0.06543675711980575,0.121969461502705,0.04070168479641123,0.08270880157952759,23
1,NEUTRO,6,Pz_Alpha,bandpower,Pz,Alpha,,parietal_midline,0.0462619229424631,0.20322069942696402,0.0424759871869475,0.203491784624149,23
1,NEUTRO,7,Pz_Beta,bandpower,Pz,Beta,,parietal_midline,0.11059770745525027,0.45238369294543423,0.10663640686219397,0.45316385098010536,23
1,NEUTRO,8,P4_Alpha,bandpower,P4,Alpha,,other,0.0026205371477722545,0.007317243836219899,0.0011347299983323303,0.003697214271812168,23
1,NEUTRO,9,P4_Beta,bandpower,P4,Beta,,other,0.01228060974759348,0.03141361050519456,0.006292552836138745,0.015307406577072953,23
1,NEUTRO,10,CP4_Alpha,bandpower,CP4,Alpha,,temporal_right,0.0013997130059705874,0.0047534121820461935,0.0004864886394610042,0.0023675291610005408,23
1,NEUTRO,11,CP4_Beta,bandpower,CP4,Beta,,temporal_right,0.013318013727657906,0.024064601140860207,0.007118352035494343,0.018509719659166878,23
1,NEUTRO,12,P8_Alpha,bandpower,P8,Alpha,,temporal_right,0.004199262458299492,0.011023721429631683,0.0013994636295697612,0.00681742363113412,23
1,NEUTRO,13,P8_Beta,bandpower,P8,Beta,,temporal_right,0.03314920081289601,0.12053360621414005,0.02324475744388466,0.09019554948401595,23
1,NEUTRO,14,C4_Alpha,bandpower,C4,Alpha,,other,0.0024999164370764935,0.008443827957300901,-0.0007466771729433225,0.004856159914842502,23
1,NEUTRO,15,C4_Beta,bandpower,C4,Beta,,other,0.022176594763905003,0.046595725633478934,0.009496865618119138,0.028536730311938725,23
1,NEUTRO,16,TP8_Alpha,bandpower,TP8,Alpha,,temporal_right,0.002165979672254298,0.0074065166669387145,0.00047648333940956093,0.0017844093757293333,23
1,NEUTRO,17,TP8_Beta,bandpower,TP8,Beta,,temporal_right,0.011113684428808146,0.019377147846115952,0.0022089302553893776,0.013867101248379811,23
1,NEUTRO,18,T8_Alpha,bandpower,T8,Alpha,,temporal_right,0.009066573755041203,0.027038350037578252,0.004000988728428148,0.013154316214765266,23
1,NEUTRO,19,T8_Beta,bandpower,T8,Beta,,temporal_right,0.016586886637853137,0.03344298645360037,0.0035021982664167214,0.02334256854677847,23
1,NEUTRO,20,P7_Alpha,bandpower,P7,Alpha,,temporal_left,0.005821897441877531,0.018469504123742667,0.0037765851659391624,0.013982414934526137,23
1,NEUTRO,21,P7_Beta,bandpower,P7,Beta,,temporal_left,0.01667045829814268,0.049196045132644285,0.01606866294033835,0.04889528527149936,23
1,NEUTRO,22,P3_Alpha,bandpower,P3,Alpha,,centro_parietal_left,0.014217037152005242,0.04984906066353943,0.0028092208560483063,0.008178388485422365,23
1,NEUTRO,23,P3_Beta,bandpower,P3,Beta,,centro_parietal_left,0.028864265344551356,0.07014778276210813,0.01074611242721385,0.055838963129177945,23
1,NEUTRO,24,CP3_Alpha,bandpower,CP3,Alpha,,temporal_left,0.0028715143999614398,0.010640875342706219,0.0007908998797376652,0.0029556609399942367,23
1,NEUTRO,25,CP3_Beta,bandpower,CP3,Beta,,temporal_left,0.02295708599820475,0.053554739120247496,0.017233092601882636,0.05165423269176035,23
1,NEUTRO,26,CPz_Alpha,bandpower,CPz,Alpha,,parietal_midline,0.007975571379183057,0.024351094155580868,-0.00024567350634987324,0.006981182158262417,23
1,NEUTRO,27,CPz_Beta,bandpower,CPz,Beta,,parietal_midline,0.023303779414128152,0.07106541542274922,0.01651512944827997,0.06870865560845062,23
1,NEUTRO,28,Cz_Alpha,bandpower,Cz,Alpha,,parietal_midline,0.02360703797480982,0.051435560679561204,0.008128481973960574,0.03383202344259095,23
1,NEUTRO,29,Cz_Beta,bandpower,Cz,Beta,,parietal_midline,0.04021275263388452,0.10287147212431304,0.0325341409204158,0.09366068622734347,23
1,NEUTRO,30,FC4_Alpha,bandpower,FC4,Alpha,,frontal_bilateral,0.08515975509370029,0.18185960271382973,0.06847185122704695,0.16027327931528862,23
1,NEUTRO,31,FC4_Beta,bandpower,FC4,Beta,,frontal_bilateral,0.22616434882016032,0.44551740029251385,0.1759897290929791,0.43413927050495954,23
1,NEUTRO,32,FT8_Alpha,bandpower,FT8,Alpha,,temporal_right,0.03238898432255805,0.061871974474932236,0.01592199203054813,0.03326273480815682,23
1,NEUTRO,33,FT8_Beta,bandpower,FT8,Beta,,temporal_right,0.04789047149483492,0.07276882832132818,0.03035230173888972,0.06127044278710374,23
1,NEUTRO,34,TP7_Alpha,bandpower,TP7,Alpha,,temporal_left,0.011749173669911206,0.03617535870307956,0.007383431341876906,0.025671881855034513,23
1,NEUTRO,35,TP7_Beta,bandpower,TP7,Beta,,temporal_left,0.062452549981330256,0.10076039330427781,0.03568268921796733,0.08305805462845228,23
1,NEUTRO,36,C3_Alpha,bandpower,C3,Alpha,,centro_parietal_left,0.0031689415663470628,0.01273097901209444,-0.001332788450193557,0.0074298590839710545,23
1,NEUTRO,37,C3_Beta,bandpower,C3,Beta,,centro_parietal_left,0.008342334331933696,0.02418030763811434,0.006004867834427991,0.02177231917042137,23
1,NEUTRO,38,FCz_Alpha,bandpower,FCz,Alpha,,frontal_bilateral,0.03352683263847925,0.08179871072602839,0.023580310251708345,0.061552707326435176,23
1,NEUTRO,39,FCz_Beta,bandpower,FCz,Beta,,frontal_bilateral,0.04164894917950266,0.08381800340264886,0.018912028792198332,0.053612627401770876,23
1,NEUTRO,40,Fz_Alpha,bandpower,Fz,Alpha,,frontal_bilateral,0.019756309579160646,0.045588861371675754,0.010711177348304467,0.03360606019089315,23
1,NEUTRO,41,Fz_Beta,bandpower,Fz,Beta,,frontal_bilateral,0.014968073008178652,0.04837696171973847,-0.001314035589214925,0.014641050776584744,23
1,NEUTRO,42,F4_Alpha,bandpower,F4,Alpha,,frontal_bilateral,0.011467307285409055,0.0340036545369415,0.006549831799140582,0.031616621962766565,23
1,NEUTRO,43,F4_Beta,bandpower,F4,Beta,,frontal_bilateral,0.033828797263560334,0.09021498452116843,0.01877721059097781,0.08590332967147957,23
1,NEUTRO,44,F8_Alpha,bandpower,F8,Alpha,,other,0.015010681892939826,0.04027887828108352,0.0040478193139453994,0.022251612399482222,23
1,NEUTRO,45,F8_Beta,bandpower,F8,Beta,,other,0.029372768938585595,0.050787792125201354,0.010368106028369965,0.023383218303349707,23
1,NEUTRO,46,T7_Alpha,bandpower,T7,Alpha,,temporal_left,0.003993160652124002,0.012091018602053418,-0.0009860540201850282,0.0051699199995525165,23
1,NEUTRO,47,T7_Beta,bandpower,T7,Beta,,temporal_left,0.09280571016176958,0.18061948021759833,0.0598216374977095,0.1631652574116603,23
1,NEUTRO,48,FT7_Alpha,bandpower,FT7,Alpha,,temporal_left,0.017508090888632758,0.03909721638822157,0.014265917052881296,0.034935982222845705,23
1,NEUTRO,49,FT7_Beta,bandpower,FT7,Beta,,temporal_left,0.1123373658612333,0.18182785368448626,0.08794268949886948,0.17409184667467933,23
1,NEUTRO,50,FC3_Alpha,bandpower,FC3,Alpha,,frontal_bilateral,0.04231119496295051,0.1046828953502077,0.027533355130090253,0.08007771620621779,23
1,NEUTRO,51,FC3_Beta,bandpower,FC3,Beta,,frontal_bilateral,0.04726941174205936,0.12170224210542657,0.033431566109562987,0.10051399093474264,23
1,NEUTRO,52,F3_Alpha,bandpower,F3,Alpha,,frontal_bilateral,0.030093710209503896,0.06795151957885302,0.022931901664884853,0.06175746145451733,23
1,NEUTRO,53,F3_Beta,bandpower,F3,Beta,,frontal_bilateral,0.031134653764003706,0.07333224325742213,0.025114677548479764,0.06342101463391138,23
1,NEUTRO,54,Fp2_Alpha,bandpower,Fp2,Alpha,,frontal_bilateral,0.012379805827707502,0.029771614194995973,0.007563050607499615,0.022369158719063604,23
1,NEUTRO,55,Fp2_Beta,bandpower,Fp2,Beta,,frontal_bilateral,0.09090553638755758,0.17472466350240456,0.0726099978139509,0.17818460882241596,23
1,NEUTRO,56,F7_Alpha,bandpower,F7,Alpha,,frontal_inferior_left,0.014874726621489243,0.03954781892424659,-0.0011618952908853844,0.005163921732939812,23
1,NEUTRO,57,F7_Beta,bandpower,F7,Beta,,frontal_inferior_left,0.053026361825273614,0.13985271282263775,0.04140658588246376,0.1349520399932137,23
1,NEUTRO,58,Fp1_Alpha,bandpower,Fp1,Alpha,,frontal_bilateral,0.029786426704349552,0.06513504332177353,0.014296495687143449,0.034187158388055666,23
1,NEUTRO,59,Fp1_Beta,bandpower,Fp1,Beta,,frontal_bilateral,0.08546010574737928,0.1461034766255419,0.062495178982470055,0.13908745910655862,23
1,NEUTRO,60,PO5_Alpha,bandpower,PO5,Alpha,,other,0.02000199416333063,0.0545547794547531,0.0155482144334674,0.0479252220538457,23
1,NEUTRO,61,PO5_Beta,bandpower,PO5,Beta,,other,0.03704079180445504,0.085736444646273,0.02455319571950111,0.060537699576462586,23
1,NEUTRO,62,PO3_Alpha,bandpower,PO3,Alpha,,occipital,0.002128870312638137,0.00678891643322729,0.0010997480872999667,0.004044591770862676,23
1,NEUTRO,63,PO3_Beta,bandpower,PO3,Beta,,occipital,0.009690446720496513,0.02494596134718648,-0.0019420439582137003,0.005490362880842616,23
1,NEUTRO,64,P1_Alpha,bandpower,P1,Alpha,,other,0.024648743791137993,0.08652947125143393,0.0007022276965919762,0.013919688147469234,23
1,NEUTRO,65,P1_Beta,bandpower,P1,Beta,,other,0.06630640781548822,0.12225016501536569,0.03498688051552873,0.08641697788135455,23
1,NEUTRO,66,POz_Alpha,bandpower,POz,Alpha,,occipital,0.011290639497755613,0.029118104568105062,3.224560894618577e-05,0.011354729264226175,23
1,NEUTRO,67,POz_Beta,bandpower,POz,Beta,,occipital,0.011509830541178987,0.047313755121906116,0.0072952674885466175,0.03147899146693068,23
1,NEUTRO,68,P2_Alpha,bandpower,P2,Alpha,,other,0.0035259544916586643,0.012108028823368545,-0.00076834278692605,0.0028402129104718953,23
1,NEUTRO,69,P2_Beta,bandpower,P2,Beta,,other,0.005229709686359588,0.016912568628223906,0.0009560503866699664,0.0039392567908922045,23
1,NEUTRO,70,PO4_Alpha,bandpower,PO4,Alpha,,occipital,0.0046323452780707205,0.022215947511440386,0.0011139101764432529,0.005342125538325386,23
1,NEUTRO,71,PO4_Beta,bandpower,PO4,Beta,,occipital,0.03922787264778493,0.12551219422515014,0.028180688913411734,0.08831043661080254,23
1,NEUTRO,72,CP2_Alpha,bandpower,CP2,Alpha,,other,0.026307701980716813,0.09204744685504501,0.012360925176887338,0.07314148546835658,23
1,NEUTRO,73,CP2_Beta,bandpower,CP2,Beta,,other,0.06477357414854476,0.17818302587642926,0.025229751274202832,0.17028286092726808,23
1,NEUTRO,74,P6_Alpha,bandpower,P6,Alpha,,temporal_right,0.011132776470614903,0.028346038248390784,0.0016643902890090367,0.012969960909389988,23
1,NEUTRO,75,P6_Beta,bandpower,P6,Beta,,temporal_right,0.007395731002585784,0.02195364543144528,0.00457900250712324,0.013504716104353397,23
1,NEUTRO,76,PO6_Alpha,bandpower,PO6,Alpha,,other,0.004545213197218667,0.01562977390401523,-0.00036123028520971683,0.005519158175987511,23
1,NEUTRO,77,PO6_Beta,bandpower,PO6,Beta,,other,0.0228026444439049,0.058088342557842294,0.012891541030195797,0.03543220920378216,23
1,NEUTRO,78,CP6_Alpha,bandpower,CP6,Alpha,,temporal_right,0.0037356759804899027,0.017903446167727873,1.8312019624232042e-05,8.210737394065105e-05,23
1,NEUTRO,79,CP6_Beta,bandpower,CP6,Beta,,temporal_right,0.007754865435603597,0.024345727666345265,0.0039847614665144086,0.012548206027513217,23
1,NEUTRO,80,C6_Alpha,bandpower,C6,Alpha,,temporal_right,0.007195700180081698,0.02654386957136497,0.005664052433020558,0.026008181836258786,23
1,NEUTRO,81,C6_Beta,bandpower,C6,Beta,,temporal_right,0.0353051920253708,0.06461356030220265,0.005309794274813927,0.03148769037450774,23
1,NEUTRO,82,PO8_Alpha,bandpower,PO8,Alpha,,occipital,0.029202843770566908,0.08443030184036264,0.022558183629846074,0.06981880544628905,23
1,NEUTRO,83,PO8_Beta,bandpower,PO8,Beta,,occipital,0.013352652829383064,0.031759385397770894,0.006693492816101158,0.019950525890303435,23
1,NEUTRO,84,PO7_Alpha,bandpower,PO7,Alpha,,occipital,0.012783566643475663,0.03081305906475715,0.00732985462452364,0.028162313759740033,23
1,NEUTRO,85,PO7_Beta,bandpower,PO7,Beta,,occipital,0.06316585623616952,0.17137071413836652,0.032714552202767574,0.09794093032220609,23
1,NEUTRO,86,P5_Alpha,bandpower,P5,Alpha,,temporal_left,0.006651759615222485,0.024255992187425586,0.005627415731831988,0.023174649477167207,23
1,NEUTRO,87,P5_Beta,bandpower,P5,Beta,,temporal_left,0.021906544217929903,0.05538943222025526,0.013395262751029363,0.05230863774982733,23
1,NEUTRO,88,CP5_Alpha,bandpower,CP5,Alpha,,temporal_left,0.013002233216663765,0.034843612138801064,0.0003780013502175189,0.004037701242137409,23
1,NEUTRO,89,CP5_Beta,bandpower,CP5,Beta,,temporal_left,0.03691848076719709,0.08326701317906478,0.012241152591813525,0.049089080519986866,23
1,NEUTRO,90,CP1_Alpha,bandpower,CP1,Alpha,,other,0.0044887029973610035,0.021527063333532187,0.002923810466201532,0.014022102402000965,23
1,NEUTRO,91,CP1_Beta,bandpower,CP1,Beta,,other,0.017328134819686026,0.04785979562307336,0.013468231690110606,0.04037447753735266,23
1,NEUTRO,92,C1_Alpha,bandpower,C1,Alpha,,other,0.008118495368523448,0.026017264751455344,0.004294126826460068,0.014643190765922793,23
1,NEUTRO,93,C1_Beta,bandpower,C1,Beta,,other,0.029090347157041434,0.055394272916002296,0.010875785710353915,0.02870410376614615,23
1,NEUTRO,94,C2_Alpha,bandpower,C2,Alpha,,other,0.01228231920355904,0.041962636999374345,0.00682215204376243,0.027513853567489054,23
1,NEUTRO,95,C2_Beta,bandpower,C2,Beta,,other,0.03083365762835318,0.0634162410322698,0.012057419080799629,0.03420946870595348,23
1,NEUTRO,96,FC2_Alpha,bandpower,FC2,Alpha,,other,0.004767302746573894,0.011742092841825752,0.0001330991097567592,0.0034183019467720474,23
1,NEUTRO,97,FC2_Beta,bandpower,FC2,Beta,,other,0.026030140253413006,0.05879757220804412,0.014918373354188974,0.036893508585347935,23
1,NEUTRO,98,FC6_Alpha,bandpower,FC6,Alpha,,other,0.0008677823319447328,0.003534012648808161,-0.0003950157060716405,0.002152815756211398,23
1,NEUTRO,99,FC6_Beta,bandpower,FC6,Beta,,other,0.012688569572326702,0.03760756551276772,0.006946515152648475,0.024733429850021412,23
1,NEUTRO,100,C5_Alpha,bandpower,C5,Alpha,,temporal_left,0.020009018140379146,0.058866379133320934,0.007606042336672993,0.03380663390146111,23
1,NEUTRO,101,C5_Beta,bandpower,C5,Beta,,temporal_left,0.06552928176813086,0.16116051777818802,0.04479309982228519,0.12243847155534839,23
1,NEUTRO,102,FC1_Alpha,bandpower,FC1,Alpha,,other,0.006610253592876626,0.02081545502262492,0.0033984906176962176,0.012306599189951077,23
1,NEUTRO,103,FC1_Beta,bandpower,FC1,Beta,,other,0.007798133472159997,0.01890589026899667,0.004204696389855484,0.012546371922059452,23
1,NEUTRO,104,F2_Alpha,bandpower,F2,Alpha,,frontal_bilateral,0.025782690146400705,0.07798830705971477,0.0219246189703794,0.07696831986050508,23
1,NEUTRO,105,F2_Beta,bandpower,F2,Beta,,frontal_bilateral,0.04413205915346472,0.13770846809791443,0.03448125163500602,0.13511918730018851,23
1,NEUTRO,106,F6_Alpha,bandpower,F6,Alpha,,other,0.005658277400037848,0.0192641873711421,0.000907488477561903,0.005649883240060912,23
1,NEUTRO,107,F6_Beta,bandpower,F6,Beta,,other,0.05505687874466009,0.13907000477250173,0.044140243284587315,0.12151187030135514,23
1,NEUTRO,108,FC5_Alpha,bandpower,FC5,Alpha,,frontal_inferior_left,0.03143801127319943,0.08687590316219929,0.020055692877349502,0.08444943697696466,23
1,NEUTRO,109,FC5_Beta,bandpower,FC5,Beta,,frontal_inferior_left,0.07606128807689752,0.1688484191530109,0.0646748284116303,0.16995887091823186,23
1,NEUTRO,110,F1_Alpha,bandpower,F1,Alpha,,frontal_bilateral,0.009022840575046256,0.03488742096965272,0.009003467323927357,0.03486686428095943,23
1,NEUTRO,111,F1_Beta,bandpower,F1,Beta,,frontal_bilateral,0.018435271789780855,0.04744391633486036,0.010926787288017364,0.025718563655307294,23
1,NEUTRO,112,AF4_Alpha,bandpower,AF4,Alpha,,frontal_bilateral,0.022772238061249336,0.05192532465044254,0.001953157196007366,0.014303807039012604,23
1,NEUTRO,113,AF4_Beta,bandpower,AF4,Beta,,frontal_bilateral,0.05207319677623959,0.1274276834848393,0.04491396589396938,0.12692861040959955,23
1,NEUTRO,114,AF8_Alpha,bandpower,AF8,Alpha,,frontal_bilateral,0.04335593510633431,0.11155440045959561,0.02825655197402477,0.09213983092237937,23
1,NEUTRO,115,AF8_Beta,bandpower,AF8,Beta,,frontal_bilateral,0.11306904738999321,0.37908111608845485,0.09709457239611999,0.3805184769445904,23
1,NEUTRO,116,F5_Alpha,bandpower,F5,Alpha,,frontal_inferior_left,0.01838922710975312,0.05756677056881713,0.011073304358294787,0.052847057773570315,23
1,NEUTRO,117,F5_Beta,bandpower,F5,Beta,,frontal_inferior_left,0.11279636598669893,0.26487304854609856,0.10310092645417059,0.2509794854191143,23
1,NEUTRO,118,AF7_Alpha,bandpower,AF7,Alpha,,frontal_bilateral,0.00840264069031363,0.02157897520418848,0.005271915538907404,0.01904752515082466,23
1,NEUTRO,119,AF7_Beta,bandpower,AF7,Beta,,frontal_bilateral,0.09487224528234899,0.1915505438997466,0.06785456312384391,0.17035757256375503,23
1,NEUTRO,120,AF3_Alpha,bandpower,AF3,Alpha,,frontal_bilateral,0.007233405803642436,0.02816309296218696,0.005002544064935282,0.02048915387235824,23
1,NEUTRO,121,AF3_Beta,bandpower,AF3,Beta,,frontal_bilateral,0.06068659082630913,0.23398814888575092,0.05166023468871171,0.21238544197999473,23
1,NEUTRO,122,Fpz_Alpha,bandpower,Fpz,Alpha,,frontal_bilateral,0.028628409384832798,0.08787439532408575,0.01932129140117701,0.07298991369590102,23
1,NEUTRO,123,Fpz_Beta,bandpower,Fpz,Beta,,frontal_bilateral,0.14454528042748244,0.27400547487052623,0.12714327988767507,0.2665937304526798,23
1,NEUTRO,124,AlphaAsym_Fp2-Fp1,AlphaAsym,,,Fp2-Fp1,,0.017857622962101753,0.0778785747473137,0.011428114563572548,0.059497925863499855,23
1,NEUTRO,125,AlphaAsym_AF8-AF7,AlphaAsym,,,AF8-AF7,,0.058749685367947224,0.14881703387345616,0.040977630498201315,0.14501332794781582,23
1,NEUTRO,126,AlphaAsym_AF4-AF3,AlphaAsym,,,AF4-AF3,,0.021611472174393805,0.04624156745007418,0.010183684939302613,0.03249418688454149,23
1,NEUTRO,127,AlphaAsym_F8-F7,AlphaAsym,,,F8-F7,,0.00990623142563463,0.01871436861892925,0.0040543349224382175,0.011987881743807391,23
1,NEUTRO,128,AlphaAsym_F6-F5,AlphaAsym,,,F6-F5,,0.0232160561232582,0.04511139244097425,0.005539713426047242,0.02486315284957216,23
1,NEUTRO,129,AlphaAsym_F4-F3,AlphaAsym,,,F4-F3,,0.013596022097786072,0.05775774118932708,0.008937959623883796,0.039704567529135856,23
1,NEUTRO,130,AlphaAsym_F2-F1,AlphaAsym,,,F2-F1,,0.027020776512818968,0.12693961017904634,0.024668816388493452,0.1193655240551958,23
1,NEUTRO,131,AlphaAsym_FC6-FC5,AlphaAsym,,,FC6-FC5,,0.022022190244897998,0.03646396466202966,0.005431382301182322,0.02677709026021344,23
1,NEUTRO,132,AlphaAsym_FC4-FC3,AlphaAsym,,,FC4-FC3,,0.08349407163871236,0.22002660471203378,0.07017142500053782,0.2144081075183033,23
1,NEUTRO,133,AlphaAsym_FC2-FC1,AlphaAsym,,,FC2-FC1,,0.018026854288145107,0.042293443618524516,0.00594488629083933,0.020121114260909033,23
1,NEUTRO,134,AlphaAsym_T8-T7,AlphaAsym,,,T8-T7,,0.0016220051760688844,0.003836767569853134,0.000612252994637663,0.0016732995906208234,23
1,NEUTRO,135,AlphaAsym_C6-C5,AlphaAsym,,,C6-C5,,0.02625190705315919,0.08539402006979022,0.007116845047554422,0.026430293227347964,23
1,NEUTRO,136,AlphaAsym_C4-C3,AlphaAsym,,,C4-C3,,0.0065582111132982245,0.022242642700256925,-0.002595191028508736,0.012262232264788975,23
1,NEUTRO,137,AlphaAsym_C2-C1,AlphaAsym,,,C2-C1,,0.011589900606047919,0.03519370887951185,0.005182584003057746,0.027986948861367506,23
1,NEUTRO,138,AlphaAsym_TP8-TP7,AlphaAsym,,,TP8-TP7,,0.03810134673581588,0.09325076493116448,0.025043857477190005,0.07921449800461032,23
1,NEUTRO,139,AlphaAsym_CP6-CP5,AlphaAsym,,,CP6-CP5,,0.017306231834882807,0.033871936300626404,0.007086728030112181,0.01980805965449111,23
1,NEUTRO,140,AlphaAsym_CP4-CP3,AlphaAsym,,,CP4-CP3,,0.005863223036685747,0.015713051239324885,0.0026331699074480393,0.007249956673400699,23
1,NEUTRO,141,AlphaAsym_CP2-CP1,AlphaAsym,,,CP2-CP1,,0.024202912949063154,0.05435704761521907,0.013682614843989227,0.041580865071969446,23
1,NEUTRO,142,AlphaAsym_P8-P7,AlphaAsym,,,P8-P7,,0.017127906644365025,0.03418374589105265,0.00802218970258905,0.021680607219149967,23
1,NEUTRO,143,AlphaAsym_P6-P5,AlphaAsym,,,P6-P5,,0.0047225486722546,0.012624603493847343,0.001426114342087394,0.005840412440973084,23
1,NEUTRO,144,AlphaAsym_P4-P3,AlphaAsym,,,P4-P3,,0.0025443823056434285,0.007595280736605243,0.0011487343253710365,0.005942192389974559,23
1,NEUTRO,145,AlphaAsym_P2-P1,AlphaAsym,,,P2-P1,,0.007829276113834889,0.02003361776830454,0.0018145819636188037,0.005727260065260552,23
1,NEUTRO,146,AlphaAsym_PO8-PO7,AlphaAsym,,,PO8-PO7,,0.01136849368950497,0.03732688817317181,0.002303086276606035,0.010411156893434359,23
1,NEUTRO,147,AlphaAsym_PO6-PO5,AlphaAsym,,,PO6-PO5,,0.014471110832495564,0.050449212870670765,0.010532547836996994,0.03838481804375743,23
1,NEUTRO,148,AlphaAsym_PO4-PO3,AlphaAsym,,,PO4-PO3,,0.026920210284506627,0.08240693858333847,0.015132855055314684,0.046219685597258225,23
1,NEUTRO,149,AlphaAsym_O2-O1,AlphaAsym,,,O2-O1,,0.012147327733687503,0.04219024034082953,0.007724910408324646,0.027813028721033414,23
2,SAD,0,O2_Alpha,bandpower,O2,Alpha,,occipital,0.018322775921889026,0.07159818840204946,0.01030698205662625,0.04228578832678317,23
2,SAD,1,O2_Beta,bandpower,O2,Beta,,occipital,0.08040583036276402,0.2349757973450563,0.06141153885790405,0.2027164713870796,23
2,SAD,2,O1_Alpha,bandpower,O1,Alpha,,occipital,0.030824883881253644,0.07618194552276285,0.01849080207326623,0.059086213231893274,23
2,SAD,3,O1_Beta,bandpower,O1,Beta,,occipital,0.10613237284748879,0.2879146345853211,0.08131823129323601,0.22774007535398172,23
2,SAD,4,Oz_Alpha,bandpower,Oz,Alpha,,occipital,0.015943977694143865,0.0592098252667981,0.007154247425085244,0.024990631436129503,23
2,SAD,5,Oz_Beta,bandpower,Oz,Beta,,occipital,0.023312808302509286,0.05812544333553692,0.009889478462015308,0.046503747646637526,23
2,SAD,6,Pz_Alpha,bandpower,Pz,Alpha,,parietal_midline,0.0023690615977778324,0.005676905808279588,-0.0007614567667528552,0.0030732933554956966,23
2,SAD,7,Pz_Beta,bandpower,Pz,Beta,,parietal_midline,0.006951662936177151,0.016780677970417816,0.0016777482607363981,0.014240110091960557,23
2,SAD,8,P4_Alpha,bandpower,P4,Alpha,,other,0.0129974607441823,0.058706960279791574,0.01126845593462638,0.05120582540174195,23
2,SAD,9,P4_Beta,bandpower,P4,Beta,,other,0.012119278538042715,0.055353018147207576,0.011652892792124591,0.05340224497305619,23
2,SAD,10,CP4_Alpha,bandpower,CP4,Alpha,,temporal_right,0.01578438356693602,0.0595852338320364,0.014589672637406589,0.058766186168633945,23
2,SAD,11,CP4_Beta,bandpower,CP4,Beta,,temporal_right,0.026396200230601616,0.09121405567233619,0.025604788809989974,0.09114609911938076,23
2,SAD,12,P8_Alpha,bandpower,P8,Alpha,,temporal_right,0.008560605688053051,0.031571461838023646,0.0032332852329013165,0.011125599630904818,23
2,SAD,13,P8_Beta,bandpower,P8,Beta,,temporal_right,0.015422021724735238,0.05805574115877092,-0.0025229518195340177,0.008470817930455156,23
2,SAD,14,C4_Alpha,bandpower,C4,Alpha,,other,0.020880989625400588,0.03917206673288224,0.004644317656694122,0.03039213718729576,23
2,SAD,15,C4_Beta,bandpower,C4,Beta,,other,0.03847329286689807,0.0787272371267703,0.02138931833211108,0.061918953678295634,23
2,SAD,16,TP8_Alpha,bandpower,TP8,Alpha,,temporal_right,0.0040042775120925364,0.01905894667537413,0.0008661714492892568,0.004121377292209174,23
2,SAD,17,TP8_Beta,bandpower,TP8,Beta,,temporal_right,0.015429223599621176,0.03480782453710092,0.013357938180218156,0.03278852256332134,23
2,SAD,18,T8_Alpha,bandpower,T8,Alpha,,temporal_right,0.00639929155171945,0.013398725152383835,0.0005795528771558821,0.004880807919096134,23
2,SAD,19,T8_Beta,bandpower,T8,Beta,,temporal_right,0.03930604613246758,0.09149669544673708,0.03164532821950268,0.07723137159297175,23
2,SAD,20,P7_Alpha,bandpower,P7,Alpha,,temporal_left,0.0017808142441007994,0.004691605244866953,0.0009483191507811878,0.0030540409563747702,23
2,SAD,21,P7_Beta,bandpower,P7,Beta,,temporal_left,0.03160188297913468,0.08193542994793294,0.010343457118946247,0.056192355397384,23
2,SAD,22,P3_Alpha,bandpower,P3,Alpha,,centro_parietal_left,0.02510809510134545,0.046082671046297936,0.014097752652282736,0.035590541643772275,23
2,SAD,23,P3_Beta,bandpower,P3,Beta,,centro_parietal_left,0.01881870074038596,0.04154433237675212,0.009252206545877937,0.03354603582438811,23
2,SAD,24,CP3_Alpha,bandpower,CP3,Alpha,,temporal_left,0.020629815561347867,0.0466520386617584,0.015367584730378957,0.03686825836673006,23
2,SAD,25,CP3_Beta,bandpower,CP3,Beta,,temporal_left,0.04961608187712856,0.13593697975580762,0.045227015626732425,0.12686929370689215,23
2,SAD,26,CPz_Alpha,bandpower,CPz,Alpha,,parietal_midline,0.02073309222959993,0.08198210758009196,0.0087464068514683,0.03951455390759947,23
2,SAD,27,CPz_Beta,bandpower,CPz,Beta,,parietal_midline,0.021172464532353635,0.07560698924401858,0.005130415267543204,0.03830411502166032,23
2,SAD,28,Cz_Alpha,bandpower,Cz,Alpha,,parietal_midline,0.015022916484164988,0.041595398334983,0.001214943517689366,0.013106303229980198,23
2,SAD,29,Cz_Beta,bandpower,Cz,Beta,,parietal_midline,0.04671734451005354,0.13133750685095016,0.014189055403937154,0.09034408446863217,23
2,SAD,30,FC4_Alpha,bandpower,FC4,Alpha,,frontal_bilateral,0.026010555521469865,0.05077819356598716,0.011370185825383473,0.03285067226012569,23
2,SAD,31,FC4_Beta,bandpower,FC4,Beta,,frontal_bilateral,0.07568517170009849,0.17193354473750042,0.05662356069075148,0.1600662313456161,23
2,SAD,32,FT8_Alpha,bandpower,FT8,Alpha,,temporal_right,0.04512685327766364,0.15808732365389375,0.03897698121053179,0.15827965777087818,23
2,SAD,33,FT8_Beta,bandpower,FT8,Beta,,temporal_right,0.1349137871945433,0.23913898906302328,0.10294449787862671,0.23687539246777092,23
2,SAD,34,TP7_Alpha,bandpower,TP7,Alpha,,temporal_left,0.01572138511591926,0.04434251174495229,0.005851875671934093,0.019873595499913427,23
2,SAD,35,TP7_Beta,bandpower,TP7,Beta,,temporal_left,0.048098072291232974,0.14796288328002988,0.015967194410289754,0.03649561838278396,23
2,SAD,36,C3_Alpha,bandpower,C3,Alpha,,centro_parietal_left,0.005699327689516729,0.017660774817836764,0.0018237395926711,0.012071710942469149,23
2,SAD,37,C3_Beta,bandpower,C3,Beta,,centro_parietal_left,0.016082313945972173,0.03184185397787312,0.005451778338542835,0.019374041310930328,23
2,SAD,38,FCz_Alpha,bandpower,FCz,Alpha,,frontal_bilateral,0.051954825154835946,0.14342922304429065,0.031095298310316877,0.1203458488217497,23
2,SAD,39,FCz_Beta,bandpower,FCz,Beta,,frontal_bilateral,0.0466067969317052,0.12501175928080108,0.028953598568958606,0.11913628938557963,23
2,SAD,40,Fz_Alpha,bandpower,Fz,Alpha,,frontal_bilateral,0.015194909234106766,0.04797135556889855,0.00587143811308107,0.021083803799886287,23
2,SAD,41,Fz_Beta,bandpower,Fz,Beta,,frontal_bilateral,0.01681014853238407,0.08035942107020187,0.013013719263084226,0.062489006040782384,23
2,SAD,42,F4_Alpha,bandpower,F4,Alpha,,frontal_bilateral,0.0054357494535182535,0.01639338553754978,0.0023355471138343594,0.014093907223596748,23
2,SAD,43,F4_Beta,bandpower,F4,Beta,,frontal_bilateral,0.0344087899083406,0.05542248098266792,0.016370957955968227,0.039456196304355456,23
2,SAD,44,F8_Alpha,bandpower,F8,Alpha,,other,0.015741648947556558,0.06369664506838582,0.010466825180329797,0.05378140079487234,23
2,SAD,45,F8_Beta,bandpower,F8,Beta,,other,0.04178652372627778,0.09718633991981288,0.02194242572040858,0.06755881317517089,23
2,SAD,46,T7_Alpha,bandpower,T7,Alpha,,temporal_left,0.015101069433264183,0.043316816281555356,0.012605419367674134,0.03774235866124418,23
2,SAD,47,T7_Beta,bandpower,T7,Beta,,temporal_left,0.09471031889562216,0.22026331110108596,0.06853168513466508,0.1420433862773825,23
2,SAD,48,FT7_Alpha,bandpower,FT7,Alpha,,temporal_left,0.02446631406550548,0.06273435779594322,0.017356218992525388,0.05665713841978843,23
2,SAD,49,FT7_Beta,bandpower,FT7,Beta,,temporal_left,0.03425785682882694,0.0749694145348215,0.025721822689844943,0.06004935857840711,23
2,SAD,50,FC3_Alpha,bandpower,FC3,Alpha,,frontal_bilateral,0.011986230983939337,0.028478674600761186,-0.0005700698654807159,0.013234549957537247,23
2,SAD,51,FC3_Beta,bandpower,FC3,Beta,,frontal_bilateral,0.038195861095399214,0.08211876950903733,0.019213107003773107,0.05862489179745383,23
2,SAD,52,F3_Alpha,bandpower,F3,Alpha,,frontal_bilateral,0.007545976973803868,0.0355312124684695,0.0069886419150480645,0.03328190871400652,23
2,SAD,53,F3_Beta,bandpower,F3,Beta,,frontal_bilateral,0.003520385469492696,0.00933887638766442,0.0030925158732836916,0.008889331785634232,23
2,SAD,54,Fp2_Alpha,bandpower,Fp2,Alpha,,frontal_bilateral,0.011200134863089923,0.02927063147962509,0.005250450406153574,0.015467135190105117,23
2,SAD,55,Fp2_Beta,bandpower,Fp2,Beta,,frontal_bilateral,0.1289976863998653,0.2218574126742834,0.10305102324803316,0.20396993656738707,23
2,SAD,56,F7_Alpha,bandpower,F7,Alpha,,frontal_inferior_left,0.062309587383903485,0.14164973650781948,0.03581324565607049,0.09659234610082239,23
2,SAD,57,F7_Beta,bandpower,F7,Beta,,frontal_inferior_left,0.04515221824831619,0.11331956606431026,0.03890714132459657,0.10773104921003508,23
2,SAD,58,Fp1_Alpha,bandpower,Fp1,Alpha,,frontal_bilateral,0.07048537906094707,0.21411655231261104,0.068543783685645,0.21142175030003296,23
2,SAD,59,Fp1_Beta,bandpower,Fp1,Beta,,frontal_bilateral,0.0784390640473276,0.14664044602050308,0.06017806124674105,0.13798157752528825,23
2,SAD,60,PO5_Alpha,bandpower,PO5,Alpha,,other,0.051808133763970955,0.17585174138311824,0.042705214631927536,0.17581161337807022,23
2,SAD,61,PO5_Beta,bandpower,PO5,Beta,,other,0.08794606917568372,0.22139905871404233,0.06650500142783725,0.20080662291379056,23
2,SAD,62,PO3_Alpha,bandpower,PO3,Alpha,,occipital,0.017493858921553387,0.05379156378118075,0.014415188900988085,0.05018569973728133,23
2,SAD,63,PO3_Beta,bandpower,PO3,Beta,,occipital,0.09827129975431646,0.1972743366735597,0.06607114562280261,0.1775909505578993,23
2,SAD,64,P1_Alpha,bandpower,P1,Alpha,,other,0.01592325566619599,0.03892603628604977,0.006090829600330533,0.02448393491220425,23
2,SAD,65,P1_Beta,bandpower,P1,Beta,,other,0.03537046959300231,0.07145360889133903,0.018604818207582523,0.040481916250885944,23
2,SAD,66,POz_Alpha,bandpower,POz,Alpha,,occipital,0.020142513411391002,0.05726127706233216,0.004581019168305618,0.02549521824225975,23
2,SAD,67,POz_Beta,bandpower,POz,Beta,,occipital,0.045456259745315586,0.10547873758561582,0.029650997150214492,0.08843709314157674,23
2,SAD,68,P2_Alpha,bandpower,P2,Alpha,,other,0.010605758363262902,0.04472236547165819,0.00943198688141829,0.04297616267106097,23
2,SAD,69,P2_Beta,bandpower,P2,Beta,,other,0.008445991827899717,0.01902314817572617,0.0051000272451904,0.017149112731859283,23
2,SAD,70,PO4_Alpha,bandpower,PO4,Alpha,,occipital,0.009084832695321775,0.029529283920236744,0.007351144473300847,0.02449664011178105,23
2,SAD,71,PO4_Beta,bandpower,PO4,Beta,,occipital,0.023944383530890862,0.04727352405990736,0.002458531734324192,0.03363273666163396,23
2,SAD,72,CP2_Alpha,bandpower,CP2,Alpha,,other,0.018656609768182487,0.03744134055908895,0.006939418548415085,0.017105296849577453,23
2,SAD,73,CP2_Beta,bandpower,CP2,Beta,,other,0.08339313087158796,0.18333968090451197,0.061323993270936426,0.17501521797166117,23
2,SAD,74,P6_Alpha,bandpower,P6,Alpha,,temporal_right,0.00787592694610101,0.02350354074185309,0.0024354944264033435,0.0090234157325873,23
2,SAD,75,P6_Beta,bandpower,P6,Beta,,temporal_right,0.004352084499341528,0.013259438013570468,0.0011603638407082018,0.010471267451691038,23
2,SAD,76,PO6_Alpha,bandpower,PO6,Alpha,,other,0.0014833458243742308,0.004130242386415336,0.0003194400243307392,0.0027990195930505924,23
2,SAD,77,PO6_Beta,bandpower,PO6,Beta,,other,0.011602823922718294,0.043019538343054047,0.010158465279207796,0.036352148154415405,23
2,SAD,78,CP6_Alpha,bandpower,CP6,Alpha,,temporal_right,0.02765034218926326,0.08417603837921667,-0.007972085361748468,0.05309098146233779,23
2,SAD,79,CP6_Beta,bandpower,CP6,Beta,,temporal_right,0.04817008921869825,0.13327924639037453,0.01469310380048818,0.11525433562912417,23
2,SAD,80,C6_Alpha,bandpower,C6,Alpha,,temporal_right,0.017035552256264585,0.046039127178027474,0.010979035766679955,0.032830355527636974,23
2,SAD,81,C6_Beta,bandpower,C6,Beta,,temporal_right,0.11878823928409946,0.2486123192429496,0.10363633025270513,0.24446547230085736,23
2,SAD,82,PO8_Alpha,bandpower,PO8,Alpha,,occipital,0.018281622068609178,0.06352206569983744,0.01290452190961634,0.055220466173195974,23
2,SAD,83,PO8_Beta,bandpower,PO8,Beta,,occipital,0.010090467293324988,0.025350595266340124,0.008700931180456528,0.024313913396863417,23
2,SAD,84,PO7_Alpha,bandpower,PO7,Alpha,,occipital,0.019567406702134714,0.03455032215854732,0.013812807428209894,0.030768187944041903,23
2,SAD,85,PO7_Beta,bandpower,PO7,Beta,,occipital,0.10239692299352615,0.17037243928992085,0.07811540739215596,0.1459636663872427,23
2,SAD,86,P5_Alpha,bandpower,P5,Alpha,,temporal_left,0.0015787561317054805,0.004744888020189826,0.0013894769501053474,0.004290529887839332,23
2,SAD,87,P5_Beta,bandpower,P5,Beta,,temporal_left,0.00918859907340192,0.027001926514994994,0.0019761846034959886,0.013220674681069413,23
2,SAD,88,CP5_Alpha,bandpower,CP5,Alpha,,temporal_left,0.01571487907434626,0.05299090019887644,-0.0007975597145229586,0.012350566611197395,23
2,SAD,89,CP5_Beta,bandpower,CP5,Beta,,temporal_left,0.019521787230848697,0.03861485538228136,0.004478802458837853,0.03001199915417083,23
2,SAD,90,CP1_Alpha,bandpower,CP1,Alpha,,other,0.011158327762147029,0.042629321702476616,0.0022945716539595692,0.007266863068100843,23
2,SAD,91,CP1_Beta,bandpower,CP1,Beta,,other,0.01918832903598582,0.04817195146299445,0.012216702623633004,0.040328680502632226,23
2,SAD,92,C1_Alpha,bandpower,C1,Alpha,,other,0.008505979362011102,0.02511630662033656,-0.0015446529481036677,0.005512390475547117,23
2,SAD,93,C1_Beta,bandpower,C1,Beta,,other,0.013171227898577782,0.04918360002353617,0.011299638203951993,0.04935526293264788,23
2,SAD,94,C2_Alpha,bandpower,C2,Alpha,,other,0.0004700845179363335,0.0015959111183438087,0.0002493796901166365,0.0008126301111916424,23
2,SAD,95,C2_Beta,bandpower,C2,Beta,,other,0.012311727072331162,0.034240488940020186,0.005250631025186516,0.03142397540111811,23
2,SAD,96,FC2_Alpha,bandpower,FC2,Alpha,,other,0.02087639838249954,0.07599897750119457,0.007323565434025193,0.021027613450727838,23
2,SAD,97,FC2_Beta,bandpower,FC2,Beta,,other,0.01655450327780791,0.05313095143818382,0.001448018023097305,0.01742114543598992,23
2,SAD,98,FC6_Alpha,bandpower,FC6,Alpha,,other,0.014788229911926347,0.04083703117471055,0.012427743399405795,0.03751525936769142,23
2,SAD,99,FC6_Beta,bandpower,FC6,Beta,,other,0.011230831397165164,0.021136596876548064,0.004720101405581873,0.015077809308092651,23
2,SAD,100,C5_Alpha,bandpower,C5,Alpha,,temporal_left,0.022581863340748524,0.0671202538057097,0.014102678360688384,0.06528795532709628,23
2,SAD,101,C5_Beta,bandpower,C5,Beta,,temporal_left,0.06837533240650569,0.1978722070278622,0.05789807860101296,0.1944800827038352,23
2,SAD,102,FC1_Alpha,bandpower,FC1,Alpha,,other,0.008570534638570469,0.026757900832779326,0.0020761285669368213,0.01020029457477352,23
2,SAD,103,FC1_Beta,bandpower,FC1,Beta,,other,0.008636621888193544,0.025058075368600916,0.002281649158545078,0.022187158469992883,23
2,SAD,104,F2_Alpha,bandpower,F2,Alpha,,frontal_bilateral,0.01560544941863325,0.04431262439714616,0.012060528375401816,0.0375959867452617,23
2,SAD,105,F2_Beta,bandpower,F2,Beta,,frontal_bilateral,0.0532607761857685,0.15379305253023784,0.03973867739659944,0.14849232067463825,23
2,SAD,106,F6_Alpha,bandpower,F6,Alpha,,other,0.004078247779149455,0.017097664267513937,0.0038378141894797263,0.017092168232018826,23
2,SAD,107,F6_Beta,bandpower,F6,Beta,,other,0.10509419249537257,0.21824379106909453,0.07537331509948919,0.16374661468192925,23
2,SAD,108,FC5_Alpha,bandpower,FC5,Alpha,,frontal_inferior_left,0.035514569965270054,0.10544609682025338,0.03333482819800364,0.10273221411523371,23
2,SAD,109,FC5_Beta,bandpower,FC5,Beta,,frontal_inferior_left,0.18365000772406379,0.4349753558286544,0.1679826196396476,0.4024417551590237,23
2,SAD,110,F1_Alpha,bandpower,F1,Alpha,,frontal_bilateral,0.005083218096410207,0.022718720541203868,0.004502754427461089,0.020774556902632853,23
2,SAD,111,F1_Beta,bandpower,F1,Beta,,frontal_bilateral,0.012754723098534105,0.03933067868918292,0.0030553031595304337,0.015370978204536319,23
2,SAD,112,AF4_Alpha,bandpower,AF4,Alpha,,frontal_bilateral,0.008608416336854325,0.023372915499670143,-0.0023597121588053356,0.013818954528104863,23
2,SAD,113,AF4_Beta,bandpower,AF4,Beta,,frontal_bilateral,0.0881549569520657,0.1336873111054893,0.024044655288912004,0.10423586815272433,23
2,SAD,114,AF8_Alpha,bandpower,AF8,Alpha,,frontal_bilateral,0.032533001829308315,0.06569642567670891,0.019419093400563442,0.054484614418748994,23
2,SAD,115,AF8_Beta,bandpower,AF8,Beta,,frontal_bilateral,0.13354538189987264,0.28702876447157805,0.12131651975803184,0.2838967077527083,23
2,SAD,116,F5_Alpha,bandpower,F5,Alpha,,frontal_inferior_left,0.03604730397641816,0.10735614000791469,0.018990642720170002,0.058594067791448365,23
2,SAD,117,F5_Beta,bandpower,F5,Beta,,frontal_inferior_left,0.03265111545538122,0.09764598420740114,0.02925000297625076,0.0929372264225478,23
2,SAD,118,AF7_Alpha,bandpower,AF7,Alpha,,frontal_bilateral,0.015697818205664908,0.049703678551359785,0.012474818958040068,0.047423894259951534,23
2,SAD,119,AF7_Beta,bandpower,AF7,Beta,,frontal_bilateral,0.04781116759107415,0.07566095072122886,0.029745022583025103,0.07357639556557828,23
2,SAD,120,AF3_Alpha,bandpower,AF3,Alpha,,frontal_bilateral,0.011561009559434428,0.05461260152017008,0.011006108277998946,0.05256104012589908,23
2,SAD,121,AF3_Beta,bandpower,AF3,Beta,,frontal_bilateral,0.09150853553622362,0.19089466138455924,0.043681553267712836,0.10480392517165314,23
2,SAD,122,Fpz_Alpha,bandpower,Fpz,Alpha,,frontal_bilateral,0.046554820601420584,0.1483655146394064,0.039833901048667124,0.14016433349012877,23
2,SAD,123,Fpz_Beta,bandpower,Fpz,Beta,,frontal_bilateral,0.096393914743449,0.16969101256692873,0.0780204962919942,0.17180563924551892,23
2,SAD,124,AlphaAsym_Fp2-Fp1,AlphaAsym,,,Fp2-Fp1,,0.01181636554336942,0.029051583085506046,0.0041731504993146665,0.018690799616024597,23
2,SAD,125,AlphaAsym_AF8-AF7,AlphaAsym,,,AF8-AF7,,0.04561651589210084,0.15426013287967286,0.037064225625938016,0.13648038402572452,23
2,SAD,126,AlphaAsym_AF4-AF3,AlphaAsym,,,AF4-AF3,,0.02539977823336718,0.06662646196804708,0.014348173898270833,0.036119344711086375,23
2,SAD,127,AlphaAsym_F8-F7,AlphaAsym,,,F8-F7,,0.03600750915257231,0.08522428321095012,0.021444080714141205,0.08121953469511534,23
2,SAD,128,AlphaAsym_F6-F5,AlphaAsym,,,F6-F5,,0.014451927246099503,0.026327111680247053,0.007125810270559135,0.014101215003657103,23
2,SAD,129,AlphaAsym_F4-F3,AlphaAsym,,,F4-F3,,0.034798040848497684,0.10139255298763321,0.026974092647988113,0.0894314591989104,23
2,SAD,130,AlphaAsym_F2-F1,AlphaAsym,,,F2-F1,,0.0031137329862034524,0.01301001467000552,0.0018158855710253103,0.008017382855766463,23
2,SAD,131,AlphaAsym_FC6-FC5,AlphaAsym,,,FC6-FC5,,0.04116061392169553,0.1579231393930971,0.03556682497076373,0.14935369043737676,23
2,SAD,132,AlphaAsym_FC4-FC3,AlphaAsym,,,FC4-FC3,,0.017856123277962325,0.05274958075950908,0.00887509132737925,0.04152320684312175,23
2,SAD,133,AlphaAsym_FC2-FC1,AlphaAsym,,,FC2-FC1,,0.015100380472389633,0.035937182362227905,0.004553679078858117,0.021365097325064482,23
2,SAD,134,AlphaAsym_T8-T7,AlphaAsym,,,T8-T7,,0.005330428231437187,0.020230421582608345,0.000937375588161991,0.006341726336216934,23
2,SAD,135,AlphaAsym_C6-C5,AlphaAsym,,,C6-C5,,0.04489868756016717,0.09180522963949808,0.02633066022557236,0.058257171146579356,23
2,SAD,136,AlphaAsym_C4-C3,AlphaAsym,,,C4-C3,,0.035406470090195256,0.06908075123033394,0.023196114828460748,0.056517928086438254,23
2,SAD,137,AlphaAsym_C2-C1,AlphaAsym,,,C2-C1,,0.016369721178432967,0.039850576690742795,0.008426150199159526,0.031291297170407885,23
2,SAD,138,AlphaAsym_TP8-TP7,AlphaAsym,,,TP8-TP7,,0.024491180352988657,0.10029125248145024,0.010668807713230347,0.06001244773687376,23
2,SAD,139,AlphaAsym_CP6-CP5,AlphaAsym,,,CP6-CP5,,0.045930885100910715,0.11751418047436935,0.032889212287341076,0.0959232676428441,23
2,SAD,140,AlphaAsym_CP4-CP3,AlphaAsym,,,CP4-CP3,,0.047699128058938126,0.17134282498518827,0.03915114478385607,0.16470095199562437,23
2,SAD,141,AlphaAsym_CP2-CP1,AlphaAsym,,,CP2-CP1,,0.03852378261445024,0.0862787725839741,0.027341001926610535,0.06790236691525482,23
2,SAD,142,AlphaAsym_P8-P7,AlphaAsym,,,P8-P7,,0.027331228398128456,0.11108805344837867,0.015971872821019636,0.0678646198841138,23
2,SAD,143,AlphaAsym_P6-P5,AlphaAsym,,,P6-P5,,0.010923444703380967,0.03460949615587511,0.004803919254637607,0.02270167377349322,23
2,SAD,144,AlphaAsym_P4-P3,AlphaAsym,,,P4-P3,,0.0030866965788497657,0.010238778213395191,0.0009011323394688344,0.0037171560742290735,23
2,SAD,145,AlphaAsym_P2-P1,AlphaAsym,,,P2-P1,,0.02677992173899968,0.09641192570829936,0.023258219198519087,0.0944079408888883,23
2,SAD,146,AlphaAsym_PO8-PO7,AlphaAsym,,,PO8-PO7,,0.031266879850219316,0.06623507508684164,0.007373486960371057,0.02978172465577684,23
2,SAD,147,AlphaAsym_PO6-PO5,AlphaAsym,,,PO6-PO5,,0.008726621901609359,0.035528959384239556,0.007881417719845175,0.03367088955967913,23
2,SAD,148,AlphaAsym_PO4-PO3,AlphaAsym,,,PO4-PO3,,0.0028990337368080626,0.012184911421394547,0.0009274119108540689,0.0044675024121750475,23
2,SAD,149,AlphaAsym_O2-O1,AlphaAsym,,,O2-O1,,0.01142716250941215,0.03648897109379199,0.009823570992384562,0.03241282429987947,23
