class_label,condition,channel,band,cluster,mean_abs_shap,mean_signed_shap,n_subjects
0,JOY,O2,Alpha,occipital,0.009638845059298176,0.008796965372698778,23
0,JOY,O2,Beta,occipital,0.03599691275211011,0.019844218877614377,23
0,JOY,O1,Alpha,occipital,0.018302983851464984,0.016668656951144896,23
0,JOY,O1,Beta,occipital,0.08759194815862612,0.06380927358217614,23
0,JOY,Oz,Alpha,occipital,0.033980826909337083,0.024921019519889107,23
0,JOY,Oz,Beta,occipital,0.07745020984149054,0.06633325882085996,23
0,JOY,Pz,Alpha,parietal_midline,0.01025924053784162,0.0053722232001447365,23
0,JOY,Pz,Beta,parietal_midline,0.02878222286939326,0.027651918663124605,23
0,JOY,P4,Alpha,other,0.004302622329261446,0.002325348819932442,23
0,JOY,P4,Beta,other,0.011986405993201622,0.01033078678816164,23
0,JOY,CP4,Alpha,temporal_right,0.006248886404852987,0.005037690620983233,23
0,JOY,CP4,Beta,temporal_right,0.02592426996093833,0.023344310130777236,23
0,JOY,P8,Alpha,temporal_right,0.0021931591027484288,-0.00038708521915481654,23
0,JOY,P8,Beta,temporal_right,0.03518137964308064,0.029594435525771283,23
0,JOY,C4,Alpha,other,0.0026492053339874496,-0.0012337724869761438,23
0,JOY,C4,Beta,other,0.015451985604793425,0.011438490202738804,23
0,JOY,TP8,Alpha,temporal_right,0.020720446987545306,0.01892126793356807,23
0,JOY,TP8,Beta,temporal_right,0.02091257747711134,0.016339313602185053,23
0,JOY,T8,Alpha,temporal_right,0.0067969321628832645,0.005536526732743642,23
0,JOY,T8,Beta,temporal_right,0.05554658689604924,0.05353459993086041,23
0,JOY,P7,Alpha,temporal_left,0.004509333243564299,0.0013974329521080986,23
0,JOY,P7,Beta,temporal_left,0.061099674561899346,0.03034363080207745,23
0,JOY,P3,Alpha,centro_parietal_left,0.001708064581673384,0.0007943277446434516,23
0,JOY,P3,Beta,centro_parietal_left,0.019659332672395374,0.012387833679201377,23
0,JOY,CP3,Alpha,temporal_left,0.0019101545339647154,0.0016644124861341415,23
0,JOY,CP3,Beta,temporal_left,0.012545293494014297,0.010130187187094691,23
0,JOY,CPz,Alpha,parietal_midline,0.018267200701679913,0.005495607340067143,23
0,JOY,CPz,Beta,parietal_midline,0.024075862768305707,0.010840126234172513,23
0,JOY,Cz,Alpha,parietal_midline,0.006469271397749767,-0.0023816779284824363,23
0,JOY,Cz,Beta,parietal_midline,0.036548914373706616,0.015515024554278167,23
0,JOY,FC4,Alpha,frontal_bilateral,0.04951092904288061,0.04642584051403229,23
0,JOY,FC4,Beta,frontal_bilateral,0.112530098485442,0.09431168045436739,23
0,JOY,FT8,Alpha,temporal_right,0.010374954843891903,0.00520880584079352,23
0,JOY,FT8,Beta,temporal_right,0.012387522377914151,0.00998795946066505,23
0,JOY,TP7,Alpha,temporal_left,0.004224899436467716,0.0033329168425082194,23
0,JOY,TP7,Beta,temporal_left,0.01076819978713895,0.008381447957199651,23
0,JOY,C3,Alpha,centro_parietal_left,0.015302356766547015,0.006611136335940982,23
0,JOY,C3,Beta,centro_parietal_left,0.014104113027606146,0.0016010065571713094,23
0,JOY,FCz,Alpha,frontal_bilateral,0.00963131565546666,0.006988120780480491,23
0,JOY,FCz,Beta,frontal_bilateral,0.011032480877097392,0.0028647582435499504,23
0,JOY,Fz,Alpha,frontal_bilateral,0.010022158967349936,0.007957339133846114,23
0,JOY,Fz,Beta,frontal_bilateral,0.011080358872518811,0.004657073696768782,23
0,JOY,F4,Alpha,frontal_bilateral,0.010071873257095692,0.005517254764776026,23
0,JOY,F4,Beta,frontal_bilateral,0.029200997313988557,0.022430053121952835,23
0,JOY,F8,Alpha,other,0.006601991765318847,0.0007140267631258791,23
0,JOY,F8,Beta,other,0.009086176843023276,0.006158318920614583,23
0,JOY,T7,Alpha,temporal_left,0.01707260556582916,0.008927454438532116,23
0,JOY,T7,Beta,temporal_left,0.0426613495629505,0.03528290367464906,23
0,JOY,FT7,Alpha,temporal_left,0.009441614783548434,0.005639332942147172,23
0,JOY,FT7,Beta,temporal_left,0.05640590072554147,0.04744139418809717,23
0,JOY,FC3,Alpha,frontal_bilateral,0.0010153371165648394,1.8863756798237785e-05,23
0,JOY,FC3,Beta,frontal_bilateral,0.011513403187880196,-0.003952210036795615,23
0,JOY,F3,Alpha,frontal_bilateral,0.02611879379135481,0.024268580927300564,23
0,JOY,F3,Beta,frontal_bilateral,0.05927115176793524,0.053838803143344494,23
0,JOY,Fp2,Alpha,frontal_bilateral,0.03742917791323079,0.031526865482176133,23
0,JOY,Fp2,Beta,frontal_bilateral,0.12951758582165798,0.08981270193961075,23
0,JOY,F7,Alpha,frontal_inferior_left,0.000991013335130881,-0.00025285024705076385,23
0,JOY,F7,Beta,frontal_inferior_left,0.01674054244222044,0.012401700651099844,23
0,JOY,Fp1,Alpha,frontal_bilateral,0.0022559075232939387,0.000706108973707871,23
0,JOY,Fp1,Beta,frontal_bilateral,0.10687949624466402,0.09911711836048998,23
0,JOY,PO5,Alpha,other,0.014782856588357042,0.013196639635465303,23
0,JOY,PO5,Beta,other,0.031372045144412185,0.023064181317484157,23
0,JOY,PO3,Alpha,occipital,0.005657190011830688,0.0035629840111355247,23
0,JOY,PO3,Beta,occipital,0.011051930210265763,0.005806298008513553,23
0,JOY,P1,Alpha,other,0.02701300495744611,0.013790552335956503,23
0,JOY,P1,Beta,other,0.039078053372534984,0.030622913799820874,23
0,JOY,POz,Alpha,occipital,0.002385490664684544,-0.0004900222716523705,23
0,JOY,POz,Beta,occipital,0.065640915156483,0.025310554189729,23
0,JOY,P2,Alpha,other,0.004893042185000379,-0.0001423943225852228,23
0,JOY,P2,Beta,other,0.006305716245368095,0.0004757780942293807,23
0,JOY,PO4,Alpha,occipital,0.0004835880487734533,0.00043088999520265266,23
0,JOY,PO4,Beta,occipital,0.03134046687561442,0.025846013377004685,23
0,JOY,CP2,Alpha,other,0.020162881640671176,0.01223465523365483,23
0,JOY,CP2,Beta,other,0.07902662691849825,0.07635886215994286,23
0,JOY,P6,Alpha,temporal_right,0.030449480223986428,0.022014410098761875,23
0,JOY,P6,Beta,temporal_right,0.04389312698211008,0.04196450533948381,23
0,JOY,PO6,Alpha,other,0.007166535056804535,0.006599331579628121,23
0,JOY,PO6,Beta,other,0.03340644126863386,0.031214087515912408,23
0,JOY,CP6,Alpha,temporal_right,0.011438478763665452,-0.0030346813192124408,23
0,JOY,CP6,Beta,temporal_right,0.03425615673087578,0.003484228652424304,23
0,JOY,C6,Alpha,temporal_right,0.0150880782322601,0.009619331387726637,23
0,JOY,C6,Beta,temporal_right,0.05223405785218987,0.03629887522596045,23
0,JOY,PO8,Alpha,occipital,0.005817422855642722,0.0052665787285600145,23
0,JOY,PO8,Beta,occipital,0.03293846330827578,0.02746632029418419,23
0,JOY,PO7,Alpha,occipital,0.08031119870235959,0.06602110567374617,23
0,JOY,PO7,Beta,occipital,0.20112613382676645,0.16563208094917414,23
0,JOY,P5,Alpha,temporal_left,0.0006306265804114912,2.5124429393784908e-05,23
0,JOY,P5,Beta,temporal_left,0.008127187168273603,0.0032067409581124197,23
0,JOY,CP5,Alpha,temporal_left,0.003205349389270476,0.002484201487248706,23
0,JOY,CP5,Beta,temporal_left,0.018243814619806314,0.011812030467605534,23
0,JOY,CP1,Alpha,other,0.0027086268052896457,-0.0012523651902731291,23
0,JOY,CP1,Beta,other,0.020222708041971876,-0.0033544209649160016,23
0,JOY,C1,Alpha,other,0.016830365964469064,0.0011699870874830284,23
0,JOY,C1,Beta,other,0.007433783043160856,0.0014893153386483359,23
0,JOY,C2,Alpha,other,0.012632408777776803,0.009488083557829813,23
0,JOY,C2,Beta,other,0.02577316906792345,0.012887857625503579,23
0,JOY,FC2,Alpha,other,0.0060679545453479825,-0.00038357042617254833,23
0,JOY,FC2,Beta,other,0.008241754478625796,-0.0028205368279373313,23
0,JOY,FC6,Alpha,other,0.012760171625237696,0.007004142048055152,23
0,JOY,FC6,Beta,other,0.025669937034486844,0.02127484103671653,23
0,JOY,C5,Alpha,temporal_left,0.0020888261505820614,0.0011357549574416478,23
0,JOY,C5,Beta,temporal_left,0.006571417068122087,0.002343248713182485,23
0,JOY,FC1,Alpha,other,0.019761760285922417,0.016370841628255084,23
0,JOY,FC1,Beta,other,0.04916910913143605,0.03378283069641859,23
0,JOY,F2,Alpha,frontal_bilateral,0.003977552859055137,0.0032216920394111427,23
0,JOY,F2,Beta,frontal_bilateral,0.022678743421825475,0.019660129177533965,23
0,JOY,F6,Alpha,other,0.01506019788358719,0.01215054162527957,23
0,JOY,F6,Beta,other,0.06609176428055917,0.04309710374562273,23
0,JOY,FC5,Alpha,frontal_inferior_left,0.01390913544455695,0.00830401918920249,23
0,JOY,FC5,Beta,frontal_inferior_left,0.0644801215424845,0.049769662419615134,23
0,JOY,F1,Alpha,frontal_bilateral,0.001158713779546952,0.0004450074945997917,23
0,JOY,F1,Beta,frontal_bilateral,0.007474419085973547,0.002510013328553286,23
0,JOY,AF4,Alpha,frontal_bilateral,0.011500749645804635,0.00112754604037198,23
0,JOY,AF4,Beta,frontal_bilateral,0.04512683027003482,0.019096022653127,23
0,JOY,AF8,Alpha,frontal_bilateral,0.036580055915695964,0.020727041950772004,23
0,JOY,AF8,Beta,frontal_bilateral,0.12534058964265332,0.09806362691593336,23
0,JOY,F5,Alpha,frontal_inferior_left,0.0006118226398380153,0.0005564932112302575,23
0,JOY,F5,Beta,frontal_inferior_left,0.053550939458702644,0.04550660800503856,23
0,JOY,AF7,Alpha,frontal_bilateral,0.05460486121068055,0.05140264464744205,23
0,JOY,AF7,Beta,frontal_bilateral,0.20214776654112332,0.17967091680038078,23
0,JOY,AF3,Alpha,frontal_bilateral,0.001993179749823376,0.0004969375303352134,23
0,JOY,AF3,Beta,frontal_bilateral,0.024344166628625524,0.01897843457033965,23
0,JOY,Fpz,Alpha,frontal_bilateral,0.026883993569990855,0.018194836807021452,23
0,JOY,Fpz,Beta,frontal_bilateral,0.09321672428260676,0.07617282717859555,23
1,NEUTRO,O2,Alpha,occipital,0.02159500365295499,0.010871359031142674,23
1,NEUTRO,O2,Beta,occipital,0.04794850858405048,0.02047616743867056,23
1,NEUTRO,O1,Alpha,occipital,0.010392725377614726,0.005362315889815041,23
1,NEUTRO,O1,Beta,occipital,0.05475167583506963,0.0346492208074672,23
1,NEUTRO,Oz,Alpha,occipital,0.014105690918683139,0.00540110448487378,23
1,NEUTRO,Oz,Beta,occipital,0.06543675711980575,0.04070168479641123,23
1,NEUTRO,Pz,Alpha,parietal_midline,0.0462619229424631,0.0424759871869475,23
1,NEUTRO,Pz,Beta,parietal_midline,0.11059770745525027,0.10663640686219397,23
1,NEUTRO,P4,Alpha,other,0.0026205371477722545,0.0011347299983323303,23
1,NEUTRO,P4,Beta,other,0.01228060974759348,0.006292552836138745,23
1,NEUTRO,CP4,Alpha,temporal_right,0.0013997130059705874,0.0004864886394610042,23
1,NEUTRO,CP4,Beta,temporal_right,0.013318013727657906,0.007118352035494343,23
1,NEUTRO,P8,Alpha,temporal_right,0.004199262458299492,0.0013994636295697612,23
1,NEUTRO,P8,Beta,temporal_right,0.03314920081289601,0.02324475744388466,23
1,NEUTRO,C4,Alpha,other,0.0024999164370764935,-0.0007466771729433225,23
1,NEUTRO,C4,Beta,other,0.022176594763905003,0.009496865618119138,23
1,NEUTRO,TP8,Alpha,temporal_right,0.002165979672254298,0.00047648333940956093,23
1,NEUTRO,TP8,Beta,temporal_right,0.011113684428808146,0.0022089302553893776,23
1,NEUTRO,T8,Alpha,temporal_right,0.009066573755041203,0.004000988728428148,23
1,NEUTRO,T8,Beta,temporal_right,0.016586886637853137,0.0035021982664167214,23
1,NEUTRO,P7,Alpha,temporal_left,0.005821897441877531,0.0037765851659391624,23
1,NEUTRO,P7,Beta,temporal_left,0.01667045829814268,0.01606866294033835,23
1,NEUTRO,P3,Alpha,centro_parietal_left,0.014217037152005242,0.0028092208560483063,23
1,NEUTRO,P3,Beta,centro_parietal_left,0.028864265344551356,0.01074611242721385,23
1,NEUTRO,CP3,Alpha,temporal_left,0.0028715143999614398,0.0007908998797376652,23
1,NEUTRO,CP3,Beta,temporal_left,0.02295708599820475,0.017233092601882636,23
1,NEUTRO,CPz,Alpha,parietal_midline,0.007975571379183057,-0.00024567350634987324,23
1,NEUTRO,CPz,Beta,parietal_midline,0.023303779414128152,0.01651512944827997,23
1,NEUTRO,Cz,Alpha,parietal_midline,0.02360703797480982,0.008128481973960574,23
1,NEUTRO,Cz,Beta,parietal_midline,0.04021275263388452,0.0325341409204158,23
1,NEUTRO,FC4,Alpha,frontal_bilateral,0.08515975509370029,0.06847185122704695,23
1,NEUTRO,FC4,Beta,frontal_bilateral,0.22616434882016032,0.1759897290929791,23
1,NEUTRO,FT8,Alpha,temporal_right,0.03238898432255805,0.01592199203054813,23
1,NEUTRO,FT8,Beta,temporal_right,0.04789047149483492,0.03035230173888972,23
1,NEUTRO,TP7,Alpha,temporal_left,0.011749173669911206,0.007383431341876906,23
1,NEUTRO,TP7,Beta,temporal_left,0.062452549981330256,0.03568268921796733,23
1,NEUTRO,C3,Alpha,centro_parietal_left,0.0031689415663470628,-0.001332788450193557,23
1,NEUTRO,C3,Beta,centro_parietal_left,0.008342334331933696,0.006004867834427991,23
1,NEUTRO,FCz,Alpha,frontal_bilateral,0.03352683263847925,0.023580310251708345,23
1,NEUTRO,FCz,Beta,frontal_bilateral,0.04164894917950266,0.018912028792198332,23
1,NEUTRO,Fz,Alpha,frontal_bilateral,0.019756309579160646,0.010711177348304467,23
1,NEUTRO,Fz,Beta,frontal_bilateral,0.014968073008178652,-0.001314035589214925,23
1,NEUTRO,F4,Alpha,frontal_bilateral,0.011467307285409055,0.006549831799140582,23
1,NEUTRO,F4,Beta,frontal_bilateral,0.033828797263560334,0.01877721059097781,23
1,NEUTRO,F8,Alpha,other,0.015010681892939826,0.0040478193139453994,23
1,NEUTRO,F8,Beta,other,0.029372768938585595,0.010368106028369965,23
1,NEUTRO,T7,Alpha,temporal_left,0.003993160652124002,-0.0009860540201850282,23
1,NEUTRO,T7,Beta,temporal_left,0.09280571016176958,0.0598216374977095,23
1,NEUTRO,FT7,Alpha,temporal_left,0.017508090888632758,0.014265917052881296,23
1,NEUTRO,FT7,Beta,temporal_left,0.1123373658612333,0.08794268949886948,23
1,NEUTRO,FC3,Alpha,frontal_bilateral,0.04231119496295051,0.027533355130090253,23
1,NEUTRO,FC3,Beta,frontal_bilateral,0.04726941174205936,0.033431566109562987,23
1,NEUTRO,F3,Alpha,frontal_bilateral,0.030093710209503896,0.022931901664884853,23
1,NEUTRO,F3,Beta,frontal_bilateral,0.031134653764003706,0.025114677548479764,23
1,NEUTRO,Fp2,Alpha,frontal_bilateral,0.012379805827707502,0.007563050607499615,23
1,NEUTRO,Fp2,Beta,frontal_bilateral,0.09090553638755758,0.0726099978139509,23
1,NEUTRO,F7,Alpha,frontal_inferior_left,0.014874726621489243,-0.0011618952908853844,23
1,NEUTRO,F7,Beta,frontal_inferior_left,0.053026361825273614,0.04140658588246376,23
1,NEUTRO,Fp1,Alpha,frontal_bilateral,0.029786426704349552,0.014296495687143449,23
1,NEUTRO,Fp1,Beta,frontal_bilateral,0.08546010574737928,0.062495178982470055,23
1,NEUTRO,PO5,Alpha,other,0.02000199416333063,0.0155482144334674,23
1,NEUTRO,PO5,Beta,other,0.03704079180445504,0.02455319571950111,23
1,NEUTRO,PO3,Alpha,occipital,0.002128870312638137,0.0010997480872999667,23
1,NEUTRO,PO3,Beta,occipital,0.009690446720496513,-0.0019420439582137003,23
1,NEUTRO,P1,Alpha,other,0.024648743791137993,0.0007022276965919762,23
1,NEUTRO,P1,Beta,other,0.06630640781548822,0.03498688051552873,23
1,NEUTRO,POz,Alpha,occipital,0.011290639497755613,3.224560894618577e-05,23
1,NEUTRO,POz,Beta,occipital,0.011509830541178987,0.0072952674885466175,23
1,NEUTRO,P2,Alpha,other,0.0035259544916586643,-0.00076834278692605,23
1,NEUTRO,P2,Beta,other,0.005229709686359588,0.0009560503866699664,23
1,NEUTRO,PO4,Alpha,occipital,0.0046323452780707205,0.0011139101764432529,23
1,NEUTRO,PO4,Beta,occipital,0.03922787264778493,0.028180688913411734,23
1,NEUTRO,CP2,Alpha,other,0.026307701980716813,0.012360925176887338,23
1,NEUTRO,CP2,Beta,other,0.06477357414854476,0.025229751274202832,23
1,NEUTRO,P6,Alpha,temporal_right,0.011132776470614903,0.0016643902890090367,23
1,NEUTRO,P6,Beta,temporal_right,0.007395731002585784,0.00457900250712324,23
1,NEUTRO,PO6,Alpha,other,0.004545213197218667,-0.00036123028520971683,23
1,NEUTRO,PO6,Beta,other,0.0228026444439049,0.012891541030195797,23
1,NEUTRO,CP6,Alpha,temporal_right,0.0037356759804899027,1.8312019624232042e-05,23
1,NEUTRO,CP6,Beta,temporal_right,0.007754865435603597,0.0039847614665144086,23
1,NEUTRO,C6,Alpha,temporal_right,0.007195700180081698,0.005664052433020558,23
1,NEUTRO,C6,Beta,temporal_right,0.0353051920253708,0.005309794274813927,23
1,NEUTRO,PO8,Alpha,occipital,0.029202843770566908,0.022558183629846074,23
1,NEUTRO,PO8,Beta,occipital,0.013352652829383064,0.006693492816101158,23
1,NEUTRO,PO7,Alpha,occipital,0.012783566643475663,0.00732985462452364,23
1,NEUTRO,PO7,Beta,occipital,0.06316585623616952,0.032714552202767574,23
1,NEUTRO,P5,Alpha,temporal_left,0.006651759615222485,0.005627415731831988,23
1,NEUTRO,P5,Beta,temporal_left,0.021906544217929903,0.013395262751029363,23
1,NEUTRO,CP5,Alpha,temporal_left,0.013002233216663765,0.0003780013502175189,23
1,NEUTRO,CP5,Beta,temporal_left,0.03691848076719709,0.012241152591813525,23
1,NEUTRO,CP1,Alpha,other,0.0044887029973610035,0.002923810466201532,23
1,NEUTRO,CP1,Beta,other,0.017328134819686026,0.013468231690110606,23
1,NEUTRO,C1,Alpha,other,0.008118495368523448,0.004294126826460068,23
1,NEUTRO,C1,Beta,other,0.029090347157041434,0.010875785710353915,23
1,NEUTRO,C2,Alpha,other,0.01228231920355904,0.00682215204376243,23
1,NEUTRO,C2,Beta,other,0.03083365762835318,0.012057419080799629,23
1,NEUTRO,FC2,Alpha,other,0.004767302746573894,0.0001330991097567592,23
1,NEUTRO,FC2,Beta,other,0.026030140253413006,0.014918373354188974,23
1,NEUTRO,FC6,Alpha,other,0.0008677823319447328,-0.0003950157060716405,23
1,NEUTRO,FC6,Beta,other,0.012688569572326702,0.006946515152648475,23
1,NEUTRO,C5,Alpha,temporal_left,0.020009018140379146,0.007606042336672993,23
1,NEUTRO,C5,Beta,temporal_left,0.06552928176813086,0.04479309982228519,23
1,NEUTRO,FC1,Alpha,other,0.006610253592876626,0.0033984906176962176,23
1,NEUTRO,FC1,Beta,other,0.007798133472159997,0.004204696389855484,23
1,NEUTRO,F2,Alpha,frontal_bilateral,0.025782690146400705,0.0219246189703794,23
1,NEUTRO,F2,Beta,frontal_bilateral,0.04413205915346472,0.03448125163500602,23
1,NEUTRO,F6,Alpha,other,0.005658277400037848,0.000907488477561903,23
1,NEUTRO,F6,Beta,other,0.05505687874466009,0.044140243284587315,23
1,NEUTRO,FC5,Alpha,frontal_inferior_left,0.03143801127319943,0.020055692877349502,23
1,NEUTRO,FC5,Beta,frontal_inferior_left,0.07606128807689752,0.0646748284116303,23
1,NEUTRO,F1,Alpha,frontal_bilateral,0.009022840575046256,0.009003467323927357,23
1,NEUTRO,F1,Beta,frontal_bilateral,0.018435271789780855,0.010926787288017364,23
1,NEUTRO,AF4,Alpha,frontal_bilateral,0.022772238061249336,0.001953157196007366,23
1,NEUTRO,AF4,Beta,frontal_bilateral,0.05207319677623959,0.04491396589396938,23
1,NEUTRO,AF8,Alpha,frontal_bilateral,0.04335593510633431,0.02825655197402477,23
1,NEUTRO,AF8,Beta,frontal_bilateral,0.11306904738999321,0.09709457239611999,23
1,NEUTRO,F5,Alpha,frontal_inferior_left,0.01838922710975312,0.011073304358294787,23
1,NEUTRO,F5,Beta,frontal_inferior_left,0.11279636598669893,0.10310092645417059,23
1,NEUTRO,AF7,Alpha,frontal_bilateral,0.00840264069031363,0.005271915538907404,23
1,NEUTRO,AF7,Beta,frontal_bilateral,0.09487224528234899,0.06785456312384391,23
1,NEUTRO,AF3,Alpha,frontal_bilateral,0.007233405803642436,0.005002544064935282,23
1,NEUTRO,AF3,Beta,frontal_bilateral,0.06068659082630913,0.05166023468871171,23
1,NEUTRO,Fpz,Alpha,frontal_bilateral,0.028628409384832798,0.01932129140117701,23
1,NEUTRO,Fpz,Beta,frontal_bilateral,0.14454528042748244,0.12714327988767507,23
2,SAD,O2,Alpha,occipital,0.018322775921889026,0.01030698205662625,23
2,SAD,O2,Beta,occipital,0.08040583036276402,0.06141153885790405,23
2,SAD,O1,Alpha,occipital,0.030824883881253644,0.01849080207326623,23
2,SAD,O1,Beta,occipital,0.10613237284748879,0.08131823129323601,23
2,SAD,Oz,Alpha,occipital,0.015943977694143865,0.007154247425085244,23
2,SAD,Oz,Beta,occipital,0.023312808302509286,0.009889478462015308,23
2,SAD,Pz,Alpha,parietal_midline,0.0023690615977778324,-0.0007614567667528552,23
2,SAD,Pz,Beta,parietal_midline,0.006951662936177151,0.0016777482607363981,23
2,SAD,P4,Alpha,other,0.0129974607441823,0.01126845593462638,23
2,SAD,P4,Beta,other,0.012119278538042715,0.011652892792124591,23
2,SAD,CP4,Alpha,temporal_right,0.01578438356693602,0.014589672637406589,23
2,SAD,CP4,Beta,temporal_right,0.026396200230601616,0.025604788809989974,23
2,SAD,P8,Alpha,temporal_right,0.008560605688053051,0.0032332852329013165,23
2,SAD,P8,Beta,temporal_right,0.015422021724735238,-0.0025229518195340177,23
2,SAD,C4,Alpha,other,0.020880989625400588,0.004644317656694122,23
2,SAD,C4,Beta,other,0.03847329286689807,0.02138931833211108,23
2,SAD,TP8,Alpha,temporal_right,0.0040042775120925364,0.0008661714492892568,23
2,SAD,TP8,Beta,temporal_right,0.015429223599621176,0.013357938180218156,23
2,SAD,T8,Alpha,temporal_right,0.00639929155171945,0.0005795528771558821,23
2,SAD,T8,Beta,temporal_right,0.03930604613246758,0.03164532821950268,23
2,SAD,P7,Alpha,temporal_left,0.0017808142441007994,0.0009483191507811878,23
2,SAD,P7,Beta,temporal_left,0.03160188297913468,0.010343457118946247,23
2,SAD,P3,Alpha,centro_parietal_left,0.02510809510134545,0.014097752652282736,23
2,SAD,P3,Beta,centro_parietal_left,0.01881870074038596,0.009252206545877937,23
2,SAD,CP3,Alpha,temporal_left,0.020629815561347867,0.015367584730378957,23
2,SAD,CP3,Beta,temporal_left,0.04961608187712856,0.045227015626732425,23
2,SAD,CPz,Alpha,parietal_midline,0.02073309222959993,0.0087464068514683,23
2,SAD,CPz,Beta,parietal_midline,0.021172464532353635,0.005130415267543204,23
2,SAD,Cz,Alpha,parietal_midline,0.015022916484164988,0.001214943517689366,23
2,SAD,Cz,Beta,parietal_midline,0.04671734451005354,0.014189055403937154,23
2,SAD,FC4,Alpha,frontal_bilateral,0.026010555521469865,0.011370185825383473,23
2,SAD,FC4,Beta,frontal_bilateral,0.07568517170009849,0.05662356069075148,23
2,SAD,FT8,Alpha,temporal_right,0.04512685327766364,0.03897698121053179,23
2,SAD,FT8,Beta,temporal_right,0.1349137871945433,0.10294449787862671,23
2,SAD,TP7,Alpha,temporal_left,0.01572138511591926,0.005851875671934093,23
2,SAD,TP7,Beta,temporal_left,0.048098072291232974,0.015967194410289754,23
2,SAD,C3,Alpha,centro_parietal_left,0.005699327689516729,0.0018237395926711,23
2,SAD,C3,Beta,centro_parietal_left,0.016082313945972173,0.005451778338542835,23
2,SAD,FCz,Alpha,frontal_bilateral,0.051954825154835946,0.031095298310316877,23
2,SAD,FCz,Beta,frontal_bilateral,0.0466067969317052,0.028953598568958606,23
2,SAD,Fz,Alpha,frontal_bilateral,0.015194909234106766,0.00587143811308107,23
2,SAD,Fz,Beta,frontal_bilateral,0.01681014853238407,0.013013719263084226,23
2,SAD,F4,Alpha,frontal_bilateral,0.0054357494535182535,0.0023355471138343594,23
2,SAD,F4,Beta,frontal_bilateral,0.0344087899083406,0.016370957955968227,23
2,SAD,F8,Alpha,other,0.015741648947556558,0.010466825180329797,23
2,SAD,F8,Beta,other,0.04178652372627778,0.02194242572040858,23
2,SAD,T7,Alpha,temporal_left,0.015101069433264183,0.012605419367674134,23
2,SAD,T7,Beta,temporal_left,0.09471031889562216,0.06853168513466508,23
2,SAD,FT7,Alpha,temporal_left,0.02446631406550548,0.017356218992525388,23
2,SAD,FT7,Beta,temporal_left,0.03425785682882694,0.025721822689844943,23
2,SAD,FC3,Alpha,frontal_bilateral,0.011986230983939337,-0.0005700698654807159,23
2,SAD,FC3,Beta,frontal_bilateral,0.038195861095399214,0.019213107003773107,23
2,SAD,F3,Alpha,frontal_bilateral,0.007545976973803868,0.0069886419150480645,23
2,SAD,F3,Beta,frontal_bilateral,0.003520385469492696,0.0030925158732836916,23
2,SAD,Fp2,Alpha,frontal_bilateral,0.011200134863089923,0.005250450406153574,23
2,SAD,Fp2,Beta,frontal_bilateral,0.1289976863998653,0.10305102324803316,23
2,SAD,F7,Alpha,frontal_inferior_left,0.062309587383903485,0.03581324565607049,23
2,SAD,F7,Beta,frontal_inferior_left,0.04515221824831619,0.03890714132459657,23
2,SAD,Fp1,Alpha,frontal_bilateral,0.07048537906094707,0.068543783685645,23
2,SAD,Fp1,Beta,frontal_bilateral,0.0784390640473276,0.06017806124674105,23
2,SAD,PO5,Alpha,other,0.051808133763970955,0.042705214631927536,23
2,SAD,PO5,Beta,other,0.08794606917568372,0.06650500142783725,23
2,SAD,PO3,Alpha,occipital,0.017493858921553387,0.014415188900988085,23
2,SAD,PO3,Beta,occipital,0.09827129975431646,0.06607114562280261,23
2,SAD,P1,Alpha,other,0.01592325566619599,0.006090829600330533,23
2,SAD,P1,Beta,other,0.03537046959300231,0.018604818207582523,23
2,SAD,POz,Alpha,occipital,0.020142513411391002,0.004581019168305618,23
2,SAD,POz,Beta,occipital,0.045456259745315586,0.029650997150214492,23
2,SAD,P2,Alpha,other,0.010605758363262902,0.00943198688141829,23
2,SAD,P2,Beta,other,0.008445991827899717,0.0051000272451904,23
2,SAD,PO4,Alpha,occipital,0.009084832695321775,0.007351144473300847,23
2,SAD,PO4,Beta,occipital,0.023944383530890862,0.002458531734324192,23
2,SAD,CP2,Alpha,other,0.018656609768182487,0.006939418548415085,23
2,SAD,CP2,Beta,other,0.08339313087158796,0.061323993270936426,23
2,SAD,P6,Alpha,temporal_right,0.00787592694610101,0.0024354944264033435,23
2,SAD,P6,Beta,temporal_right,0.004352084499341528,0.0011603638407082018,23
2,SAD,PO6,Alpha,other,0.0014833458243742308,0.0003194400243307392,23
2,SAD,PO6,Beta,other,0.011602823922718294,0.010158465279207796,23
2,SAD,CP6,Alpha,temporal_right,0.02765034218926326,-0.007972085361748468,23
2,SAD,CP6,Beta,temporal_right,0.04817008921869825,0.01469310380048818,23
2,SAD,C6,Alpha,temporal_right,0.017035552256264585,0.010979035766679955,23
2,SAD,C6,Beta,temporal_right,0.11878823928409946,0.10363633025270513,23
2,SAD,PO8,Alpha,occipital,0.018281622068609178,0.01290452190961634,23
2,SAD,PO8,Beta,occipital,0.010090467293324988,0.008700931180456528,23
2,SAD,PO7,Alpha,occipital,0.019567406702134714,0.013812807428209894,23
2,SAD,PO7,Beta,occipital,0.10239692299352615,0.07811540739215596,23
2,SAD,P5,Alpha,temporal_left,0.0015787561317054805,0.0013894769501053474,23
2,SAD,P5,Beta,temporal_left,0.00918859907340192,0.0019761846034959886,23
2,SAD,CP5,Alpha,temporal_left,0.01571487907434626,-0.0007975597145229586,23
2,SAD,CP5,Beta,temporal_left,0.019521787230848697,0.004478802458837853,23
2,SAD,CP1,Alpha,other,0.011158327762147029,0.0022945716539595692,23
2,SAD,CP1,Beta,other,0.01918832903598582,0.012216702623633004,23
2,SAD,C1,Alpha,other,0.008505979362011102,-0.0015446529481036677,23
2,SAD,C1,Beta,other,0.013171227898577782,0.011299638203951993,23
2,SAD,C2,Alpha,other,0.0004700845179363335,0.0002493796901166365,23
2,SAD,C2,Beta,other,0.012311727072331162,0.005250631025186516,23
2,SAD,FC2,Alpha,other,0.02087639838249954,0.007323565434025193,23
2,SAD,FC2,Beta,other,0.01655450327780791,0.001448018023097305,23
2,SAD,FC6,Alpha,other,0.014788229911926347,0.012427743399405795,23
2,SAD,FC6,Beta,other,0.011230831397165164,0.004720101405581873,23
2,SAD,C5,Alpha,temporal_left,0.022581863340748524,0.014102678360688384,23
2,SAD,C5,Beta,temporal_left,0.06837533240650569,0.05789807860101296,23
2,SAD,FC1,Alpha,other,0.008570534638570469,0.0020761285669368213,23
2,SAD,FC1,Beta,other,0.008636621888193544,0.002281649158545078,23
2,SAD,F2,Alpha,frontal_bilateral,0.01560544941863325,0.012060528375401816,23
2,SAD,F2,Beta,frontal_bilateral,0.0532607761857685,0.03973867739659944,23
2,SAD,F6,Alpha,other,0.004078247779149455,0.0038378141894797263,23
2,SAD,F6,Beta,other,0.10509419249537257,0.07537331509948919,23
2,SAD,FC5,Alpha,frontal_inferior_left,0.035514569965270054,0.03333482819800364,23
2,SAD,FC5,Beta,frontal_inferior_left,0.18365000772406379,0.1679826196396476,23
2,SAD,F1,Alpha,frontal_bilateral,0.005083218096410207,0.004502754427461089,23
2,SAD,F1,Beta,frontal_bilateral,0.012754723098534105,0.0030553031595304337,23
2,SAD,AF4,Alpha,frontal_bilateral,0.008608416336854325,-0.0023597121588053356,23
2,SAD,AF4,Beta,frontal_bilateral,0.0881549569520657,0.024044655288912004,23
2,SAD,AF8,Alpha,frontal_bilateral,0.032533001829308315,0.019419093400563442,23
2,SAD,AF8,Beta,frontal_bilateral,0.13354538189987264,0.12131651975803184,23
2,SAD,F5,Alpha,frontal_inferior_left,0.03604730397641816,0.018990642720170002,23
2,SAD,F5,Beta,frontal_inferior_left,0.03265111545538122,0.02925000297625076,23
2,SAD,AF7,Alpha,frontal_bilateral,0.015697818205664908,0.012474818958040068,23
2,SAD,AF7,Beta,frontal_bilateral,0.04781116759107415,0.029745022583025103,23
2,SAD,AF3,Alpha,frontal_bilateral,0.011561009559434428,0.011006108277998946,23
2,SAD,AF3,Beta,frontal_bilateral,0.09150853553622362,0.043681553267712836,23
2,SAD,Fpz,Alpha,frontal_bilateral,0.046554820601420584,0.039833901048667124,23
2,SAD,Fpz,Beta,frontal_bilateral,0.096393914743449,0.0780204962919942,23
