rank,subject_a,subject_b,mode,metric,score_a_to_b,score_b_to_a,compatibility,asymmetry,min_score,max_score,chance_improvement,accuracy_a_to_b,accuracy_b_to_a,f1_macro_a_to_b,f1_macro_b_to_a,rank_score
1,211-000545,211-000546,strict,f1_macro,0.5364331723027376,0.4117964693665628,0.4741148208346502,0.12463670293617479,0.4117964693665628,0.5364331723027376,0.14078148750131686,0.6453900709219859,0.4895833333333333,0.5364331723027376,0.4117964693665628,0.4117964693665628
2,211-000531,211-000533,strict,f1_macro,0.4067460317460318,0.4470054129561725,0.42687572235110216,0.04025938121014072,0.4067460317460318,0.4470054129561725,0.09354238901776885,0.4782608695652174,0.6451612903225806,0.4067460317460318,0.4470054129561725,0.4067460317460318
3,211-000531,211-000552,strict,f1_macro,0.4020594194810223,0.4311762311762312,0.4166178253286268,0.02911681169520891,0.4020594194810223,0.4311762311762312,0.08328449199529347,0.4913793103448275,0.4516129032258064,0.4020594194810223,0.4311762311762312,0.4020594194810223
4,211-000541,211-000545,strict,f1_macro,0.3557312252964427,0.3994874545562906,0.37760933992636664,0.0437562292598479,0.3557312252964427,0.3994874545562906,0.044276006593033324,0.46875,0.4881889763779528,0.3557312252964427,0.3994874545562906,0.3557312252964427
5,211-000543,211-000550,strict,f1_macro,0.3621933621933622,0.3536702646095143,0.3579318134014382,0.008523097583847894,0.3536702646095143,0.3621933621933622,0.02459848006810489,0.4567901234567901,0.4468085106382978,0.3621933621933622,0.3536702646095143,0.35367026460951423
6,211-000532,211-000546,strict,f1_macro,0.406087406087406,0.3472177375955225,0.3766525718414643,0.05886966849188352,0.3472177375955225,0.406087406087406,0.043319238508130964,0.3971631205673759,0.4305555555555556,0.406087406087406,0.3472177375955225,0.34721773759552255
7,211-000536,211-000540,strict,f1_macro,0.5976102394012842,0.3442317916002126,0.4709210155007484,0.2533784478010716,0.3442317916002126,0.5976102394012842,0.13758768216741507,0.7941176470588235,0.3467741935483871,0.5976102394012842,0.3442317916002126,0.34423179160021256
8,211-000536,211-000546,strict,f1_macro,0.3218798630563336,0.3295229577660461,0.32570141041118983,0.007643094709712528,0.3218798630563336,0.3295229577660461,-0.007631922922143486,0.425531914893617,0.3467741935483871,0.3218798630563336,0.3295229577660461,0.32187986305633354
9,211-000535,211-000541,strict,f1_macro,0.3544803912043783,0.3023927173547279,0.3284365542795531,0.05208767384965041,0.3023927173547279,0.3544803912043783,-0.00489677905378022,0.4803149606299212,0.3861386138613861,0.3544803912043783,0.3023927173547279,0.3023927173547279
10,211-000540,211-000545,strict,f1_macro,0.2997354497354497,0.5737964351157755,0.4367659424256126,0.2740609853803258,0.2997354497354497,0.5737964351157755,0.1034326090922793,0.4166666666666667,0.6176470588235294,0.2997354497354497,0.5737964351157755,0.29973544973544974
11,211-000550,211-000554,strict,f1_macro,0.2984754334731279,0.3982843137254901,0.348379873599309,0.09980888025236223,0.2984754334731279,0.3982843137254901,0.015046540265975683,0.4160583941605839,0.4814814814814814,0.2984754334731279,0.3982843137254901,0.2984754334731279
12,211-000556,211-000557,strict,f1_macro,0.2965827099212895,0.4415055693638958,0.36904413964259264,0.1449228594426063,0.2965827099212895,0.4415055693638958,0.035710806309259324,0.4060150375939849,0.4901960784313725,0.2965827099212895,0.4415055693638958,0.2965827099212895
13,211-000546,211-000549,strict,f1_macro,0.2933940769841124,0.5088383838383838,0.4011162304112481,0.21544430685427135,0.2933940769841124,0.5088383838383838,0.0677828970779148,0.3381294964028777,0.6028368794326241,0.2933940769841124,0.5088383838383838,0.29339407698411246
14,211-000541,211-000550,strict,f1_macro,0.3857212905756595,0.2772901106234439,0.3315057005995517,0.10843117995221563,0.2772901106234439,0.3857212905756595,-0.0018276327337816145,0.5308641975308642,0.3700787401574803,0.3857212905756595,0.2772901106234439,0.2772901106234439
15,211-000543,211-000549,strict,f1_macro,0.3290567895831053,0.2748815971116067,0.301969193347356,0.0541751924714986,0.2748815971116067,0.3290567895831053,-0.03136413998597731,0.3884892086330935,0.3687943262411347,0.3290567895831053,0.2748815971116067,0.2748815971116067
16,211-000539,211-000546,strict,f1_macro,0.268911452457404,0.295970695970696,0.28244107421404996,0.027059243513291975,0.268911452457404,0.295970695970696,-0.050892259119283356,0.3971631205673759,0.3787878787878788,0.268911452457404,0.295970695970696,0.268911452457404
17,211-000546,211-000552,strict,f1_macro,0.2655122655122655,0.5395321637426901,0.4025222146274778,0.2740198982304246,0.2655122655122655,0.5395321637426901,0.06918888129414447,0.4137931034482758,0.5390070921985816,0.2655122655122655,0.5395321637426901,0.2655122655122655
18,211-000536,211-000543,strict,f1_macro,0.2976716769820218,0.264378302983554,0.2810249899827879,0.03329337399846777,0.264378302983554,0.2976716769820218,-0.052308343350545405,0.3687943262411347,0.282258064516129,0.2976716769820218,0.264378302983554,0.264378302983554
19,211-000550,211-000556,strict,f1_macro,0.5235659481183778,0.2639786335831826,0.39377229085078014,0.2595873145351952,0.2639786335831826,0.5235659481183778,0.06043895751744682,0.5490196078431373,0.2962962962962963,0.5235659481183778,0.2639786335831826,0.2639786335831825
20,211-000532,211-000547,strict,f1_macro,0.2605730258560447,0.3481170245876128,0.3043450252218287,0.0875439987315681,0.2605730258560447,0.3481170245876128,-0.0289883081115046,0.3194444444444444,0.3958333333333333,0.2605730258560447,0.3481170245876128,0.2605730258560447
21,211-000537,211-000549,strict,f1_macro,0.2590390856092587,0.4273461291313944,0.34319260737032653,0.1683070435221357,0.2590390856092587,0.4273461291313944,0.009859274036993215,0.3597122302158273,0.5343511450381679,0.2590390856092587,0.4273461291313944,0.2590390856092587
22,211-000546,211-000556,strict,f1_macro,0.2564179402657077,0.2944150499706055,0.2754164951181566,0.037997109704897836,0.2564179402657077,0.2944150499706055,-0.057916838215176736,0.2941176470588235,0.2553191489361702,0.2564179402657077,0.2944150499706055,0.25641794026570763
23,211-000541,211-000555,strict,f1_macro,0.3067149758454106,0.2514712340799297,0.27909310496267015,0.05524374176548086,0.2514712340799297,0.3067149758454106,-0.05424022837066317,0.3609022556390977,0.3385826771653543,0.3067149758454106,0.2514712340799297,0.2514712340799297
24,211-000540,211-000550,strict,f1_macro,0.2415232133541992,0.2555555555555555,0.24853938445487733,0.014032342201356268,0.2415232133541992,0.2555555555555555,-0.08479394887845598,0.2592592592592592,0.4901960784313725,0.2415232133541992,0.2555555555555555,0.24152321335419918
25,211-000531,211-000548,strict,f1_macro,0.265078874110733,0.2405498281786941,0.25281435114471357,0.02452904593203889,0.2405498281786941,0.265078874110733,-0.08051898218861975,0.3962264150943396,0.5645161290322581,0.265078874110733,0.2405498281786941,0.24054982817869414
26,211-000546,211-000553,strict,f1_macro,0.2633053221288515,0.2393939393939393,0.2513496307613954,0.023911382734912195,0.2393939393939393,0.2633053221288515,-0.08198370257193793,0.3365384615384615,0.3617021276595745,0.2633053221288515,0.2393939393939393,0.23939393939393927
27,211-000544,211-000552,strict,f1_macro,0.3218314532183146,0.2358760013932427,0.2788537273057786,0.08595545182507189,0.2358760013932427,0.3218314532183146,-0.054479606027554695,0.396551724137931,0.4083333333333333,0.3218314532183146,0.2358760013932427,0.23587600139324266
28,211-000537,211-000545,strict,f1_macro,0.2315963606286186,0.2803418803418803,0.25596912048524945,0.04874551971326169,0.2315963606286186,0.2803418803418803,-0.07736421284808387,0.2708333333333333,0.3969465648854962,0.2315963606286186,0.2803418803418803,0.2315963606286186
29,211-000531,211-000547,strict,f1_macro,0.2847124824684432,0.2304347826086956,0.2575736325385694,0.05427769985974762,0.2304347826086956,0.2847124824684432,-0.0757597007947639,0.3541666666666667,0.2903225806451613,0.2847124824684432,0.2304347826086956,0.2304347826086956
30,211-000544,211-000550,strict,f1_macro,0.4110767113863089,0.2281390593047034,0.31960788534550616,0.1829376520816055,0.2281390593047034,0.4110767113863089,-0.013725447987827155,0.4938271604938271,0.4083333333333333,0.4110767113863089,0.2281390593047034,0.2281390593047034
31,211-000532,211-000557,strict,f1_macro,0.2933057280883368,0.2248236331569665,0.25906468062265164,0.06848209493137034,0.2248236331569665,0.2933057280883368,-0.07426865271068167,0.3984962406015037,0.2777777777777778,0.2933057280883368,0.2248236331569665,0.22482363315696646
32,211-000532,211-000550,strict,f1_macro,0.2878182200715338,0.2238652868554829,0.25584175346350835,0.06395293321605089,0.2238652868554829,0.2878182200715338,-0.07749157986982497,0.4444444444444444,0.3125,0.2878182200715338,0.2238652868554829,0.2238652868554829
33,211-000532,211-000549,strict,f1_macro,0.2227272727272727,0.2656926406926407,0.2442099567099567,0.04296536796536801,0.2227272727272727,0.2656926406926407,-0.0891233766233766,0.3597122302158273,0.375,0.2227272727272727,0.2656926406926407,0.22272727272727272
34,211-000533,211-000550,strict,f1_macro,0.2216516902011125,0.2984418901660281,0.2600467901835703,0.07679019996491562,0.2216516902011125,0.2984418901660281,-0.07328654314976302,0.1728395061728395,0.391304347826087,0.2216516902011125,0.2984418901660281,0.22165169020111247
35,211-000537,211-000554,strict,f1_macro,0.2445807011024402,0.221171133792493,0.2328759174474666,0.0234095673099472,0.221171133792493,0.2445807011024402,-0.10045741588586671,0.3138686131386861,0.2900763358778626,0.2445807011024402,0.221171133792493,0.221171133792493
36,211-000540,211-000543,strict,f1_macro,0.2192445547284257,0.48256330749354,0.35090393111098284,0.2633187527651143,0.2192445547284257,0.48256330749354,0.01757059777764952,0.3475177304964539,0.5588235294117647,0.2192445547284257,0.48256330749354,0.2192445547284257
37,211-000540,211-000556,strict,f1_macro,0.2364718614718614,0.2179271708683473,0.22719951617010434,0.018544690603514102,0.2179271708683473,0.2364718614718614,-0.10613381716322898,0.3137254901960784,0.2450980392156862,0.2364718614718614,0.2179271708683473,0.2179271708683473
38,211-000533,211-000540,strict,f1_macro,0.2163355408388521,0.3844884488448845,0.3004119948418683,0.1681529080060324,0.2163355408388521,0.3844884488448845,-0.032921338491465,0.4803921568627451,0.463768115942029,0.2163355408388521,0.3844884488448845,0.21633554083885212
39,211-000540,211-000546,strict,f1_macro,0.455534633827923,0.2163355408388521,0.3359350873333875,0.23919909298907088,0.2163355408388521,0.455534633827923,0.0026017540000541906,0.5390070921985816,0.4803921568627451,0.455534633827923,0.2163355408388521,0.21633554083885206
40,211-000535,211-000556,strict,f1_macro,0.2325490196078431,0.2138888888888888,0.22321895424836596,0.01866013071895431,0.2138888888888888,0.2325490196078431,-0.11011437908496735,0.2352941176470588,0.2673267326732673,0.2325490196078431,0.2138888888888888,0.2138888888888888
41,211-000535,211-000555,strict,f1_macro,0.3978569612436889,0.2106782106782106,0.30426758596094977,0.1871787505654783,0.2106782106782106,0.3978569612436889,-0.029065747372383544,0.4360902255639097,0.4059405940594059,0.3978569612436889,0.2106782106782106,0.21067821067821063
42,211-000539,211-000540,strict,f1_macro,0.3788838612368024,0.2083333333333333,0.29360859728506783,0.1705505279034691,0.2083333333333333,0.3788838612368024,-0.039724736048265485,0.5490196078431373,0.3712121212121212,0.3788838612368024,0.2083333333333333,0.20833333333333326
43,211-000537,211-000539,strict,f1_macro,0.206003088163296,0.3401826484018264,0.2730928682825612,0.1341795602385304,0.206003088163296,0.3401826484018264,-0.06024046505077213,0.3257575757575757,0.4122137404580153,0.206003088163296,0.3401826484018264,0.206003088163296
44,211-000533,211-000535,strict,f1_macro,0.2054794520547945,0.2058823529411765,0.20568090249798548,0.0004029008863819794,0.2054794520547945,0.2058823529411765,-0.12765243083534783,0.4455445544554455,0.3478260869565217,0.2054794520547945,0.2058823529411765,0.2054794520547945
45,211-000537,211-000548,strict,f1_macro,0.2051181616399008,0.277378261762893,0.24124821170139688,0.0722601001229922,0.2051181616399008,0.277378261762893,-0.09208512163193644,0.3490566037735849,0.3816793893129771,0.2051181616399008,0.277378261762893,0.20511816163990076
46,211-000532,211-000555,strict,f1_macro,0.2029358191363977,0.2328772563639392,0.21790653775016844,0.0299414372275415,0.2029358191363977,0.2328772563639392,-0.11542679558316488,0.2556390977443609,0.3611111111111111,0.2029358191363977,0.2328772563639392,0.2029358191363977
47,211-000537,211-000556,strict,f1_macro,0.2028076463560334,0.226565736451625,0.2146866914038292,0.0237580900955916,0.2028076463560334,0.226565736451625,-0.11864664192950411,0.2745098039215686,0.3511450381679389,0.2028076463560334,0.226565736451625,0.2028076463560334
48,211-000539,211-000541,strict,f1_macro,0.2016843971631205,0.4881794745214196,0.34493193584227005,0.28649507735829904,0.2016843971631205,0.4881794745214196,0.01159860250893674,0.2913385826771653,0.6060606060606061,0.2016843971631205,0.4881794745214196,0.20168439716312053
49,211-000554,211-000557,strict,f1_macro,0.1994930546812707,0.2433333333333333,0.221413194007302,0.04384027865206258,0.1994930546812707,0.2433333333333333,-0.11192013932603131,0.3233082706766917,0.3357664233576642,0.1994930546812707,0.2433333333333333,0.1994930546812707
50,211-000541,211-000552,strict,f1_macro,0.1993620414673046,0.2195138195138195,0.20943793049056206,0.020151778046514912,0.1993620414673046,0.2195138195138195,-0.12389540284277126,0.3706896551724138,0.3543307086614173,0.1993620414673046,0.2195138195138195,0.1993620414673046
51,211-000547,211-000552,strict,f1_macro,0.3858497598862709,0.1986327097888963,0.2922412348375836,0.1872170500973746,0.1986327097888963,0.3858497598862709,-0.04109209849574974,0.4224137931034483,0.2638888888888889,0.3858497598862709,0.1986327097888963,0.19863270978889627
52,211-000532,211-000556,strict,f1_macro,0.2783625730994152,0.1968905905557489,0.23762658182758206,0.0814719825436663,0.1968905905557489,0.2783625730994152,-0.09570675150575125,0.3235294117647059,0.2847222222222222,0.2783625730994152,0.1968905905557489,0.19689059055574892
53,211-000539,211-000554,strict,f1_macro,0.3097100032583904,0.1964349376114082,0.2530724704348993,0.11327506564698217,0.1964349376114082,0.3097100032583904,-0.08026086289843404,0.364963503649635,0.3636363636363636,0.3097100032583904,0.1964349376114082,0.19643493761140818
54,211-000540,211-000549,strict,f1_macro,0.1960957642725598,0.2808605919003115,0.23847817808643565,0.08476482762775167,0.1960957642725598,0.2808605919003115,-0.09485515524689767,0.3453237410071942,0.3431372549019608,0.1960957642725598,0.2808605919003115,0.1960957642725598
55,211-000553,211-000556,strict,f1_macro,0.1927803379416282,0.1924660852713178,0.192623211606473,0.0003142526703103776,0.1924660852713178,0.1927803379416282,-0.14071012172686032,0.2941176470588235,0.3173076923076923,0.1927803379416282,0.1924660852713178,0.1924660852713178
56,211-000537,211-000546,strict,f1_macro,0.191414496833216,0.1979492714516999,0.19468188414245796,0.006534774618483896,0.191414496833216,0.1979492714516999,-0.13865144919087535,0.2553191489361702,0.2061068702290076,0.191414496833216,0.1979492714516999,0.191414496833216
57,211-000537,211-000557,strict,f1_macro,0.2586852351003294,0.1903896103896103,0.22453742274496985,0.06829562471071912,0.1903896103896103,0.2586852351003294,-0.10879591058836346,0.3759398496240601,0.3587786259541984,0.2586852351003294,0.1903896103896103,0.19038961038961028
58,211-000531,211-000536,strict,f1_macro,0.303518667741069,0.1898821898821898,0.2467004288116294,0.1136364778588792,0.1898821898821898,0.303518667741069,-0.08663290452170391,0.4354838709677419,0.3225806451612903,0.303518667741069,0.1898821898821898,0.1898821898821898
59,211-000532,211-000544,strict,f1_macro,0.2303030303030303,0.1881768504719324,0.20923994038748134,0.0421261798310979,0.1881768504719324,0.2303030303030303,-0.12409339294585198,0.3916666666666666,0.3263888888888889,0.2303030303030303,0.1881768504719324,0.1881768504719324
60,211-000544,211-000547,strict,f1_macro,0.4904109589041096,0.1876247504990019,0.33901785470155577,0.30278620840510767,0.1876247504990019,0.4904109589041096,0.0056845213682224505,0.5763888888888888,0.3916666666666666,0.4904109589041096,0.1876247504990019,0.18762475049900193
61,211-000545,211-000552,strict,f1_macro,0.186335403726708,0.2070863433092535,0.19671087351798075,0.02075093958254548,0.186335403726708,0.2070863433092535,-0.13662245981535256,0.3879310344827586,0.2708333333333333,0.186335403726708,0.2070863433092535,0.186335403726708
62,211-000541,211-000553,strict,f1_macro,0.1861761426978818,0.233901171922194,0.2100386573100379,0.04772502922431221,0.1861761426978818,0.233901171922194,-0.12329467602329541,0.3461538461538461,0.2992125984251969,0.1861761426978818,0.233901171922194,0.1861761426978818
63,211-000541,211-000547,strict,f1_macro,0.1858585858585858,0.3147753297007028,0.2503169577796443,0.12891674384211702,0.1858585858585858,0.3147753297007028,-0.08301637555368901,0.3194444444444444,0.3228346456692913,0.1858585858585858,0.3147753297007028,0.18585858585858578
64,211-000550,211-000552,strict,f1_macro,0.1924894202719914,0.1849694354548723,0.18872942786343183,0.007519984817119102,0.1849694354548723,0.1924894202719914,-0.14460390546990148,0.2586206896551724,0.3209876543209876,0.1924894202719914,0.1849694354548723,0.18496943545487227
65,211-000535,211-000553,strict,f1_macro,0.3425559947299078,0.1848163265306122,0.26368616063025996,0.15773966819929558,0.1848163265306122,0.3425559947299078,-0.06964717270307336,0.4423076923076923,0.297029702970297,0.3425559947299078,0.1848163265306122,0.18481632653061217
66,211-000536,211-000544,strict,f1_macro,0.1847389558232931,0.198005698005698,0.19137232691449557,0.013266742182404895,0.1847389558232931,0.198005698005698,-0.14196100641883774,0.3833333333333333,0.2580645161290322,0.1847389558232931,0.198005698005698,0.18473895582329314
67,211-000544,211-000545,strict,f1_macro,0.1994884910485933,0.1847389558232931,0.1921137234359432,0.014749535225300203,0.1847389558232931,0.1994884910485933,-0.1412196098973901,0.2291666666666666,0.3833333333333333,0.1994884910485933,0.1847389558232931,0.1847389558232931
68,211-000541,211-000544,strict,f1_macro,0.1847389558232931,0.1970727685013399,0.1909058621623165,0.012333812678046785,0.1847389558232931,0.1970727685013399,-0.1424274711710168,0.3833333333333333,0.3228346456692913,0.1847389558232931,0.1970727685013399,0.1847389558232931
69,211-000544,211-000546,strict,f1_macro,0.4008044517026553,0.1847389558232931,0.2927717037629742,0.21606549587936216,0.1847389558232931,0.4008044517026553,-0.04056162957035914,0.4609929078014184,0.3833333333333333,0.4008044517026553,0.1847389558232931,0.18473895582329308
70,211-000535,211-000550,strict,f1_macro,0.1818181818181818,0.254320987654321,0.21806958473625138,0.07250280583613919,0.1818181818181818,0.254320987654321,-0.11526374859708194,0.3703703703703703,0.3564356435643564,0.1818181818181818,0.254320987654321,0.18181818181818177
71,211-000545,211-000549,strict,f1_macro,0.1808510638297872,0.3407407407407407,0.26079590228526395,0.1598896769109535,0.1808510638297872,0.3407407407407407,-0.07253743104806937,0.3381294964028777,0.5,0.1808510638297872,0.3407407407407407,0.18085106382978722
72,211-000536,211-000548,strict,f1_macro,0.1805555555555555,0.363718820861678,0.27213718820861676,0.1831632653061225,0.1805555555555555,0.363718820861678,-0.06119614512471655,0.3679245283018867,0.4596774193548387,0.1805555555555555,0.363718820861678,0.18055555555555552
73,211-000544,211-000548,strict,f1_macro,0.1805555555555555,0.1858585858585858,0.18320707070707065,0.005303030303030309,0.1805555555555555,0.1858585858585858,-0.15012626262626266,0.3679245283018867,0.3833333333333333,0.1805555555555555,0.1858585858585858,0.1805555555555555
74,211-000539,211-000550,strict,f1_macro,0.2323315871702968,0.1804788213627992,0.20640520426654801,0.05185276580749762,0.1804788213627992,0.2323315871702968,-0.1269281290667853,0.4691358024691358,0.3712121212121212,0.2323315871702968,0.1804788213627992,0.1804788213627992
75,211-000550,211-000557,strict,f1_macro,0.2190874259839777,0.1801801801801802,0.19963380308207895,0.03890724580379751,0.1801801801801802,0.2190874259839777,-0.13369953025125436,0.3383458646616541,0.3703703703703703,0.2190874259839777,0.1801801801801802,0.1801801801801802
76,211-000537,211-000552,strict,f1_macro,0.2732593294011614,0.1798876726929856,0.2265735010470735,0.09337165670817577,0.1798876726929856,0.2732593294011614,-0.10675983228625982,0.3362068965517241,0.3358778625954198,0.2732593294011614,0.1798876726929856,0.1798876726929856
77,211-000533,211-000548,strict,f1_macro,0.1793103448275862,0.2926406926406926,0.2359755187341394,0.11333034781310639,0.1793103448275862,0.2926406926406926,-0.0973578145991939,0.3679245283018867,0.3840579710144927,0.1793103448275862,0.2926406926406926,0.17931034482758623
78,211-000543,211-000548,strict,f1_macro,0.1793103448275862,0.2314142151706043,0.20536227999909523,0.05210387034301808,0.1793103448275862,0.2314142151706043,-0.12797105333423808,0.3679245283018867,0.2765957446808511,0.1793103448275862,0.2314142151706043,0.17931034482758618
79,211-000539,211-000553,strict,f1_macro,0.1784037558685446,0.2717252581505975,0.22506450700957104,0.09332150228205291,0.1784037558685446,0.2717252581505975,-0.10826882632376228,0.3653846153846153,0.4166666666666667,0.1784037558685446,0.2717252581505975,0.17840375586854457
80,211-000533,211-000556,strict,f1_macro,0.1774580335731415,0.2026411657559198,0.19004959966453067,0.025183132182778317,0.1774580335731415,0.2026411657559198,-0.14328373366880265,0.3627450980392157,0.3623188405797101,0.1774580335731415,0.2026411657559198,0.1774580335731415
81,211-000541,211-000556,strict,f1_macro,0.2095238095238095,0.1772639691714836,0.19339388934764656,0.0322598403523259,0.1772639691714836,0.2095238095238095,-0.13993944398568675,0.392156862745098,0.3622047244094488,0.2095238095238095,0.1772639691714836,0.17726396917148363
82,211-000541,211-000549,strict,f1_macro,0.2459219437636703,0.1772639691714836,0.21159295646757695,0.0686579745921867,0.1772639691714836,0.2459219437636703,-0.12174037686575637,0.3309352517985611,0.3622047244094488,0.2459219437636703,0.1772639691714836,0.1772639691714836
83,211-000532,211-000541,strict,f1_macro,0.1772639691714836,0.2165373824063377,0.19690067578891063,0.03927341323485409,0.1772639691714836,0.2165373824063377,-0.1364326575444227,0.3622047244094488,0.3125,0.1772639691714836,0.2165373824063377,0.17726396917148357
84,211-000541,211-000548,strict,f1_macro,0.1771561771561771,0.3146484096419911,0.2459022933990841,0.137492232485814,0.1771561771561771,0.3146484096419911,-0.08743103993424922,0.3584905660377358,0.3622047244094488,0.1771561771561771,0.3146484096419911,0.1771561771561771
85,211-000531,211-000532,strict,f1_macro,0.2688965404164616,0.1768551814318404,0.22287586092415101,0.09204135898462121,0.1768551814318404,0.2688965404164616,-0.1104574724091823,0.3472222222222222,0.2096774193548387,0.2688965404164616,0.1768551814318404,0.17685518143184042
86,211-000537,211-000553,strict,f1_macro,0.189915458937198,0.1760299625468164,0.18297271074200722,0.013885496390381585,0.1760299625468164,0.189915458937198,-0.1503606225913261,0.3461538461538461,0.3587786259541984,0.189915458937198,0.1760299625468164,0.1760299625468164
87,211-000532,211-000553,strict,f1_macro,0.2075822134819185,0.1756991837280878,0.19164069860500316,0.0318830297538307,0.1756991837280878,0.2075822134819185,-0.14169263472833016,0.3173076923076923,0.3263888888888889,0.2075822134819185,0.1756991837280878,0.1756991837280878
88,211-000552,211-000554,strict,f1_macro,0.1756272401433691,0.262962962962963,0.21929510155316606,0.0873357228195939,0.1756272401433691,0.262962962962963,-0.11403823178016725,0.3576642335766423,0.3362068965517241,0.1756272401433691,0.262962962962963,0.1756272401433691
89,211-000533,211-000554,strict,f1_macro,0.1756272401433691,0.1897130647130647,0.1826701524282169,0.014085824569695593,0.1756272401433691,0.1897130647130647,-0.1506631809051164,0.3576642335766423,0.3550724637681159,0.1756272401433691,0.1897130647130647,0.1756272401433691
90,211-000548,211-000554,strict,f1_macro,0.1756272401433691,0.4921526523960601,0.3338899462697146,0.316525412252691,0.1756272401433691,0.4921526523960601,0.0005566129363812622,0.3576642335766423,0.5754716981132075,0.1756272401433691,0.4921526523960601,0.17562724014336908
91,211-000533,211-000553,strict,f1_macro,0.1749408983451536,0.2188742414731115,0.19690756990913255,0.04393334312795788,0.1749408983451536,0.2188742414731115,-0.13642576342420076,0.3557692307692308,0.3550724637681159,0.1749408983451536,0.2188742414731115,0.1749408983451536
92,211-000532,211-000536,strict,f1_macro,0.221906728618138,0.1746236559139785,0.19826519226605827,0.04728307270415952,0.1746236559139785,0.221906728618138,-0.13506814106727505,0.3548387096774194,0.3194444444444444,0.221906728618138,0.1746236559139785,0.1746236559139785
93,211-000553,211-000554,strict,f1_macro,0.3539284160974237,0.1741293532338308,0.26402888466562724,0.1797990628635929,0.1741293532338308,0.3539284160974237,-0.06930444866770608,0.4452554744525547,0.3365384615384615,0.3539284160974237,0.1741293532338308,0.17412935323383077
94,211-000545,211-000556,strict,f1_macro,0.1739130434782608,0.1963537817196353,0.18513341259894806,0.02244073824137449,0.1739130434782608,0.1963537817196353,-0.14819992073438526,0.3529411764705882,0.21875,0.1739130434782608,0.1963537817196353,0.1739130434782608
95,211-000548,211-000553,strict,f1_macro,0.3319088319088319,0.1724941724941725,0.2522015022015022,0.1594146594146594,0.1724941724941725,0.3319088319088319,-0.08113183113183109,0.4230769230769231,0.3490566037735849,0.3319088319088319,0.1724941724941725,0.17249417249417254
96,211-000533,211-000546,strict,f1_macro,0.5515873015873015,0.1720430107526881,0.3618151561699948,0.3795442908346134,0.1720430107526881,0.5515873015873015,0.028481822836661508,0.6595744680851063,0.3478260869565217,0.5515873015873015,0.1720430107526881,0.17204301075268813
97,211-000539,211-000543,strict,f1_macro,0.1719298245614035,0.2604931300583474,0.21621147730987544,0.08856330549694391,0.1719298245614035,0.2604931300583474,-0.11712185602345787,0.3475177304964539,0.3484848484848485,0.1719298245614035,0.2604931300583474,0.1719298245614035
98,211-000546,211-000557,strict,f1_macro,0.1714285714285714,0.1782078853046595,0.17481822836661545,0.0067793138760881,0.1714285714285714,0.1782078853046595,-0.15851510496671786,0.3383458646616541,0.3333333333333333,0.1714285714285714,0.1782078853046595,0.1714285714285714
99,211-000532,211-000540,strict,f1_macro,0.1834340561677923,0.1710296684118673,0.1772318622898298,0.012404387755924978,0.1710296684118673,0.1834340561677923,-0.15610147104350353,0.2352941176470588,0.3402777777777778,0.1834340561677923,0.1710296684118673,0.17102966841186729
100,211-000540,211-000557,strict,f1_macro,0.1694915254237288,0.4414913252122554,0.3054914253179921,0.2719997997885266,0.1694915254237288,0.4414913252122554,-0.0278419080153412,0.3383458646616541,0.4509803921568627,0.1694915254237288,0.4414913252122554,0.1694915254237288
101,211-000547,211-000549,strict,f1_macro,0.1693693693693694,0.2774028429838289,0.22338610617659915,0.1080334736144595,0.1693693693693694,0.2774028429838289,-0.10994722715673416,0.3381294964028777,0.3263888888888889,0.1693693693693694,0.2774028429838289,0.16936936936936942
102,211-000547,211-000555,strict,f1_macro,0.1685393258426966,0.395042735042735,0.2817910304427158,0.22650340920003842,0.1685393258426966,0.395042735042735,-0.05154230289061751,0.3383458646616541,0.4305555555555556,0.1685393258426966,0.395042735042735,0.1685393258426966
103,211-000549,211-000557,strict,f1_macro,0.1685393258426966,0.2167671547516508,0.19265324029717368,0.04822782890895419,0.1685393258426966,0.2167671547516508,-0.14068009303615964,0.3383458646616541,0.3237410071942446,0.1685393258426966,0.2167671547516508,0.1685393258426966
104,211-000547,211-000557,strict,f1_macro,0.1685393258426966,0.1823974512146555,0.17546838852867605,0.013858125371958907,0.1685393258426966,0.1823974512146555,-0.15786494480465726,0.3383458646616541,0.3194444444444444,0.1685393258426966,0.1823974512146555,0.1685393258426966
105,211-000545,211-000553,strict,f1_macro,0.1678657074340527,0.415906432748538,0.29188607009129536,0.2480407253144853,0.1678657074340527,0.415906432748538,-0.04144726324203796,0.3365384615384615,0.5520833333333334,0.1678657074340527,0.415906432748538,0.1678657074340527
106,211-000550,211-000553,strict,f1_macro,0.1678657074340527,0.1801801801801802,0.17402294380711647,0.012314472746127486,0.1678657074340527,0.1801801801801802,-0.15931038952621684,0.3365384615384615,0.3703703703703703,0.1678657074340527,0.1801801801801802,0.1678657074340527
107,211-000532,211-000537,strict,f1_macro,0.1760299625468164,0.1675392670157068,0.1717846147812616,0.008490695531109621,0.1675392670157068,0.1760299625468164,-0.1615487185520717,0.3587786259541984,0.3333333333333333,0.1760299625468164,0.1675392670157068,0.16753926701570682
108,211-000543,211-000545,strict,f1_macro,0.29386370644465,0.1666666666666666,0.2302651865556583,0.12719703977798338,0.1666666666666666,0.29386370644465,-0.10306814677767501,0.375,0.3191489361702128,0.29386370644465,0.1666666666666666,0.16666666666666663
109,211-000531,211-000539,strict,f1_macro,0.1666666666666666,0.260682548685952,0.2136746076763093,0.09401588201928537,0.1666666666666666,0.260682548685952,-0.11965872565702401,0.3333333333333333,0.2580645161290322,0.1666666666666666,0.260682548685952,0.16666666666666663
110,211-000537,211-000543,strict,f1_macro,0.1666666666666666,0.1940457203615098,0.18035619351408821,0.027379053694843197,0.1666666666666666,0.1940457203615098,-0.1529771398192451,0.3333333333333333,0.3358778625954198,0.1666666666666666,0.1940457203615098,0.16666666666666663
111,211-000543,211-000552,strict,f1_macro,0.186335403726708,0.1666666666666666,0.1765010351966873,0.019668737060041408,0.1666666666666666,0.186335403726708,-0.156832298136646,0.3879310344827586,0.3333333333333333,0.186335403726708,0.1666666666666666,0.1666666666666666
112,211-000543,211-000546,strict,f1_macro,0.2642813755265993,0.1666666666666666,0.21547402109663294,0.0976147088599327,0.1666666666666666,0.2642813755265993,-0.11785931223670038,0.3829787234042553,0.3333333333333333,0.2642813755265993,0.1666666666666666,0.16666666666666657
113,211-000539,211-000545,strict,f1_macro,0.2095238095238095,0.1666666666666666,0.18809523809523804,0.0428571428571429,0.1666666666666666,0.2095238095238095,-0.14523809523809528,0.4583333333333333,0.3333333333333333,0.2095238095238095,0.1666666666666666,0.16666666666666657
114,211-000555,211-000556,strict,f1_macro,0.1666666666666666,0.206984126984127,0.18682539682539678,0.04031746031746039,0.1666666666666666,0.206984126984127,-0.14650793650793653,0.2450980392156862,0.3157894736842105,0.1666666666666666,0.206984126984127,0.16666666666666657
115,211-000543,211-000544,strict,f1_macro,0.1876247504990019,0.1666666666666666,0.17714570858283424,0.0209580838323353,0.1666666666666666,0.1876247504990019,-0.15618762475049908,0.3916666666666666,0.3333333333333333,0.1876247504990019,0.1666666666666666,0.16666666666666657
116,211-000541,211-000543,strict,f1_macro,0.1746880570409982,0.1661257606490872,0.17040690884504273,0.008562296391911,0.1661257606490872,0.1746880570409982,-0.1629264244882906,0.3475177304964539,0.2755905511811024,0.1746880570409982,0.1661257606490872,0.16612576064908724
117,211-000549,211-000550,strict,f1_macro,0.2423076923076923,0.1657657657657657,0.204036729036729,0.0765419265419266,0.1657657657657657,0.2423076923076923,-0.1292966042966043,0.4074074074074074,0.3309352517985611,0.2423076923076923,0.1657657657657657,0.1657657657657657
118,211-000532,211-000543,strict,f1_macro,0.1657458563535911,0.1891788912173747,0.1774623737854829,0.02343303486378359,0.1657458563535911,0.1891788912173747,-0.1558709595478504,0.3191489361702128,0.3125,0.1657458563535911,0.1891788912173747,0.16574585635359113
119,211-000555,211-000557,strict,f1_macro,0.4103596349973161,0.1657032755298651,0.2880314552635906,0.24465635946745098,0.1657032755298651,0.4103596349973161,-0.04530187806974273,0.5112781954887218,0.3233082706766917,0.4103596349973161,0.1657032755298651,0.16570327552986508
120,211-000536,211-000539,strict,f1_macro,0.1657032755298651,0.1865079365079365,0.1761056060189008,0.020804660978071404,0.1657032755298651,0.1865079365079365,-0.15722772731443252,0.3257575757575757,0.3790322580645161,0.1657032755298651,0.1865079365079365,0.16570327552986508
121,211-000543,211-000547,strict,f1_macro,0.1640488656195462,0.1809107468123861,0.17247980621596615,0.016861881192839878,0.1640488656195462,0.1809107468123861,-0.16085352711736717,0.3263888888888889,0.3333333333333333,0.1640488656195462,0.1809107468123861,0.1640488656195462
122,211-000533,211-000547,strict,f1_macro,0.1640488656195462,0.1874657265961613,0.17575729610785373,0.023416860976615078,0.1640488656195462,0.1874657265961613,-0.15757603722547958,0.3263888888888889,0.3550724637681159,0.1640488656195462,0.1874657265961613,0.16404886561954618
123,211-000546,211-000547,strict,f1_macro,0.1649122807017543,0.1639928698752228,0.16445257528848856,0.0009194108265314915,0.1639928698752228,0.1649122807017543,-0.16888075804484476,0.3263888888888889,0.3262411347517731,0.1649122807017543,0.1639928698752228,0.16399286987522282
124,211-000533,211-000539,strict,f1_macro,0.3010640153497296,0.1639344262295081,0.23249922078961885,0.1371295891202215,0.1639344262295081,0.3010640153497296,-0.10083411254371447,0.4090909090909091,0.3260869565217391,0.3010640153497296,0.1639344262295081,0.1639344262295081
125,211-000533,211-000543,strict,f1_macro,0.2030710835058661,0.1639344262295081,0.1835027548676871,0.03913665727635801,0.1639344262295081,0.2030710835058661,-0.1498305784656462,0.3120567375886525,0.3260869565217391,0.2030710835058661,0.1639344262295081,0.1639344262295081
126,211-000533,211-000545,strict,f1_macro,0.3440899459634822,0.1639344262295081,0.2540121860964951,0.1801555197339741,0.1639344262295081,0.3440899459634822,-0.0793211472368382,0.3958333333333333,0.3260869565217391,0.3440899459634822,0.1639344262295081,0.16393442622950807
127,211-000535,211-000540,strict,f1_macro,0.1637357178340784,0.3082014911802146,0.23596860450714652,0.14446577334613622,0.1637357178340784,0.3082014911802146,-0.0973647288261868,0.2254901960784313,0.3267326732673267,0.1637357178340784,0.3082014911802146,0.16373571783407842
128,211-000536,211-000552,strict,f1_macro,0.1636050911592707,0.218856404837384,0.19123074799832734,0.05525131367811331,0.1636050911592707,0.218856404837384,-0.14210258533500597,0.2068965517241379,0.3790322580645161,0.1636050911592707,0.218856404837384,0.1636050911592707
129,211-000541,211-000557,strict,f1_macro,0.1628787878787878,0.1782945736434108,0.17058668076109929,0.015415785764623019,0.1628787878787878,0.1782945736434108,-0.16274665257223403,0.3233082706766917,0.3622047244094488,0.1628787878787878,0.1782945736434108,0.1628787878787878
130,211-000533,211-000541,strict,f1_macro,0.1626984126984127,0.1639344262295081,0.16331641946396042,0.001236013531095398,0.1626984126984127,0.1639344262295081,-0.1700169138693729,0.3228346456692913,0.3260869565217391,0.1626984126984127,0.1639344262295081,0.16269841269841273
131,211-000531,211-000541,strict,f1_macro,0.1626984126984127,0.5959950132460652,0.37934671297223893,0.4332966005476525,0.1626984126984127,0.5959950132460652,0.046013379638905616,0.3228346456692913,0.6774193548387096,0.1626984126984127,0.5959950132460652,0.16269841269841268
132,211-000540,211-000554,strict,f1_macro,0.1620626151012891,0.2284334023464458,0.19524800872386744,0.06637078724515669,0.1620626151012891,0.2284334023464458,-0.13808532460946588,0.3211678832116788,0.2549019607843137,0.1620626151012891,0.2284334023464458,0.1620626151012891
133,211-000544,211-000554,strict,f1_macro,0.1620626151012891,0.2142027542724407,0.1881326846868649,0.052140139171151595,0.1620626151012891,0.2142027542724407,-0.14520064864646842,0.3211678832116788,0.4,0.1620626151012891,0.2142027542724407,0.1620626151012891
134,211-000554,211-000556,strict,f1_macro,0.1984848484848485,0.1620626151012891,0.1802737317930688,0.03642223338355938,0.1620626151012891,0.1984848484848485,-0.15305960154026452,0.2745098039215686,0.3211678832116788,0.1984848484848485,0.1620626151012891,0.1620626151012891
135,211-000549,211-000554,strict,f1_macro,0.1620626151012891,0.1805555555555555,0.17130908532842232,0.018492940454266388,0.1620626151012891,0.1805555555555555,-0.162024248004911,0.3211678832116788,0.3381294964028777,0.1620626151012891,0.1805555555555555,0.1620626151012891
136,211-000547,211-000554,strict,f1_macro,0.1620626151012891,0.1791181657848324,0.17059039044306074,0.01705555068354328,0.1620626151012891,0.1791181657848324,-0.16274294289027258,0.3211678832116788,0.3333333333333333,0.1620626151012891,0.1791181657848324,0.1620626151012891
137,211-000545,211-000554,strict,f1_macro,0.1620626151012891,0.1668273247220615,0.1644449699116753,0.004764709620772384,0.1620626151012891,0.1668273247220615,-0.16888836342165803,0.3211678832116788,0.1875,0.1620626151012891,0.1668273247220615,0.1620626151012891
138,211-000533,211-000537,strict,f1_macro,0.1618497109826589,0.1720430107526881,0.1669463608676735,0.010193299770029196,0.1618497109826589,0.1720430107526881,-0.1663869724656598,0.3206106870229007,0.3478260869565217,0.1618497109826589,0.1720430107526881,0.1618497109826589
139,211-000531,211-000555,strict,f1_macro,0.1614906832298136,0.2519640852974186,0.2067273842636161,0.09047340206760499,0.1614906832298136,0.2519640852974186,-0.12660594906971723,0.2932330827067669,0.5,0.1614906832298136,0.2519640852974186,0.16149068322981358
140,211-000543,211-000556,strict,f1_macro,0.3884057971014492,0.1612903225806451,0.27484805984104715,0.22711547452080408,0.1612903225806451,0.3884057971014492,-0.05848527349228616,0.4313725490196078,0.3191489361702128,0.3884057971014492,0.1612903225806451,0.16129032258064513
141,211-000531,211-000537,strict,f1_macro,0.1607843137254902,0.2346162209175907,0.19770026732154045,0.0738319071921005,0.1607843137254902,0.2346162209175907,-0.13563306601179287,0.3129770992366412,0.3548387096774194,0.1607843137254902,0.2346162209175907,0.16078431372549018
142,211-000536,211-000554,strict,f1_macro,0.1606524340323697,0.2030530332938544,0.18185273366311205,0.042400599261484706,0.1606524340323697,0.2030530332938544,-0.15148059967022126,0.2481751824817518,0.3387096774193548,0.1606524340323697,0.2030530332938544,0.1606524340323697
143,211-000533,211-000555,strict,f1_macro,0.16,0.2429074104371619,0.20145370521858097,0.0829074104371619,0.16,0.2429074104371619,-0.13187962811475235,0.3157894736842105,0.2898550724637681,0.16,0.2429074104371619,0.16000000000000003
144,211-000543,211-000557,strict,f1_macro,0.16,0.2381466163160103,0.19907330815800517,0.0781466163160103,0.16,0.2381466163160103,-0.13426002517532815,0.3157894736842105,0.3262411347517731,0.16,0.2381466163160103,0.16000000000000003
145,211-000548,211-000555,strict,f1_macro,0.16,0.4153439153439153,0.28767195767195763,0.2553439153439153,0.16,0.4153439153439153,-0.04566137566137568,0.3157894736842105,0.5283018867924528,0.16,0.4153439153439153,0.15999999999999998
146,211-000535,211-000545,strict,f1_macro,0.2367026912481458,0.1599869664385793,0.19834482884336255,0.07671572480956651,0.1599869664385793,0.2367026912481458,-0.13498850448997077,0.3333333333333333,0.2673267326732673,0.2367026912481458,0.1599869664385793,0.1599869664385793
147,211-000536,211-000537,strict,f1_macro,0.1598440545808966,0.1630973193473193,0.16147068696410793,0.003253264766422709,0.1598440545808966,0.1630973193473193,-0.17186264636922538,0.3129770992366412,0.1774193548387097,0.1598440545808966,0.1630973193473193,0.15984405458089657
148,211-000536,211-000557,strict,f1_macro,0.2074829931972789,0.1593567251461988,0.18341985917173886,0.048126268051080084,0.1593567251461988,0.2074829931972789,-0.14991347416159445,0.3458646616541353,0.2580645161290322,0.2074829931972789,0.1593567251461988,0.1593567251461988
149,211-000539,211-000555,strict,f1_macro,0.1586552860137765,0.1867424242424242,0.17269885512810035,0.028087138228647723,0.1586552860137765,0.1867424242424242,-0.16063447820523297,0.2706766917293233,0.3106060606060606,0.1586552860137765,0.1867424242424242,0.1586552860137765
150,211-000548,211-000556,strict,f1_macro,0.1809523809523809,0.158273381294964,0.16961288112367245,0.022678999657416904,0.158273381294964,0.1809523809523809,-0.16372045220966086,0.3725490196078431,0.3113207547169811,0.1809523809523809,0.158273381294964,0.158273381294964
151,211-000533,211-000557,strict,f1_macro,0.1579961464354528,0.2256837794354248,0.1918399629354388,0.06768763299997202,0.1579961464354528,0.2256837794354248,-0.1414933703978945,0.3082706766917293,0.3405797101449275,0.1579961464354528,0.2256837794354248,0.1579961464354528
152,211-000548,211-000552,strict,f1_macro,0.1578947368421052,0.3558829870374861,0.25688886193979565,0.1979882501953809,0.1578947368421052,0.3558829870374861,-0.07644447139353766,0.3103448275862069,0.4716981132075472,0.1578947368421052,0.3558829870374861,0.1578947368421052
153,211-000533,211-000552,strict,f1_macro,0.1578947368421052,0.1629629629629629,0.16042884990253403,0.005068226120857694,0.1578947368421052,0.1629629629629629,-0.17290448343079928,0.3103448275862069,0.3188405797101449,0.1578947368421052,0.1629629629629629,0.1578947368421052
154,211-000531,211-000545,strict,f1_macro,0.1707287933094384,0.1574074074074074,0.1640681003584229,0.013321385902030997,0.1574074074074074,0.1707287933094384,-0.16926523297491042,0.3125,0.2741935483870967,0.1707287933094384,0.1574074074074074,0.15740740740740738
155,211-000536,211-000541,strict,f1_macro,0.1573498964803312,0.2055722891566265,0.18146109281847886,0.0482223926762953,0.1573498964803312,0.2055722891566265,-0.15187224051485446,0.2992125984251969,0.3790322580645161,0.1573498964803312,0.2055722891566265,0.1573498964803312
156,211-000549,211-000552,strict,f1_macro,0.5046511627906977,0.1573033707865168,0.3309772667886072,0.34734779200418087,0.1573033707865168,0.5046511627906977,-0.0023560665447260876,0.603448275862069,0.302158273381295,0.5046511627906977,0.1573033707865168,0.1573033707865168
157,211-000549,211-000556,strict,f1_macro,0.1572916666666666,0.1630434782608695,0.16016757246376806,0.005751811594202905,0.1572916666666666,0.1630434782608695,-0.17316576086956526,0.2745098039215686,0.3237410071942446,0.1572916666666666,0.1630434782608695,0.1572916666666666
158,211-000548,211-000549,strict,f1_macro,0.3302219622026026,0.1571815718157181,0.24370176700916035,0.17304039038688449,0.1571815718157181,0.3302219622026026,-0.08963156632417296,0.3525179856115107,0.2735849056603773,0.3302219622026026,0.1571815718157181,0.15718157181571812
159,211-000532,211-000552,strict,f1_macro,0.1555555555555555,0.3140689121176926,0.23481223383662406,0.1585133565621371,0.1555555555555555,0.3140689121176926,-0.09852109949670926,0.3017241379310345,0.375,0.1555555555555555,0.3140689121176926,0.1555555555555555
160,211-000552,211-000555,strict,f1_macro,0.2492063492063492,0.1555555555555555,0.20238095238095236,0.0936507936507937,0.1555555555555555,0.2492063492063492,-0.13095238095238096,0.3533834586466165,0.3017241379310345,0.2492063492063492,0.1555555555555555,0.1555555555555555
161,211-000553,211-000557,strict,f1_macro,0.2698039215686275,0.1553884711779448,0.21259619637328614,0.11441545039068268,0.1553884711779448,0.2698039215686275,-0.12073713696004718,0.3909774436090225,0.2980769230769231,0.2698039215686275,0.1553884711779448,0.1553884711779448
162,211-000539,211-000549,strict,f1_macro,0.2745130135865117,0.1547619047619047,0.2146374591742082,0.11975110882460699,0.1547619047619047,0.2745130135865117,-0.11869587415912511,0.3884892086330935,0.2954545454545454,0.2745130135865117,0.1547619047619047,0.1547619047619047
163,211-000532,211-000545,strict,f1_macro,0.1546666666666666,0.2352255587549705,0.19494611271081855,0.08055889208830391,0.1546666666666666,0.2352255587549705,-0.13838722062251477,0.3020833333333333,0.3680555555555556,0.1546666666666666,0.2352255587549705,0.1546666666666666
164,211-000545,211-000547,strict,f1_macro,0.1640488656195462,0.1546666666666666,0.1593577661431064,0.009382198952879617,0.1546666666666666,0.1640488656195462,-0.17397556719022692,0.3263888888888889,0.3020833333333333,0.1640488656195462,0.1546666666666666,0.1546666666666666
165,211-000540,211-000552,strict,f1_macro,0.1545253863134657,0.1629629629629629,0.1587441746382143,0.00843757664949718,0.1545253863134657,0.1629629629629629,-0.174589158695119,0.3017241379310345,0.3235294117647059,0.1545253863134657,0.1629629629629629,0.1545253863134657
166,211-000552,211-000557,strict,f1_macro,0.2000841750841751,0.1545253863134657,0.17730478069882039,0.045558788770709374,0.1545253863134657,0.2000841750841751,-0.15602855263451293,0.3533834586466165,0.3017241379310345,0.2000841750841751,0.1545253863134657,0.15452538631346568
167,211-000543,211-000554,strict,f1_macro,0.1544256120527307,0.2218253968253968,0.18812550443906373,0.06739978477266609,0.1544256120527307,0.2218253968253968,-0.14520782889426959,0.2992700729927007,0.2765957446808511,0.1544256120527307,0.2218253968253968,0.1544256120527307
168,211-000547,211-000553,strict,f1_macro,0.154228855721393,0.1649122807017543,0.15957056821157364,0.010683424980361289,0.154228855721393,0.1649122807017543,-0.17376276512175967,0.2980769230769231,0.3263888888888889,0.154228855721393,0.1649122807017543,0.154228855721393
169,211-000552,211-000553,strict,f1_macro,0.154228855721393,0.1545253863134657,0.15437712101742934,0.0002965305920727135,0.154228855721393,0.1545253863134657,-0.17895621231590397,0.2980769230769231,0.3017241379310345,0.154228855721393,0.1545253863134657,0.154228855721393
170,211-000540,211-000553,strict,f1_macro,0.1530864197530864,0.243978243978244,0.1985323318656652,0.0908918242251576,0.1530864197530864,0.243978243978244,-0.1348010014676681,0.2980769230769231,0.2941176470588235,0.1530864197530864,0.243978243978244,0.1530864197530864
171,211-000549,211-000553,strict,f1_macro,0.1530864197530864,0.2088319088319088,0.1809591642924976,0.0557454890788224,0.1530864197530864,0.2088319088319088,-0.15237416904083573,0.2980769230769231,0.3525179856115107,0.1530864197530864,0.2088319088319088,0.1530864197530864
172,211-000535,211-000539,strict,f1_macro,0.1520467836257309,0.2054794520547945,0.17876311784026272,0.05343266842906361,0.1520467836257309,0.2054794520547945,-0.1545702154930706,0.2954545454545454,0.4455445544554455,0.1520467836257309,0.2054794520547945,0.15204678362573093
173,211-000539,211-000547,strict,f1_macro,0.1640488656195462,0.1520467836257309,0.15804782462263856,0.012002081993815306,0.1520467836257309,0.1640488656195462,-0.17528550871069476,0.3263888888888889,0.2954545454545454,0.1640488656195462,0.1520467836257309,0.1520467836257309
174,211-000532,211-000539,strict,f1_macro,0.1520467836257309,0.2523960633204331,0.20222142347308197,0.10034927969470217,0.1520467836257309,0.2523960633204331,-0.13111190986025134,0.2954545454545454,0.3819444444444444,0.1520467836257309,0.2523960633204331,0.15204678362573087
175,211-000533,211-000544,strict,f1_macro,0.152017916723799,0.2657793910062512,0.2088986538650251,0.1137614742824522,0.152017916723799,0.2657793910062512,-0.12443467946830822,0.2416666666666666,0.3985507246376811,0.152017916723799,0.2657793910062512,0.152017916723799
176,211-000543,211-000553,strict,f1_macro,0.1508951406649616,0.1666666666666666,0.1587809036658141,0.015771526001705005,0.1508951406649616,0.1666666666666666,-0.17455242966751922,0.1923076923076923,0.3333333333333333,0.1508951406649616,0.1666666666666666,0.1508951406649616
177,211-000533,211-000549,strict,f1_macro,0.1503328042621481,0.1601489757914339,0.15524089002679098,0.009816171529285794,0.1503328042621481,0.1601489757914339,-0.17809244330654234,0.158273381294964,0.3115942028985507,0.1503328042621481,0.1601489757914339,0.15033280426214807
178,211-000536,211-000549,strict,f1_macro,0.2608393517484426,0.149937237588192,0.2053882946683173,0.11090211416025059,0.149937237588192,0.2608393517484426,-0.12794503866501603,0.3237410071942446,0.2580645161290322,0.2608393517484426,0.149937237588192,0.149937237588192
179,211-000546,211-000548,strict,f1_macro,0.1470588235294117,0.2175910123344415,0.1823249179319266,0.07053218880502982,0.1470588235294117,0.2175910123344415,-0.15100841540140672,0.2830188679245283,0.2907801418439716,0.1470588235294117,0.2175910123344415,0.1470588235294117
180,211-000547,211-000548,strict,f1_macro,0.1470588235294117,0.1692573402417962,0.15815808188560393,0.022198516712384514,0.1470588235294117,0.1692573402417962,-0.17517525144772939,0.2830188679245283,0.3402777777777778,0.1470588235294117,0.1692573402417962,0.1470588235294117
181,211-000535,211-000552,strict,f1_macro,0.1545253863134657,0.1469816272965879,0.1507535068050268,0.007543759016877816,0.1469816272965879,0.1545253863134657,-0.1825798265283065,0.3017241379310345,0.2772277227722772,0.1545253863134657,0.1469816272965879,0.1469816272965879
182,211-000539,211-000557,strict,f1_macro,0.1900015820281601,0.1468253968253968,0.16841348942677845,0.043176185202763284,0.1468253968253968,0.1900015820281601,-0.16491984390655487,0.3308270676691729,0.2803030303030303,0.1900015820281601,0.1468253968253968,0.1468253968253968
183,211-000535,211-000548,strict,f1_macro,0.2026666666666666,0.1458333333333333,0.17424999999999996,0.05683333333333332,0.1458333333333333,0.2026666666666666,-0.15908333333333335,0.3584905660377358,0.2772277227722772,0.2026666666666666,0.1458333333333333,0.14583333333333331
184,211-000537,211-000547,strict,f1_macro,0.1448138675760159,0.1893939393939393,0.1671039034849776,0.04458007181792342,0.1448138675760159,0.1893939393939393,-0.1662294298483557,0.2361111111111111,0.3587786259541984,0.1448138675760159,0.1893939393939393,0.1448138675760159
185,211-000544,211-000557,strict,f1_macro,0.1751039373930056,0.1447035400643647,0.15990373872868513,0.030400397328640888,0.1447035400643647,0.1751039373930056,-0.17342959460464819,0.3233082706766917,0.1416666666666666,0.1751039373930056,0.1447035400643647,0.1447035400643647
186,211-000535,211-000543,strict,f1_macro,0.4475825425535951,0.1447028423772609,0.296142692465428,0.3028797001763342,0.1447028423772609,0.4475825425535951,-0.0371906408679053,0.4468085106382978,0.2772277227722772,0.4475825425535951,0.1447028423772609,0.14470284237726092
187,211-000532,211-000535,strict,f1_macro,0.1447028423772609,0.2151515151515151,0.179927178764388,0.0704486727742542,0.1447028423772609,0.2151515151515151,-0.15340615456894532,0.2772277227722772,0.3472222222222222,0.1447028423772609,0.2151515151515151,0.1447028423772609
188,211-000535,211-000537,strict,f1_macro,0.1925283580782201,0.1447028423772609,0.1686156002277405,0.04782551570095922,0.1447028423772609,0.1925283580782201,-0.16471773310559282,0.366412213740458,0.2772277227722772,0.1925283580782201,0.1447028423772609,0.1447028423772609
189,211-000535,211-000557,strict,f1_macro,0.189873417721519,0.1447028423772609,0.16728813004938994,0.04517057534425811,0.1447028423772609,0.189873417721519,-0.16604520328394337,0.3383458646616541,0.2772277227722772,0.189873417721519,0.1447028423772609,0.1447028423772609
190,211-000535,211-000544,strict,f1_macro,0.1847389558232931,0.1447028423772609,0.16472089910027699,0.04003611344603222,0.1447028423772609,0.1847389558232931,-0.16861243423305633,0.3833333333333333,0.2772277227722772,0.1847389558232931,0.1447028423772609,0.1447028423772609
191,211-000535,211-000554,strict,f1_macro,0.1620626151012891,0.1447028423772609,0.153382728739275,0.017359772724028222,0.1447028423772609,0.1620626151012891,-0.17995060459405832,0.3211678832116788,0.2772277227722772,0.1620626151012891,0.1447028423772609,0.1447028423772609
192,211-000535,211-000549,strict,f1_macro,0.1602914389799635,0.1447028423772609,0.1524971406786122,0.01558859660270262,0.1447028423772609,0.1602914389799635,-0.18083619265472112,0.316546762589928,0.2772277227722772,0.1602914389799635,0.1447028423772609,0.1447028423772609
193,211-000535,211-000547,strict,f1_macro,0.3732537907034551,0.1447028423772609,0.25897831654035797,0.22855094832619421,0.1447028423772609,0.3732537907034551,-0.07435501679297535,0.4791666666666667,0.2772277227722772,0.3732537907034551,0.1447028423772609,0.14470284237726086
194,211-000544,211-000553,strict,f1_macro,0.1539753639417693,0.1444467485388201,0.1492110562402947,0.009528615402949192,0.1444467485388201,0.1539753639417693,-0.1841222770930386,0.2019230769230769,0.1833333333333333,0.1539753639417693,0.1444467485388201,0.1444467485388201
195,211-000552,211-000556,strict,f1_macro,0.1632653061224489,0.1441441441441441,0.1537047251332965,0.019121161978304824,0.1441441441441441,0.1632653061224489,-0.17962860820003682,0.2352941176470588,0.2758620689655172,0.1632653061224489,0.1441441441441441,0.1441441441441441
196,211-000549,211-000555,strict,f1_macro,0.1435268903623334,0.2760818172474046,0.209804353804869,0.1325549268850712,0.1435268903623334,0.2760818172474046,-0.12352897952846431,0.2330827067669172,0.3741007194244604,0.1435268903623334,0.2760818172474046,0.1435268903623334
197,211-000532,211-000554,strict,f1_macro,0.3191857412040898,0.143055143055143,0.2311204421296164,0.17613059814894683,0.143055143055143,0.3191857412040898,-0.1022128912037169,0.3357664233576642,0.1944444444444444,0.3191857412040898,0.143055143055143,0.143055143055143
198,211-000544,211-000549,strict,f1_macro,0.2084981684981685,0.142672572905131,0.17558537070164976,0.0658255955930375,0.142672572905131,0.2084981684981685,-0.15774796263168356,0.3525179856115107,0.2166666666666666,0.2084981684981685,0.142672572905131,0.14267257290513102
199,211-000541,211-000546,strict,f1_macro,0.141025641025641,0.4390648567119155,0.29004524886877825,0.29803921568627445,0.141025641025641,0.4390648567119155,-0.043288084464555066,0.1985815602836879,0.4803149606299212,0.141025641025641,0.4390648567119155,0.14102564102564102
200,211-000547,211-000556,strict,f1_macro,0.1395348837209302,0.3108969210174029,0.22521590236916655,0.1713620372964727,0.1395348837209302,0.3108969210174029,-0.10811743096416676,0.2647058823529412,0.4027777777777778,0.1395348837209302,0.3108969210174029,0.1395348837209302
201,211-000540,211-000544,strict,f1_macro,0.2222622911407621,0.1374570446735395,0.1798596679071508,0.0848052464672226,0.1374570446735395,0.2222622911407621,-0.15347366542618252,0.2916666666666667,0.196078431372549,0.2222622911407621,0.1374570446735395,0.1374570446735395
202,211-000541,211-000554,strict,f1_macro,0.1729729729729729,0.1373124592302674,0.15514271610162014,0.03566051374270551,0.1373124592302674,0.1729729729729729,-0.17819061723171317,0.3503649635036496,0.2125984251968504,0.1729729729729729,0.1373124592302674,0.1373124592302674
203,211-000537,211-000544,strict,f1_macro,0.136437908496732,0.178030303030303,0.1572341057635175,0.041592394533571,0.136437908496732,0.178030303030303,-0.1760992275698158,0.2166666666666666,0.3587786259541984,0.136437908496732,0.178030303030303,0.136437908496732
204,211-000547,211-000550,strict,f1_macro,0.1352657004830918,0.1881390593047034,0.1617023798938976,0.052873358821611594,0.1352657004830918,0.1881390593047034,-0.1716309534394357,0.1728395061728395,0.3194444444444444,0.1352657004830918,0.1881390593047034,0.1352657004830918
205,211-000544,211-000556,strict,f1_macro,0.1764705882352941,0.1343880705582833,0.15542932939678872,0.042082517677010794,0.1343880705582833,0.1764705882352941,-0.1779040039365446,0.2647058823529412,0.2083333333333333,0.1764705882352941,0.1343880705582833,0.13438807055828333
206,211-000553,211-000555,strict,f1_macro,0.1331560872936745,0.2078824392693006,0.17051926328148756,0.0747263519756261,0.1331560872936745,0.2078824392693006,-0.16281407005184576,0.1654135338345864,0.3557692307692308,0.1331560872936745,0.2078824392693006,0.1331560872936745
207,211-000536,211-000553,strict,f1_macro,0.1690821256038647,0.1328205128205128,0.15095131921218874,0.03626161278335191,0.1328205128205128,0.1690821256038647,-0.18238201412114458,0.3365384615384615,0.2258064516129032,0.1690821256038647,0.1328205128205128,0.13282051282051277
208,211-000540,211-000548,strict,f1_macro,0.1321321321321321,0.2133333333333333,0.1727327327327327,0.0812012012012012,0.1321321321321321,0.2133333333333333,-0.1606006006006006,0.2075471698113207,0.4705882352941176,0.1321321321321321,0.2133333333333333,0.1321321321321321
209,211-000537,211-000541,strict,f1_macro,0.1306306306306306,0.3952380952380952,0.2629343629343629,0.26460746460746465,0.1306306306306306,0.3952380952380952,-0.07039897039897042,0.2283464566929134,0.4961832061068702,0.1306306306306306,0.3952380952380952,0.13063063063063057
210,211-000545,211-000555,strict,f1_macro,0.1713221601489758,0.1299435028248587,0.15063283148691725,0.04137865732411711,0.1299435028248587,0.1713221601489758,-0.18270050184641606,0.3458646616541353,0.2395833333333333,0.1713221601489758,0.1299435028248587,0.1299435028248587
211,211-000536,211-000555,strict,f1_macro,0.1328916181857358,0.1294817332200509,0.13118667570289336,0.003409884965684895,0.1294817332200509,0.1328916181857358,-0.20214665763043996,0.1729323308270676,0.1693548387096774,0.1328916181857358,0.1294817332200509,0.1294817332200509
212,211-000536,211-000545,strict,f1_macro,0.1288515406162465,0.2561688311688311,0.19251018589253882,0.1273172905525846,0.1288515406162465,0.2561688311688311,-0.1408231474407945,0.2395833333333333,0.3387096774193548,0.1288515406162465,0.2561688311688311,0.12885154061624654
213,211-000545,211-000557,strict,f1_macro,0.1628787878787878,0.1288515406162465,0.14586516424751717,0.03402724726254128,0.1288515406162465,0.1628787878787878,-0.18746816908581615,0.3233082706766917,0.2395833333333333,0.1628787878787878,0.1288515406162465,0.12885154061624654
214,211-000545,211-000548,strict,f1_macro,0.1793103448275862,0.1288515406162465,0.15408094272191636,0.05045880421133969,0.1288515406162465,0.1793103448275862,-0.17925239061141696,0.3679245283018867,0.2395833333333333,0.1793103448275862,0.1288515406162465,0.1288515406162465
215,211-000532,211-000533,strict,f1_macro,0.1276595744680851,0.1501123868537756,0.13888598066093033,0.022452812385690496,0.1276595744680851,0.1501123868537756,-0.19444735267240298,0.1956521739130435,0.2638888888888889,0.1276595744680851,0.1501123868537756,0.12765957446808507
216,211-000536,211-000547,strict,f1_macro,0.172646363509943,0.1271929824561403,0.14991967298304165,0.0454533810538027,0.1271929824561403,0.172646363509943,-0.18341366035029166,0.3194444444444444,0.2338709677419354,0.172646363509943,0.1271929824561403,0.1271929824561403
217,211-000546,211-000554,strict,f1_macro,0.1620626151012891,0.1253561253561253,0.14370937022870722,0.0367064897451638,0.1253561253561253,0.1620626151012891,-0.1896239631046261,0.3211678832116788,0.1560283687943262,0.1620626151012891,0.1253561253561253,0.12535612535612534
218,211-000535,211-000546,strict,f1_macro,0.1639928698752228,0.1236559139784946,0.1438243919268587,0.0403369558967282,0.1236559139784946,0.1639928698752228,-0.18950894140647462,0.3262411347517731,0.2277227722772277,0.1639928698752228,0.1236559139784946,0.1236559139784946
219,211-000539,211-000544,strict,f1_macro,0.1224489795918367,0.285550364724203,0.20399967215801984,0.16310138513236627,0.1224489795918367,0.285550364724203,-0.12933366117531347,0.225,0.3939393939393939,0.1224489795918367,0.285550364724203,0.1224489795918367
220,211-000548,211-000550,strict,f1_macro,0.2093189964157706,0.1201201201201201,0.16471955826794535,0.08919887629565049,0.1201201201201201,0.2093189964157706,-0.16861377506538797,0.2345679012345679,0.1792452830188679,0.2093189964157706,0.1201201201201201,0.1201201201201201
221,211-000537,211-000550,strict,f1_macro,0.1193693693693693,0.1897463002114164,0.15455783479039284,0.07037693084204709,0.1193693693693693,0.1897463002114164,-0.17877549854294048,0.1604938271604938,0.3587786259541984,0.1193693693693693,0.1897463002114164,0.11936936936936929
222,211-000539,211-000552,strict,f1_macro,0.3795685795685795,0.1174004192872117,0.24848449942789558,0.2621681602813678,0.1174004192872117,0.3795685795685795,-0.08484883390543774,0.4913793103448275,0.2121212121212121,0.3795685795685795,0.1174004192872117,0.11740041928721168
223,211-000540,211-000555,strict,f1_macro,0.1159891598915989,0.2649859943977591,0.190487577144679,0.1489968345061602,0.1159891598915989,0.2649859943977591,-0.1428457561886543,0.1278195488721804,0.3039215686274509,0.1159891598915989,0.2649859943977591,0.11598915989159891
224,211-000531,211-000557,strict,f1_macro,0.1628787878787878,0.1153846153846153,0.13913170163170155,0.047494172494172496,0.1153846153846153,0.1628787878787878,-0.19420163170163177,0.3233082706766917,0.1451612903225806,0.1628787878787878,0.1153846153846153,0.11538461538461531
225,211-000537,211-000540,strict,f1_macro,0.1092896174863388,0.264072941442972,0.1866812794646554,0.1547833239566332,0.1092896174863388,0.264072941442972,-0.1466520538686779,0.196078431372549,0.3282442748091603,0.1092896174863388,0.264072941442972,0.10928961748633881
226,211-000540,211-000547,strict,f1_macro,0.2982768865121806,0.1046831955922865,0.20148004105223355,0.1935936909198941,0.1046831955922865,0.2982768865121806,-0.13185329228109977,0.375,0.1862745098039215,0.2982768865121806,0.1046831955922865,0.1046831955922865
227,211-000540,211-000541,strict,f1_macro,0.1022222222222222,0.1502189917062715,0.12622060696424686,0.04799676948404931,0.1022222222222222,0.1502189917062715,-0.20711272636908645,0.1811023622047244,0.1862745098039215,0.1022222222222222,0.1502189917062715,0.10222222222222221
228,211-000546,211-000555,strict,f1_macro,0.1019092148840833,0.3046594982078853,0.2032843565459843,0.202750283323802,0.1019092148840833,0.3046594982078853,-0.130048976787349,0.1052631578947368,0.375886524822695,0.1019092148840833,0.3046594982078853,0.10190921488408332
229,211-000532,211-000548,strict,f1_macro,0.1012658227848101,0.1640488656195462,0.13265734420217815,0.06278304283473611,0.1012658227848101,0.1640488656195462,-0.20067598913115517,0.1132075471698113,0.3263888888888889,0.1012658227848101,0.1640488656195462,0.10126582278481008
230,211-000554,211-000555,strict,f1_macro,0.0982905982905982,0.2592220776269856,0.17875633795879192,0.1609314793363874,0.0982905982905982,0.2592220776269856,-0.1545769953745414,0.1729323308270676,0.3576642335766423,0.0982905982905982,0.2592220776269856,0.09829059829059822
231,211-000545,211-000550,strict,f1_macro,0.0982456140350877,0.3809514609997586,0.23959853751742313,0.2827058469646709,0.0982456140350877,0.3809514609997586,-0.09373479581591018,0.1728395061728395,0.40625,0.0982456140350877,0.3809514609997586,0.09824561403508769
232,211-000531,211-000554,strict,f1_macro,0.1818552082272681,0.0857142857142857,0.1337847469707769,0.09614092251298241,0.0857142857142857,0.1818552082272681,-0.1995485863625564,0.2846715328467153,0.1451612903225806,0.1818552082272681,0.0857142857142857,0.08571428571428572
233,211-000531,211-000544,strict,f1_macro,0.5235144682970544,0.0845070422535211,0.30401075527528776,0.43900742604353327,0.0845070422535211,0.5235144682970544,-0.029322578058045556,0.5583333333333333,0.1451612903225806,0.5235144682970544,0.0845070422535211,0.08450704225352113
234,211-000531,211-000543,strict,f1_macro,0.2644628099173554,0.0845070422535211,0.17448492608543825,0.17995576766383428,0.0845070422535211,0.2644628099173554,-0.15884840724789506,0.3191489361702128,0.1451612903225806,0.2644628099173554,0.0845070422535211,0.08450704225352111
235,211-000531,211-000549,strict,f1_macro,0.1808510638297872,0.0845070422535211,0.13267905304165414,0.09634402157626609,0.0845070422535211,0.1808510638297872,-0.20065428029167917,0.3381294964028777,0.1451612903225806,0.1808510638297872,0.0845070422535211,0.0845070422535211
236,211-000531,211-000535,strict,f1_macro,0.1805380411937789,0.0845070422535211,0.13252254172365,0.0960309989402578,0.0845070422535211,0.1805380411937789,-0.20081079160968332,0.2871287128712871,0.1451612903225806,0.1805380411937789,0.0845070422535211,0.0845070422535211
237,211-000531,211-000553,strict,f1_macro,0.1550387596899224,0.0845070422535211,0.11977290097172175,0.0705317174364013,0.0845070422535211,0.1550387596899224,-0.21356043236161157,0.2884615384615384,0.1451612903225806,0.1550387596899224,0.0845070422535211,0.0845070422535211
238,211-000533,211-000536,strict,f1_macro,0.2431143552311435,0.0839160839160839,0.1635152195736137,0.1591982713150596,0.0839160839160839,0.2431143552311435,-0.1698181137597196,0.3467741935483871,0.1304347826086956,0.2431143552311435,0.0839160839160839,0.0839160839160839
239,211-000531,211-000546,strict,f1_macro,0.5069636957114271,0.0818713450292397,0.2944175203703334,0.42509235068218737,0.0818713450292397,0.5069636957114271,-0.038915812962999896,0.5673758865248227,0.1129032258064516,0.5069636957114271,0.0818713450292397,0.08187134502923973
240,211-000537,211-000555,strict,f1_macro,0.0776868521549372,0.1950093329403674,0.1363480925476523,0.1173224807854302,0.0776868521549372,0.1950093329403674,-0.19698524078568103,0.1052631578947368,0.1755725190839694,0.0776868521549372,0.1950093329403674,0.07768685215493719
241,211-000531,211-000550,strict,f1_macro,0.1048689138576779,0.0761904761904761,0.090529695024077,0.028678437667201795,0.0761904761904761,0.1048689138576779,-0.24280363830925633,0.1728395061728395,0.1290322580645161,0.1048689138576779,0.0761904761904761,0.0761904761904761
242,211-000531,211-000556,strict,f1_macro,0.0755564918193947,0.3442265795206971,0.20989153567004587,0.2686700877013024,0.0755564918193947,0.3442265795206971,-0.12344179766328744,0.0784313725490196,0.3387096774193548,0.0755564918193947,0.3442265795206971,0.07555649181939467
243,211-000536,211-000550,strict,f1_macro,0.0659695463177035,0.2339821051477493,0.14997582573272641,0.1680125588300458,0.0659695463177035,0.2339821051477493,-0.1833575076006069,0.074074074074074,0.3951612903225806,0.0659695463177035,0.2339821051477493,0.06596954631770352
244,211-000536,211-000556,strict,f1_macro,0.1803921568627451,0.0615384615384615,0.1209653092006033,0.1188536953242836,0.0615384615384615,0.1803921568627451,-0.21236802413273,0.2254901960784313,0.0967741935483871,0.1803921568627451,0.0615384615384615,0.06153846153846151
245,211-000550,211-000555,strict,f1_macro,0.0594012040602501,0.3175834022608216,0.18849230316053586,0.2581821982005715,0.0594012040602501,0.3175834022608216,-0.14484103017279745,0.0676691729323308,0.3086419753086419,0.0594012040602501,0.3175834022608216,0.05940120406025012
246,211-000544,211-000555,strict,f1_macro,0.0592691622103386,0.3447704838043763,0.20201982300735746,0.2855013215940377,0.0592691622103386,0.3447704838043763,-0.13131351032597585,0.0827067669172932,0.3916666666666666,0.0592691622103386,0.3447704838043763,0.05926916221033862
247,211-000539,211-000556,strict,f1_macro,0.0483853311439518,0.2127329192546584,0.1305591251993051,0.1643475881107066,0.0483853311439518,0.2127329192546584,-0.20277420813402822,0.0490196078431372,0.3181818181818182,0.0483853311439518,0.2127329192546584,0.0483853311439518
248,211-000543,211-000555,strict,f1_macro,0.0469022512007298,0.316098541980895,0.1815003965908124,0.26919629078016516,0.0469022512007298,0.316098541980895,-0.1518329367425209,0.0601503759398496,0.3829787234042553,0.0469022512007298,0.316098541980895,0.04690225120072983
249,211-000531,211-000540,strict,f1_macro,0.4809081527347781,0.0307692307692307,0.2558386917520044,0.4501389219655474,0.0307692307692307,0.4809081527347781,-0.0774946415813289,0.6568627450980392,0.0483870967741935,0.4809081527347781,0.0307692307692307,0.030769230769230715
250,211-000535,211-000536,strict,f1_macro,0.0208333333333333,0.1438979963570127,0.08236566484517299,0.1230646630236794,0.0208333333333333,0.1438979963570127,-0.2509676684881603,0.032258064516129,0.1881188118811881,0.0208333333333333,0.1438979963570127,0.020833333333333294
251,211-000546,211-000550,strict,f1_macro,0.016260162601626,0.156060606060606,0.086160384331116,0.13980044345898002,0.016260162601626,0.156060606060606,-0.2471729490022173,0.0246913580246913,0.2765957446808511,0.016260162601626,0.156060606060606,0.016260162601625994
252,211-000539,211-000548,strict,f1_macro,0.1690140845070422,0.0099502487562189,0.08948216663163054,0.1590638357508233,0.0099502487562189,0.1690140845070422,-0.24385116670170276,0.3396226415094339,0.0151515151515151,0.1690140845070422,0.0099502487562189,0.009950248756218888
253,211-000548,211-000557,strict,f1_macro,0.100711548987411,0.0,0.0503557744937055,0.100711548987411,0.0,0.100711548987411,-0.28297755883962783,0.1278195488721804,0.0,0.100711548987411,0.0,0.0
