scope,subject_id,space,label_type,n_samples,n_labels,silhouette,centroid_ratio,centroid_distance,within_spread,pc1_var,pc2_var
global,all,original,condition,2754,3,-0.0048415218479931355,0.10485395131729396,1.8899444341659546,18.0245418548584,,
global,all,original,subject,2754,23,0.2514752149581909,2.0268991572323545,20.778047561645508,10.251150131225586,,
global,all,pca_2d,condition,2754,3,-0.0168110653758049,0.08575255534816427,1.008461356163025,11.7601318359375,0.4422132074832916,0.08542204648256302
global,all,pca_2d,subject,2754,23,-0.12959811091423035,2.3500595326982467,13.574348449707031,5.776172161102295,0.4422132074832916,0.08542204648256302
global,all,lda_2d,condition,2754,3,0.21863163170476296,1.8061197295011746,2.1458263330786074,1.1880864252944343,,
global,all,lda_2d,subject,2754,23,-0.15744582411733538,0.31806423231468256,0.510629343245086,1.605428373786989,,
within_subject,211-000531,original,condition,62,3,0.15955257415771484,1.0461256563649564,18.113628387451172,17.314964294433594,,
within_subject,211-000531,pca_2d,condition,62,3,0.24962717294692993,1.7458492478557595,14.541693687438965,8.32929515838623,0.2215246707201004,0.15022426843643188
within_subject,211-000531,lda_2d,condition,62,3,0.9649448524075909,40.79410593174554,26.147676566358886,0.6409670213159457,,
within_subject,211-000532,original,condition,144,3,0.01536029763519764,0.47783974561771186,8.826932907104492,18.472579956054688,,
within_subject,211-000532,pca_2d,condition,144,3,-0.022266104817390442,0.5038740151680259,5.558529376983643,11.031585693359375,0.25964391231536865,0.2132117748260498
within_subject,211-000532,lda_2d,condition,144,3,0.8582790356289234,14.774600602915159,10.448835039037833,0.7072160743865666,,
within_subject,211-000533,original,condition,138,3,0.09795992076396942,0.7769888792699821,13.337422370910645,17.165525436401367,,
within_subject,211-000533,pca_2d,condition,138,3,0.21147771179676056,1.241638260106773,10.946745872497559,8.816372871398926,0.2756388485431671,0.17920605838298798
within_subject,211-000533,lda_2d,condition,138,3,0.9005077883305208,16.98804660242882,13.410379609238698,0.7894009195444753,,
within_subject,211-000535,original,condition,101,3,0.04012365639209747,0.5999695388462593,11.623401641845703,19.373319625854492,,
within_subject,211-000535,pca_2d,condition,101,3,0.045403920114040375,1.2503557383465678,8.703028678894043,6.960442066192627,0.12245462834835052,0.0997496172785759
within_subject,211-000535,lda_2d,condition,101,3,0.8663515982147892,12.592215778348574,12.056538811219445,0.9574596737722062,,
within_subject,211-000536,original,condition,124,3,0.05206170678138733,0.8133064882253522,14.231422424316406,17.498228073120117,,
within_subject,211-000536,pca_2d,condition,124,3,0.04290854558348656,1.0305182964684654,10.708797454833984,10.391661643981934,0.2849682867527008,0.21370121836662292
within_subject,211-000536,lda_2d,condition,124,3,0.899626313654813,20.93891244117597,16.125101644589005,0.770102157400418,,
within_subject,211-000537,original,condition,131,3,0.09048724174499512,0.7549302485975765,13.015023231506348,17.240034103393555,,
within_subject,211-000537,pca_2d,condition,131,3,0.09779282659292221,1.1342901299362367,9.547896385192871,8.417508125305176,0.21880614757537842,0.15717820823192596
within_subject,211-000537,lda_2d,condition,131,3,0.9247160778280884,25.561901697427036,18.56654453090353,0.72633659070627,,
within_subject,211-000539,original,condition,132,3,0.09242856502532959,0.822387882376219,13.638348579406738,16.583839416503906,,
within_subject,211-000539,pca_2d,condition,132,3,0.2970507740974426,1.6327422104305036,12.543278694152832,7.682338714599609,0.3388133943080902,0.09769140183925629
within_subject,211-000539,lda_2d,condition,132,3,0.9211865029809584,26.68442557919833,18.289262615965068,0.6853909057047741,,
within_subject,211-000540,original,condition,102,3,0.17165155708789825,1.0339645235417685,17.710813522338867,17.1290340423584,,
within_subject,211-000540,pca_2d,condition,102,3,0.3163765072822571,1.7681640522520574,15.072928428649902,8.52462100982666,0.31672731041908264,0.10940802097320557
within_subject,211-000540,lda_2d,condition,102,3,0.9407159781322081,25.89383641873217,20.02495466183959,0.7733483110802076,,
within_subject,211-000541,original,condition,127,3,0.03366786241531372,0.8628479877115169,13.881260871887207,16.087724685668945,,
within_subject,211-000541,pca_2d,condition,127,3,-0.030032793059945107,0.9828742444780865,11.30748462677002,11.504508018493652,0.5414867997169495,0.1346876174211502
within_subject,211-000541,lda_2d,condition,127,3,0.927001658775203,20.835002976498686,16.931344717949422,0.8126394192036681,,
within_subject,211-000543,original,condition,141,3,0.06436339765787125,0.7507835998461344,13.800148010253906,18.380992889404297,,
within_subject,211-000543,pca_2d,condition,141,3,0.11793584376573563,1.1654657921458424,12.990157127380371,11.145893096923828,0.3135831654071808,0.21324904263019562
within_subject,211-000543,lda_2d,condition,141,3,0.8430754391421178,12.870295025572338,10.167604458342963,0.7900055467359376,,
within_subject,211-000544,original,condition,120,3,0.07794539630413055,0.8670880013149074,15.313926696777344,17.66132926940918,,
within_subject,211-000544,pca_2d,condition,120,3,0.2283845841884613,2.0112143571264354,14.174666404724121,7.047814846038818,0.23959395289421082,0.09964660555124283
within_subject,211-000544,lda_2d,condition,120,3,0.9143031782859121,16.60912752680104,14.11042918502045,0.8495587237941779,,
within_subject,211-000545,original,condition,96,3,0.0488431416451931,0.7059849747831808,12.842541694641113,18.190956115722656,,
within_subject,211-000545,pca_2d,condition,96,3,0.07450250536203384,1.0193648968493418,10.204609870910645,10.01075267791748,0.2905077040195465,0.12291711568832397
within_subject,211-000545,lda_2d,condition,96,3,0.9180747497922316,20.247497919007827,13.494833808534716,0.6664938977890137,,
within_subject,211-000546,original,condition,141,3,0.15948642790317535,1.2706194689201025,18.14857292175293,14.283247947692871,,
within_subject,211-000546,pca_2d,condition,141,3,0.3892408609390259,2.709376414849983,16.564607620239258,6.1138081550598145,0.39928820729255676,0.13555853068828583
within_subject,211-000546,lda_2d,condition,141,3,0.9413700431752384,39.82772320760098,33.616700982757386,0.844052792259587,,
within_subject,211-000547,original,condition,144,3,0.046675775200128555,0.6520457019002166,12.616634368896484,19.34930992126465,,
within_subject,211-000547,pca_2d,condition,144,3,0.07292357087135315,1.3106855435492193,9.452715873718262,7.212039470672607,0.1658172756433487,0.07353192567825317
within_subject,211-000547,lda_2d,condition,144,3,0.9117950317515304,19.360457531326887,16.446883403771157,0.8495090251425785,,
within_subject,211-000548,original,condition,106,3,0.048142172396183014,0.803740077313561,14.530322074890137,18.078384399414062,,
within_subject,211-000548,pca_2d,condition,106,3,0.1423545777797699,1.7604951824081214,13.19749927520752,7.496469974517822,0.25519388914108276,0.1037127822637558
within_subject,211-000548,lda_2d,condition,106,3,0.8815032467378984,39.6376446683769,25.90913012225451,0.6536495883895266,,
within_subject,211-000549,original,condition,139,3,0.025410067290067673,0.6420397391641703,11.755236625671387,18.3092041015625,,
within_subject,211-000549,pca_2d,condition,139,3,-0.03103959560394287,0.6377329865329643,6.677452564239502,10.470608711242676,0.23754844069480896,0.1865483522415161
within_subject,211-000549,lda_2d,condition,139,3,0.9086683146755035,17.21110774668088,12.555619017730477,0.7295067349825048,,
within_subject,211-000550,original,condition,81,3,0.14759308099746704,1.0833317987934252,18.73909568786621,17.297651290893555,,
within_subject,211-000550,pca_2d,condition,81,3,0.5102702379226685,3.701674153652044,17.683603286743164,4.777190685272217,0.23653191328048706,0.0960618183016777
within_subject,211-000550,lda_2d,condition,81,3,0.9579769183448901,41.39820149667409,27.277506701304233,0.6589055977094632,,
within_subject,211-000552,original,condition,116,3,0.11323471367359161,0.979879367541099,16.77934455871582,17.12388801574707,,
within_subject,211-000552,pca_2d,condition,116,3,0.3767249584197998,2.686747250886223,16.02630043029785,5.964945316314697,0.2568879723548889,0.10037753731012344
within_subject,211-000552,lda_2d,condition,116,3,0.9027540585451359,22.557739837581536,17.967825253490474,0.7965259544102574,,
within_subject,211-000553,original,condition,104,3,0.0491296723484993,0.7548844810266239,12.798216819763184,16.953874588012695,,
within_subject,211-000553,pca_2d,condition,104,3,0.08463874459266663,1.0758077950087792,10.647650718688965,9.897354125976562,0.3966822028160095,0.09746643900871277
within_subject,211-000553,lda_2d,condition,104,3,0.8987832738832252,17.605223355022673,12.64254136485224,0.7181130912052751,,
within_subject,211-000554,original,condition,137,3,0.06074337288737297,0.6752331706522993,12.094685554504395,17.911865234375,,
within_subject,211-000554,pca_2d,condition,137,3,0.1012120172381401,1.1350022323094302,9.92810344696045,8.747210502624512,0.2384881228208542,0.16281621158123016
within_subject,211-000554,lda_2d,condition,137,3,0.8121314180538428,11.319468581427133,10.308164556277765,0.9106579944203367,,
within_subject,211-000555,original,condition,133,3,0.18326616287231445,1.465399102840298,17.126386642456055,11.687182426452637,,
within_subject,211-000555,pca_2d,condition,133,3,0.2309466451406479,1.70245838835737,16.91602897644043,9.936236381530762,0.8802992105484009,0.032467640936374664
within_subject,211-000555,lda_2d,condition,133,3,0.6296914714340232,6.048905821043968,5.807078908571211,0.9600213791331488,,
within_subject,211-000556,original,condition,102,3,0.1844225525856018,2.105264421278156,20.742904663085938,9.852873802185059,,
within_subject,211-000556,pca_2d,condition,102,3,0.24669605493545532,3.030081980153126,20.381450653076172,6.726369380950928,0.8062619566917419,0.044172756373882294
within_subject,211-000556,lda_2d,condition,102,3,0.8602649953274301,13.62427140272032,11.111296004305652,0.8155515752624737,,
within_subject,211-000557,original,condition,133,3,0.08943238109350204,0.7967697312195396,13.722614288330078,17.222810745239258,,
within_subject,211-000557,pca_2d,condition,133,3,0.17345203459262848,1.534038452260862,11.6449613571167,7.5910491943359375,0.28839975595474243,0.11357524245977402
within_subject,211-000557,lda_2d,condition,133,3,0.9138772964864978,19.067684975823106,16.31936733683557,0.855865164413439,,
