subject_id,class,rank,feature,coefficient,abs_coefficient
211-000531,JOY,1,O2_Beta,0.4120582640171051,0.4120582640171051
211-000531,JOY,2,POz_Beta,0.40014469623565674,0.40014469623565674
211-000531,JOY,3,PO4_Beta,0.39481502771377563,0.39481502771377563
211-000531,JOY,4,F4_Beta,0.27742791175842285,0.27742791175842285
211-000531,JOY,5,PO5_Beta,0.2651175558567047,0.2651175558567047
211-000531,JOY,6,PO6_Beta,0.26404866576194763,0.26404866576194763
211-000531,JOY,7,AlphaAsym_PO4-PO3,0.2604229152202606,0.2604229152202606
211-000531,JOY,8,C4_Beta,-0.2536126673221588,0.2536126673221588
211-000531,JOY,9,FC4_Beta,-0.19219353795051575,0.19219353795051575
211-000531,JOY,10,Oz_Beta,0.13543276488780975,0.13543276488780975
211-000531,JOY,11,F2_Beta,0.12139422446489334,0.12139422446489334
211-000531,JOY,12,C6_Beta,-0.11166499555110931,0.11166499555110931
211-000531,JOY,13,P1_Beta,0.08834805339574814,0.08834805339574814
211-000531,JOY,14,T8_Beta,-0.0832996517419815,0.0832996517419815
211-000531,JOY,15,FCz_Alpha,-0.06981401145458221,0.06981401145458221
211-000531,NEUTRO,1,Fpz_Beta,-0.42025452852249146,0.42025452852249146
211-000531,NEUTRO,2,Fz_Beta,0.2842051088809967,0.2842051088809967
211-000531,NEUTRO,3,CPz_Beta,-0.2787324786186218,0.2787324786186218
211-000531,NEUTRO,4,Oz_Beta,-0.21451930701732635,0.21451930701732635
211-000531,NEUTRO,5,FCz_Alpha,0.18637587130069733,0.18637587130069733
211-000531,NEUTRO,6,FT7_Beta,-0.18526212871074677,0.18526212871074677
211-000531,NEUTRO,7,PO5_Beta,-0.1811036467552185,0.1811036467552185
211-000531,NEUTRO,8,Fz_Alpha,0.17688053846359253,0.17688053846359253
211-000531,NEUTRO,9,Fp1_Beta,-0.1628919541835785,0.1628919541835785
211-000531,NEUTRO,10,FC2_Beta,0.1506277620792389,0.1506277620792389
211-000531,NEUTRO,11,AlphaAsym_PO4-PO3,-0.11396238952875137,0.11396238952875137
211-000531,NEUTRO,12,PO3_Beta,0.11111968755722046,0.11111968755722046
211-000531,NEUTRO,13,FC1_Alpha,0.10626745223999023,0.10626745223999023
211-000531,NEUTRO,14,C3_Beta,-0.09227929264307022,0.09227929264307022
211-000531,NEUTRO,15,Pz_Beta,-0.0857926681637764,0.0857926681637764
211-000531,SAD,1,FC5_Beta,0.4176921248435974,0.4176921248435974
211-000531,SAD,2,Fz_Beta,-0.3122672438621521,0.3122672438621521
211-000531,SAD,3,T7_Beta,0.3102149963378906,0.3102149963378906
211-000531,SAD,4,FT8_Beta,0.21071217954158783,0.21071217954158783
211-000531,SAD,5,FT7_Beta,0.20787101984024048,0.20787101984024048
211-000531,SAD,6,AF7_Beta,0.1957487165927887,0.1957487165927887
211-000531,SAD,7,AF8_Beta,0.18718256056308746,0.18718256056308746
211-000531,SAD,8,P7_Beta,0.17715239524841309,0.17715239524841309
211-000531,SAD,9,C1_Beta,0.15999256074428558,0.15999256074428558
211-000531,SAD,10,Fpz_Beta,0.13520100712776184,0.13520100712776184
211-000531,SAD,11,Fp1_Beta,0.12285264581441879,0.12285264581441879
211-000531,SAD,12,F8_Beta,0.10352205485105515,0.10352205485105515
211-000531,SAD,13,C6_Beta,0.07195106893777847,0.07195106893777847
211-000531,SAD,14,FC4_Beta,0.05433300882577896,0.05433300882577896
211-000531,SAD,15,C3_Beta,0.045056018978357315,0.045056018978357315
211-000532,JOY,1,AF8_Beta,0.8780756592750549,0.8780756592750549
211-000532,JOY,2,F6_Beta,-0.6751571893692017,0.6751571893692017
211-000532,JOY,3,AlphaAsym_AF8-AF7,0.6651437878608704,0.6651437878608704
211-000532,JOY,4,AlphaAsym_FC2-FC1,-0.5153185129165649,0.5153185129165649
211-000532,JOY,5,AF4_Beta,-0.4510442614555359,0.4510442614555359
211-000532,JOY,6,AF8_Alpha,0.4293248653411865,0.4293248653411865
211-000532,JOY,7,P3_Beta,0.30758145451545715,0.30758145451545715
211-000532,JOY,8,O2_Beta,0.305193692445755,0.305193692445755
211-000532,JOY,9,C5_Beta,-0.3006989657878876,0.3006989657878876
211-000532,JOY,10,P5_Beta,0.29689615964889526,0.29689615964889526
211-000532,JOY,11,C1_Alpha,-0.2917759418487549,0.2917759418487549
211-000532,JOY,12,CPz_Beta,0.27502045035362244,0.27502045035362244
211-000532,JOY,13,AlphaAsym_AF4-AF3,-0.2427532970905304,0.2427532970905304
211-000532,JOY,14,Fpz_Beta,0.2370380014181137,0.2370380014181137
211-000532,JOY,15,P7_Alpha,-0.2228596955537796,0.2228596955537796
211-000532,NEUTRO,1,AF8_Beta,-1.532494306564331,1.532494306564331
211-000532,NEUTRO,2,AlphaAsym_AF8-AF7,-0.7174223065376282,0.7174223065376282
211-000532,NEUTRO,3,AF8_Alpha,-0.6428607702255249,0.6428607702255249
211-000532,NEUTRO,4,O1_Beta,0.30621203780174255,0.30621203780174255
211-000532,NEUTRO,5,Fp2_Beta,0.2903739809989929,0.2903739809989929
211-000532,NEUTRO,6,Fp2_Alpha,0.05961090698838234,0.05961090698838234
211-000532,NEUTRO,7,FC5_Beta,-0.001946187112480402,0.001946187112480402
211-000532,NEUTRO,8,F8_Beta,0.0,0.0
211-000532,NEUTRO,9,FT7_Beta,0.0,0.0
211-000532,NEUTRO,10,FT7_Alpha,0.0,0.0
211-000532,NEUTRO,11,T7_Beta,0.0,0.0
211-000532,NEUTRO,12,T7_Alpha,0.0,0.0
211-000532,NEUTRO,13,F4_Beta,0.0,0.0
211-000532,NEUTRO,14,F8_Alpha,0.0,0.0
211-000532,NEUTRO,15,FC3_Beta,0.0,0.0
211-000532,SAD,1,O1_Beta,-1.1381222009658813,1.1381222009658813
211-000532,SAD,2,F6_Beta,0.8685637712478638,0.8685637712478638
211-000532,SAD,3,O2_Beta,-0.7162262201309204,0.7162262201309204
211-000532,SAD,4,PO5_Beta,0.6573150157928467,0.6573150157928467
211-000532,SAD,5,PO3_Beta,0.5966193079948425,0.5966193079948425
211-000532,SAD,6,Fp2_Beta,-0.5692636370658875,0.5692636370658875
211-000532,SAD,7,CPz_Alpha,-0.47530001401901245,0.47530001401901245
211-000532,SAD,8,CPz_Beta,-0.4301493167877197,0.4301493167877197
211-000532,SAD,9,Cz_Alpha,-0.4143524467945099,0.4143524467945099
211-000532,SAD,10,O2_Alpha,-0.4026329219341278,0.4026329219341278
211-000532,SAD,11,CP2_Beta,-0.4025639593601227,0.4025639593601227
211-000532,SAD,12,Oz_Alpha,-0.4014727473258972,0.4014727473258972
211-000532,SAD,13,AlphaAsym_Fp2-Fp1,-0.3611493706703186,0.3611493706703186
211-000532,SAD,14,POz_Alpha,-0.311594694852829,0.311594694852829
211-000532,SAD,15,F2_Beta,0.31046611070632935,0.31046611070632935
211-000533,JOY,1,CP2_Beta,1.0597726106643677,1.0597726106643677
211-000533,JOY,2,FC5_Beta,-0.7809433341026306,0.7809433341026306
211-000533,JOY,3,AF8_Beta,0.4630959928035736,0.4630959928035736
211-000533,JOY,4,FC1_Beta,-0.4319709539413452,0.4319709539413452
211-000533,JOY,5,C6_Beta,-0.3767929673194885,0.3767929673194885
211-000533,JOY,6,F5_Beta,0.35744956135749817,0.35744956135749817
211-000533,JOY,7,CP5_Beta,-0.3552466630935669,0.3552466630935669
211-000533,JOY,8,FC6_Alpha,-0.24220092594623566,0.24220092594623566
211-000533,JOY,9,AF7_Beta,0.2365606725215912,0.2365606725215912
211-000533,JOY,10,FC5_Alpha,-0.22583264112472534,0.22583264112472534
211-000533,JOY,11,CPz_Beta,-0.2220313400030136,0.2220313400030136
211-000533,JOY,12,AlphaAsym_T8-T7,0.20700319111347198,0.20700319111347198
211-000533,JOY,13,AlphaAsym_F6-F5,-0.15664145350456238,0.15664145350456238
211-000533,JOY,14,AlphaAsym_C4-C3,0.13660353422164917,0.13660353422164917
211-000533,JOY,15,O1_Beta,-0.13444089889526367,0.13444089889526367
211-000533,NEUTRO,1,F5_Beta,-0.8657680749893188,0.8657680749893188
211-000533,NEUTRO,2,O1_Beta,0.5103541016578674,0.5103541016578674
211-000533,NEUTRO,3,CP5_Beta,0.48400330543518066,0.48400330543518066
211-000533,NEUTRO,4,FC3_Beta,-0.370613694190979,0.370613694190979
211-000533,NEUTRO,5,FC3_Alpha,-0.35575753450393677,0.35575753450393677
211-000533,NEUTRO,6,F5_Alpha,-0.3162190616130829,0.3162190616130829
211-000533,NEUTRO,7,PO8_Alpha,-0.24676208198070526,0.24676208198070526
211-000533,NEUTRO,8,F3_Alpha,-0.24441221356391907,0.24441221356391907
211-000533,NEUTRO,9,AlphaAsym_O2-O1,-0.20018967986106873,0.20018967986106873
211-000533,NEUTRO,10,F7_Beta,-0.1979217529296875,0.1979217529296875
211-000533,NEUTRO,11,AlphaAsym_F6-F5,0.1722365915775299,0.1722365915775299
211-000533,NEUTRO,12,CP2_Beta,-0.17175786197185516,0.17175786197185516
211-000533,NEUTRO,13,AF8_Beta,0.16461040079593658,0.16461040079593658
211-000533,NEUTRO,14,AlphaAsym_CP6-CP5,-0.11796940118074417,0.11796940118074417
211-000533,NEUTRO,15,FC1_Alpha,0.09599322080612183,0.09599322080612183
211-000533,SAD,1,AF8_Beta,-1.2897531986236572,1.2897531986236572
211-000533,SAD,2,FC5_Beta,0.4543651044368744,0.4543651044368744
211-000533,SAD,3,AlphaAsym_C4-C3,-0.4242440164089203,0.4242440164089203
211-000533,SAD,4,FC3_Beta,0.32529544830322266,0.32529544830322266
211-000533,SAD,5,T7_Beta,0.29712915420532227,0.29712915420532227
211-000533,SAD,6,F6_Beta,0.2601854205131531,0.2601854205131531
211-000533,SAD,7,CP2_Beta,-0.22656245529651642,0.22656245529651642
211-000533,SAD,8,CP3_Beta,-0.18412916362285614,0.18412916362285614
211-000533,SAD,9,P3_Alpha,0.1630755066871643,0.1630755066871643
211-000533,SAD,10,AF7_Beta,-0.1467326134443283,0.1467326134443283
211-000533,SAD,11,Pz_Beta,-0.14353439211845398,0.14353439211845398
211-000533,SAD,12,FCz_Beta,-0.13043364882469177,0.13043364882469177
211-000533,SAD,13,P3_Beta,0.12942902743816376,0.12942902743816376
211-000533,SAD,14,FC6_Alpha,0.11954361945390701,0.11954361945390701
211-000533,SAD,15,FT7_Beta,0.11301199346780777,0.11301199346780777
211-000535,JOY,1,PO7_Beta,-0.6403799653053284,0.6403799653053284
211-000535,JOY,2,FT7_Beta,0.6297869682312012,0.6297869682312012
211-000535,JOY,3,PO7_Alpha,-0.5016127824783325,0.5016127824783325
211-000535,JOY,4,Fpz_Beta,-0.4693109095096588,0.4693109095096588
211-000535,JOY,5,AF4_Beta,0.30076465010643005,0.30076465010643005
211-000535,JOY,6,F5_Beta,-0.2763831913471222,0.2763831913471222
211-000535,JOY,7,TP8_Beta,-0.25793129205703735,0.25793129205703735
211-000535,JOY,8,FC6_Beta,-0.22245308756828308,0.22245308756828308
211-000535,JOY,9,AlphaAsym_F8-F7,-0.16515032947063446,0.16515032947063446
211-000535,JOY,10,PO4_Beta,0.1423497200012207,0.1423497200012207
211-000535,JOY,11,FT7_Alpha,0.12825140357017517,0.12825140357017517
211-000535,JOY,12,CP3_Beta,0.12366779148578644,0.12366779148578644
211-000535,JOY,13,P4_Alpha,-0.1186230257153511,0.1186230257153511
211-000535,JOY,14,AlphaAsym_AF4-AF3,0.08479424566030502,0.08479424566030502
211-000535,JOY,15,FT8_Beta,-0.07513704150915146,0.07513704150915146
211-000535,NEUTRO,1,Oz_Beta,0.6152026057243347,0.6152026057243347
211-000535,NEUTRO,2,AF8_Beta,0.601460337638855,0.601460337638855
211-000535,NEUTRO,3,Fp1_Beta,-0.4795704483985901,0.4795704483985901
211-000535,NEUTRO,4,Fp1_Alpha,-0.37350040674209595,0.37350040674209595
211-000535,NEUTRO,5,Oz_Alpha,0.35335466265678406,0.35335466265678406
211-000535,NEUTRO,6,C4_Beta,0.27441486716270447,0.27441486716270447
211-000535,NEUTRO,7,FT8_Beta,0.2516562044620514,0.2516562044620514
211-000535,NEUTRO,8,AlphaAsym_PO8-PO7,-0.24431023001670837,0.24431023001670837
211-000535,NEUTRO,9,PO6_Alpha,0.220433309674263,0.220433309674263
211-000535,NEUTRO,10,CPz_Alpha,0.20238018035888672,0.20238018035888672
211-000535,NEUTRO,11,CP1_Beta,-0.19205635786056519,0.19205635786056519
211-000535,NEUTRO,12,F2_Beta,-0.19010749459266663,0.19010749459266663
211-000535,NEUTRO,13,CP5_Alpha,0.1869395226240158,0.1869395226240158
211-000535,NEUTRO,14,FC4_Beta,0.1846706122159958,0.1846706122159958
211-000535,NEUTRO,15,Fp2_Alpha,-0.1638450026512146,0.1638450026512146
211-000535,SAD,1,Fp1_Alpha,0.6483097672462463,0.6483097672462463
211-000535,SAD,2,Fpz_Alpha,0.6429274082183838,0.6429274082183838
211-000535,SAD,3,Fp2_Beta,0.5921124219894409,0.5921124219894409
211-000535,SAD,4,Fp1_Beta,0.5884820818901062,0.5884820818901062
211-000535,SAD,5,Cz_Beta,-0.5518747568130493,0.5518747568130493
211-000535,SAD,6,Fpz_Beta,0.36083757877349854,0.36083757877349854
211-000535,SAD,7,P4_Beta,0.25112783908843994,0.25112783908843994
211-000535,SAD,8,T7_Beta,-0.16846345365047455,0.16846345365047455
211-000535,SAD,9,P5_Beta,-0.1267770230770111,0.1267770230770111
211-000535,SAD,10,AF8_Alpha,0.12464610487222672,0.12464610487222672
211-000535,SAD,11,AlphaAsym_F8-F7,0.1227269098162651,0.1227269098162651
211-000535,SAD,12,F7_Alpha,-0.12265736609697342,0.12265736609697342
211-000535,SAD,13,Fp2_Alpha,0.11885941028594971,0.11885941028594971
211-000535,SAD,14,F7_Beta,-0.0849546492099762,0.0849546492099762
211-000535,SAD,15,Oz_Beta,-0.0736055076122284,0.0736055076122284
211-000536,JOY,1,FC1_Beta,-0.6419097185134888,0.6419097185134888
211-000536,JOY,2,AlphaAsym_FC2-FC1,0.6414732336997986,0.6414732336997986
211-000536,JOY,3,FC4_Alpha,-0.5000643730163574,0.5000643730163574
211-000536,JOY,4,FC4_Beta,-0.4996880292892456,0.4996880292892456
211-000536,JOY,5,CP2_Beta,-0.30283042788505554,0.30283042788505554
211-000536,JOY,6,P1_Beta,0.29504045844078064,0.29504045844078064
211-000536,JOY,7,C4_Beta,0.2865102291107178,0.2865102291107178
211-000536,JOY,8,Oz_Alpha,-0.25538575649261475,0.25538575649261475
211-000536,JOY,9,TP8_Beta,0.24514546990394592,0.24514546990394592
211-000536,JOY,10,AlphaAsym_FC6-FC5,0.2148461490869522,0.2148461490869522
211-000536,JOY,11,FC1_Alpha,-0.21191833913326263,0.21191833913326263
211-000536,JOY,12,AlphaAsym_FC4-FC3,-0.20885628461837769,0.20885628461837769
211-000536,JOY,13,AlphaAsym_TP8-TP7,0.15970103442668915,0.15970103442668915
211-000536,JOY,14,AlphaAsym_CP2-CP1,-0.13691173493862152,0.13691173493862152
211-000536,JOY,15,P5_Beta,-0.13284264504909515,0.13284264504909515
211-000536,NEUTRO,1,FC4_Beta,0.600511372089386,0.600511372089386
211-000536,NEUTRO,2,FCz_Beta,-0.5066019296646118,0.5066019296646118
211-000536,NEUTRO,3,P1_Beta,-0.5057194232940674,0.5057194232940674
211-000536,NEUTRO,4,FCz_Alpha,-0.4140874147415161,0.4140874147415161
211-000536,NEUTRO,5,PO6_Beta,-0.384618878364563,0.384618878364563
211-000536,NEUTRO,6,FC4_Alpha,0.3588036000728607,0.3588036000728607
211-000536,NEUTRO,7,FC5_Beta,0.28333914279937744,0.28333914279937744
211-000536,NEUTRO,8,T7_Beta,0.2810229957103729,0.2810229957103729
211-000536,NEUTRO,9,TP7_Beta,0.26311811804771423,0.26311811804771423
211-000536,NEUTRO,10,TP7_Alpha,0.2349116951227188,0.2349116951227188
211-000536,NEUTRO,11,AlphaAsym_C2-C1,0.2200847864151001,0.2200847864151001
211-000536,NEUTRO,12,AlphaAsym_FC4-FC3,0.20907029509544373,0.20907029509544373
211-000536,NEUTRO,13,AlphaAsym_P8-P7,-0.19535362720489502,0.19535362720489502
211-000536,NEUTRO,14,P7_Alpha,0.17143096029758453,0.17143096029758453
211-000536,NEUTRO,15,AlphaAsym_CP6-CP5,-0.16893735527992249,0.16893735527992249
211-000536,SAD,1,Fp1_Alpha,-0.5545685887336731,0.5545685887336731
211-000536,SAD,2,AlphaAsym_CP4-CP3,0.4558489918708801,0.4558489918708801
211-000536,SAD,3,CP2_Beta,0.2817050516605377,0.2817050516605377
211-000536,SAD,4,PO3_Beta,-0.24376629292964935,0.24376629292964935
211-000536,SAD,5,PO3_Alpha,-0.24036799371242523,0.24036799371242523
211-000536,SAD,6,Fp1_Beta,-0.21938739717006683,0.21938739717006683
211-000536,SAD,7,POz_Beta,-0.1869848221540451,0.1869848221540451
211-000536,SAD,8,Fpz_Alpha,-0.1746753305196762,0.1746753305196762
211-000536,SAD,9,AlphaAsym_Fp2-Fp1,0.15393853187561035,0.15393853187561035
211-000536,SAD,10,CP4_Beta,0.1240975633263588,0.1240975633263588
211-000536,SAD,11,FC1_Beta,0.1058683693408966,0.1058683693408966
211-000536,SAD,12,AlphaAsym_P2-P1,-0.10083756595849991,0.10083756595849991
211-000536,SAD,13,FT8_Beta,-0.0665617287158966,0.0665617287158966
211-000536,SAD,14,CP2_Alpha,0.06565253436565399,0.06565253436565399
211-000536,SAD,15,AlphaAsym_FC2-FC1,-0.046537842601537704,0.046537842601537704
211-000537,JOY,1,AlphaAsym_CP4-CP3,0.4742109477519989,0.4742109477519989
211-000537,JOY,2,CP2_Beta,0.41234907507896423,0.41234907507896423
211-000537,JOY,3,Pz_Beta,0.39043352007865906,0.39043352007865906
211-000537,JOY,4,CP4_Beta,0.3453468084335327,0.3453468084335327
211-000537,JOY,5,CP2_Alpha,0.21077625453472137,0.21077625453472137
211-000537,JOY,6,PO8_Beta,0.20029465854167938,0.20029465854167938
211-000537,JOY,7,AlphaAsym_CP2-CP1,0.188710018992424,0.188710018992424
211-000537,JOY,8,AF4_Beta,-0.14295433461666107,0.14295433461666107
211-000537,JOY,9,Oz_Beta,0.13713513314723969,0.13713513314723969
211-000537,JOY,10,C6_Beta,-0.13363587856292725,0.13363587856292725
211-000537,JOY,11,Pz_Alpha,0.10629221796989441,0.10629221796989441
211-000537,JOY,12,AF8_Beta,-0.1000308096408844,0.1000308096408844
211-000537,JOY,13,T8_Beta,0.09916041046380997,0.09916041046380997
211-000537,JOY,14,AF3_Beta,-0.08570344746112823,0.08570344746112823
211-000537,JOY,15,O1_Beta,-0.06604557484388351,0.06604557484388351
211-000537,NEUTRO,1,CP2_Beta,-0.8152455687522888,0.8152455687522888
211-000537,NEUTRO,2,CP2_Alpha,-0.4704160988330841,0.4704160988330841
211-000537,NEUTRO,3,FC3_Alpha,0.4315871000289917,0.4315871000289917
211-000537,NEUTRO,4,TP7_Beta,-0.3462372124195099,0.3462372124195099
211-000537,NEUTRO,5,P1_Beta,-0.32289719581604004,0.32289719581604004
211-000537,NEUTRO,6,FT8_Beta,0.27965372800827026,0.27965372800827026
211-000537,NEUTRO,7,FT8_Alpha,0.2575593590736389,0.2575593590736389
211-000537,NEUTRO,8,C2_Beta,-0.2515909969806671,0.2515909969806671
211-000537,NEUTRO,9,CP5_Beta,0.24892657995224,0.24892657995224
211-000537,NEUTRO,10,AlphaAsym_CP2-CP1,-0.24295233190059662,0.24295233190059662
211-000537,NEUTRO,11,FC4_Beta,0.2060016393661499,0.2060016393661499
211-000537,NEUTRO,12,AF7_Beta,0.20151923596858978,0.20151923596858978
211-000537,NEUTRO,13,FC5_Alpha,0.16352665424346924,0.16352665424346924
211-000537,NEUTRO,14,F4_Beta,0.16134490072727203,0.16134490072727203
211-000537,NEUTRO,15,CP6_Beta,-0.1563572883605957,0.1563572883605957
211-000537,SAD,1,C6_Beta,0.9740995168685913,0.9740995168685913
211-000537,SAD,2,FT8_Beta,-0.4661354422569275,0.4661354422569275
211-000537,SAD,3,FC3_Beta,-0.4160252511501312,0.4160252511501312
211-000537,SAD,4,TP7_Beta,0.3739102780818939,0.3739102780818939
211-000537,SAD,5,AlphaAsym_C6-C5,0.2885611951351166,0.2885611951351166
211-000537,SAD,6,T8_Beta,-0.27740779519081116,0.27740779519081116
211-000537,SAD,7,PO6_Beta,0.272397518157959,0.272397518157959
211-000537,SAD,8,FCz_Beta,0.2573542594909668,0.2573542594909668
211-000537,SAD,9,FC4_Beta,-0.23506510257720947,0.23506510257720947
211-000537,SAD,10,P1_Beta,0.23204725980758667,0.23204725980758667
211-000537,SAD,11,C6_Alpha,0.22413554787635803,0.22413554787635803
211-000537,SAD,12,AF7_Beta,-0.20786866545677185,0.20786866545677185
211-000537,SAD,13,CP6_Beta,0.20187848806381226,0.20187848806381226
211-000537,SAD,14,TP7_Alpha,0.196702241897583,0.196702241897583
211-000537,SAD,15,PO5_Beta,0.16206452250480652,0.16206452250480652
211-000539,JOY,1,Fp2_Beta,-0.7547236680984497,0.7547236680984497
211-000539,JOY,2,AF7_Beta,-0.7385660409927368,0.7385660409927368
211-000539,JOY,3,F5_Beta,0.3164448142051697,0.3164448142051697
211-000539,JOY,4,T7_Beta,0.30342772603034973,0.30342772603034973
211-000539,JOY,5,F4_Beta,0.2975420355796814,0.2975420355796814
211-000539,JOY,6,FT7_Beta,0.2948818802833557,0.2948818802833557
211-000539,JOY,7,AF7_Alpha,-0.28861314058303833,0.28861314058303833
211-000539,JOY,8,PO6_Beta,-0.21520741283893585,0.21520741283893585
211-000539,JOY,9,Fp2_Alpha,-0.18261082470417023,0.18261082470417023
211-000539,JOY,10,AF8_Beta,-0.15037986636161804,0.15037986636161804
211-000539,JOY,11,AF8_Alpha,-0.12038945406675339,0.12038945406675339
211-000539,JOY,12,AF3_Beta,-0.08533551543951035,0.08533551543951035
211-000539,JOY,13,FC5_Beta,0.0709470584988594,0.0709470584988594
211-000539,JOY,14,TP7_Beta,0.06692168116569519,0.06692168116569519
211-000539,JOY,15,AlphaAsym_PO6-PO5,-0.061764296144247055,0.061764296144247055
211-000539,NEUTRO,1,C5_Beta,-0.4818587005138397,0.4818587005138397
211-000539,NEUTRO,2,FC3_Beta,-0.4684329330921173,0.4684329330921173
211-000539,NEUTRO,3,FT7_Beta,-0.44981303811073303,0.44981303811073303
211-000539,NEUTRO,4,FCz_Beta,0.42225369811058044,0.42225369811058044
211-000539,NEUTRO,5,AF3_Alpha,0.3798286020755768,0.3798286020755768
211-000539,NEUTRO,6,AlphaAsym_C6-C5,-0.33390477299690247,0.33390477299690247
211-000539,NEUTRO,7,AlphaAsym_TP8-TP7,0.31020936369895935,0.31020936369895935
211-000539,NEUTRO,8,PO7_Alpha,-0.23621997237205505,0.23621997237205505
211-000539,NEUTRO,9,Fz_Alpha,-0.2322661578655243,0.2322661578655243
211-000539,NEUTRO,10,O1_Alpha,-0.22686555981636047,0.22686555981636047
211-000539,NEUTRO,11,AF7_Alpha,0.22522661089897156,0.22522661089897156
211-000539,NEUTRO,12,Fp2_Beta,0.20490039885044098,0.20490039885044098
211-000539,NEUTRO,13,T7_Beta,-0.1944567859172821,0.1944567859172821
211-000539,NEUTRO,14,AlphaAsym_PO6-PO5,0.18622881174087524,0.18622881174087524
211-000539,NEUTRO,15,Fpz_Beta,0.17933383584022522,0.17933383584022522
211-000539,SAD,1,C6_Beta,0.6663573980331421,0.6663573980331421
211-000539,SAD,2,C5_Beta,0.6315662264823914,0.6315662264823914
211-000539,SAD,3,AF8_Beta,0.5643612742424011,0.5643612742424011
211-000539,SAD,4,AlphaAsym_C6-C5,0.4332032799720764,0.4332032799720764
211-000539,SAD,5,PO3_Beta,0.41470596194267273,0.41470596194267273
211-000539,SAD,6,P4_Alpha,0.31879082322120667,0.31879082322120667
211-000539,SAD,7,Fpz_Beta,-0.3031224310398102,0.3031224310398102
211-000539,SAD,8,FC1_Beta,-0.28547942638397217,0.28547942638397217
211-000539,SAD,9,C4_Beta,0.27624937891960144,0.27624937891960144
211-000539,SAD,10,PO4_Alpha,0.20572203397750854,0.20572203397750854
211-000539,SAD,11,AF7_Beta,0.1803179681301117,0.1803179681301117
211-000539,SAD,12,FC4_Alpha,0.17838820815086365,0.17838820815086365
211-000539,SAD,13,O1_Alpha,0.1781473457813263,0.1781473457813263
211-000539,SAD,14,AlphaAsym_CP4-CP3,-0.17550982534885406,0.17550982534885406
211-000539,SAD,15,Cz_Alpha,-0.13335201144218445,0.13335201144218445
211-000540,JOY,1,AF7_Beta,-0.6155639290809631,0.6155639290809631
211-000540,JOY,2,CP3_Beta,-0.30164432525634766,0.30164432525634766
211-000540,JOY,3,AF7_Alpha,-0.284575492143631,0.284575492143631
211-000540,JOY,4,T7_Beta,-0.27921509742736816,0.27921509742736816
211-000540,JOY,5,F5_Beta,-0.25042200088500977,0.25042200088500977
211-000540,JOY,6,CP6_Beta,-0.23368944227695465,0.23368944227695465
211-000540,JOY,7,T8_Beta,-0.19661782681941986,0.19661782681941986
211-000540,JOY,8,AF4_Beta,0.18729473650455475,0.18729473650455475
211-000540,JOY,9,FT7_Beta,-0.18045535683631897,0.18045535683631897
211-000540,JOY,10,P8_Beta,-0.12726889550685883,0.12726889550685883
211-000540,JOY,11,F3_Alpha,-0.11581719666719437,0.11581719666719437
211-000540,JOY,12,P2_Alpha,-0.09093116968870163,0.09093116968870163
211-000540,JOY,13,F3_Beta,-0.07584825158119202,0.07584825158119202
211-000540,JOY,14,CP3_Alpha,-0.058615732938051224,0.058615732938051224
211-000540,JOY,15,T8_Alpha,-0.0583578422665596,0.0583578422665596
211-000540,NEUTRO,1,FT7_Beta,0.5616462826728821,0.5616462826728821
211-000540,NEUTRO,2,FC5_Beta,0.41852694749832153,0.41852694749832153
211-000540,NEUTRO,3,Fp2_Beta,0.4042229950428009,0.4042229950428009
211-000540,NEUTRO,4,TP7_Beta,0.3278781771659851,0.3278781771659851
211-000540,NEUTRO,5,O2_Beta,-0.31067439913749695,0.31067439913749695
211-000540,NEUTRO,6,AlphaAsym_TP8-TP7,-0.3091566562652588,0.3091566562652588
211-000540,NEUTRO,7,PO4_Beta,-0.3049263656139374,0.3049263656139374
211-000540,NEUTRO,8,T7_Beta,0.2658103108406067,0.2658103108406067
211-000540,NEUTRO,9,FT7_Alpha,0.17282362282276154,0.17282362282276154
211-000540,NEUTRO,10,F3_Beta,0.1388406753540039,0.1388406753540039
211-000540,NEUTRO,11,F1_Beta,-0.11659310013055801,0.11659310013055801
211-000540,NEUTRO,12,T8_Beta,0.09460047632455826,0.09460047632455826
211-000540,NEUTRO,13,C4_Beta,0.08590859174728394,0.08590859174728394
211-000540,NEUTRO,14,AlphaAsym_FC6-FC5,-0.08118057996034622,0.08118057996034622
211-000540,NEUTRO,15,FC1_Beta,0.07503393292427063,0.07503393292427063
211-000540,SAD,1,O2_Beta,0.6247760653495789,0.6247760653495789
211-000540,SAD,2,F5_Beta,0.43660593032836914,0.43660593032836914
211-000540,SAD,3,AF4_Beta,-0.37794366478919983,0.37794366478919983
211-000540,SAD,4,FT8_Beta,0.37598755955696106,0.37598755955696106
211-000540,SAD,5,AlphaAsym_CP6-CP5,0.37348514795303345,0.37348514795303345
211-000540,SAD,6,F5_Alpha,0.24757389724254608,0.24757389724254608
211-000540,SAD,7,Fp2_Beta,-0.241609588265419,0.241609588265419
211-000540,SAD,8,P2_Alpha,0.21234381198883057,0.21234381198883057
211-000540,SAD,9,F3_Alpha,0.17430329322814941,0.17430329322814941
211-000540,SAD,10,C6_Beta,-0.15383994579315186,0.15383994579315186
211-000540,SAD,11,P3_Alpha,0.12835049629211426,0.12835049629211426
211-000540,SAD,12,AlphaAsym_C6-C5,0.1125689223408699,0.1125689223408699
211-000540,SAD,13,TP8_Beta,0.11106482893228531,0.11106482893228531
211-000540,SAD,14,F1_Alpha,0.09120315313339233,0.09120315313339233
211-000540,SAD,15,FCz_Beta,0.07817576825618744,0.07817576825618744
211-000541,JOY,1,PO7_Beta,-1.2514110803604126,1.2514110803604126
211-000541,JOY,2,Fp1_Beta,1.2279422283172607,1.2279422283172607
211-000541,JOY,3,AlphaAsym_PO8-PO7,0.31302115321159363,0.31302115321159363
211-000541,JOY,4,PO7_Alpha,-0.21015587449073792,0.21015587449073792
211-000541,JOY,5,AlphaAsym_CP4-CP3,-0.1691616028547287,0.1691616028547287
211-000541,JOY,6,AlphaAsym_C4-C3,-0.14768174290657043,0.14768174290657043
211-000541,JOY,7,AlphaAsym_C2-C1,-0.10983700305223465,0.10983700305223465
211-000541,JOY,8,AF8_Alpha,0.089869923889637,0.089869923889637
211-000541,JOY,9,AF8_Beta,0.08620893955230713,0.08620893955230713
211-000541,JOY,10,AlphaAsym_F6-F5,-0.05391595885157585,0.05391595885157585
211-000541,JOY,11,FC2_Alpha,0.053399458527565,0.053399458527565
211-000541,JOY,12,AlphaAsym_T8-T7,-0.009271332994103432,0.009271332994103432
211-000541,JOY,13,F8_Alpha,0.0,0.0
211-000541,JOY,14,FT7_Alpha,0.0,0.0
211-000541,JOY,15,T7_Beta,0.0,0.0
211-000541,NEUTRO,1,Fpz_Beta,-0.8364981412887573,0.8364981412887573
211-000541,NEUTRO,2,Fp2_Beta,-0.7303160429000854,0.7303160429000854
211-000541,NEUTRO,3,AF4_Beta,-0.5087760090827942,0.5087760090827942
211-000541,NEUTRO,4,Fp1_Beta,-0.47702756524086,0.47702756524086
211-000541,NEUTRO,5,PO7_Beta,0.4683479964733124,0.4683479964733124
211-000541,NEUTRO,6,F6_Beta,-0.34713879227638245,0.34713879227638245
211-000541,NEUTRO,7,FT8_Beta,-0.23715731501579285,0.23715731501579285
211-000541,NEUTRO,8,AF3_Beta,-0.14600583910942078,0.14600583910942078
211-000541,NEUTRO,9,CP4_Beta,0.08797692507505417,0.08797692507505417
211-000541,NEUTRO,10,Fpz_Alpha,-0.07654297351837158,0.07654297351837158
211-000541,NEUTRO,11,C2_Beta,0.0687403753399849,0.0687403753399849
211-000541,NEUTRO,12,AF7_Alpha,0.03956063091754913,0.03956063091754913
211-000541,NEUTRO,13,CP4_Alpha,0.03161235153675079,0.03161235153675079
211-000541,NEUTRO,14,F8_Alpha,0.031226374208927155,0.031226374208927155
211-000541,NEUTRO,15,AlphaAsym_PO8-PO7,-0.025765636935830116,0.025765636935830116
211-000541,SAD,1,Fpz_Beta,0.8570945262908936,0.8570945262908936
211-000541,SAD,2,Fp2_Beta,0.7189289927482605,0.7189289927482605
211-000541,SAD,3,F6_Beta,0.35442814230918884,0.35442814230918884
211-000541,SAD,4,F2_Beta,-0.3031242787837982,0.3031242787837982
211-000541,SAD,5,AF8_Beta,-0.25247320532798767,0.25247320532798767
211-000541,SAD,6,FC4_Beta,-0.22973623871803284,0.22973623871803284
211-000541,SAD,7,CP3_Beta,-0.22096268832683563,0.22096268832683563
211-000541,SAD,8,AF8_Alpha,-0.19949591159820557,0.19949591159820557
211-000541,SAD,9,FC3_Beta,-0.18949133157730103,0.18949133157730103
211-000541,SAD,10,AlphaAsym_T8-T7,0.18499575555324554,0.18499575555324554
211-000541,SAD,11,CP3_Alpha,-0.17928695678710938,0.17928695678710938
211-000541,SAD,12,Fpz_Alpha,0.17407767474651337,0.17407767474651337
211-000541,SAD,13,T7_Beta,-0.17062842845916748,0.17062842845916748
211-000541,SAD,14,AF7_Beta,-0.16805578768253326,0.16805578768253326
211-000541,SAD,15,PO7_Beta,0.14421196281909943,0.14421196281909943
211-000543,JOY,1,P8_Beta,-0.6549552083015442,0.6549552083015442
211-000543,JOY,2,AlphaAsym_P8-P7,-0.5868992805480957,0.5868992805480957
211-000543,JOY,3,P7_Beta,0.3292987644672394,0.3292987644672394
211-000543,JOY,4,CPz_Alpha,0.3239622116088867,0.3239622116088867
211-000543,JOY,5,P6_Beta,-0.2971193492412567,0.2971193492412567
211-000543,JOY,6,Fz_Alpha,-0.2744808495044708,0.2744808495044708
211-000543,JOY,7,PO6_Beta,-0.2664296329021454,0.2664296329021454
211-000543,JOY,8,AlphaAsym_P6-P5,-0.2534200847148895,0.2534200847148895
211-000543,JOY,9,CP2_Alpha,0.2437678724527359,0.2437678724527359
211-000543,JOY,10,PO4_Beta,-0.22058485448360443,0.22058485448360443
211-000543,JOY,11,C3_Beta,0.20272321999073029,0.20272321999073029
211-000543,JOY,12,FCz_Alpha,-0.1833021491765976,0.1833021491765976
211-000543,JOY,13,F3_Alpha,-0.18004152178764343,0.18004152178764343
211-000543,JOY,14,PO3_Alpha,-0.16823557019233704,0.16823557019233704
211-000543,JOY,15,PO3_Beta,-0.1544439196586609,0.1544439196586609
211-000543,NEUTRO,1,P8_Beta,1.130010724067688,1.130010724067688
211-000543,NEUTRO,2,PO4_Beta,1.087060809135437,1.087060809135437
211-000543,NEUTRO,3,T7_Beta,-0.6450976133346558,0.6450976133346558
211-000543,NEUTRO,4,P3_Alpha,-0.5019233822822571,0.5019233822822571
211-000543,NEUTRO,5,P3_Beta,-0.4770607650279999,0.4770607650279999
211-000543,NEUTRO,6,AF4_Alpha,0.43800297379493713,0.43800297379493713
211-000543,NEUTRO,7,TP7_Beta,0.4064672589302063,0.4064672589302063
211-000543,NEUTRO,8,CP2_Beta,-0.39596569538116455,0.39596569538116455
211-000543,NEUTRO,9,AlphaAsym_AF4-AF3,0.38778653740882874,0.38778653740882874
211-000543,NEUTRO,10,FT8_Alpha,-0.3781639635562897,0.3781639635562897
211-000543,NEUTRO,11,F8_Beta,0.36529549956321716,0.36529549956321716
211-000543,NEUTRO,12,CP5_Beta,-0.34170717000961304,0.34170717000961304
211-000543,NEUTRO,13,TP7_Alpha,-0.3388493061065674,0.3388493061065674
211-000543,NEUTRO,14,C6_Beta,-0.29251527786254883,0.29251527786254883
211-000543,NEUTRO,15,C1_Beta,-0.2843097448348999,0.2843097448348999
211-000543,SAD,1,PO3_Beta,1.2650083303451538,1.2650083303451538
211-000543,SAD,2,T7_Beta,1.13163423538208,1.13163423538208
211-000543,SAD,3,TP7_Beta,-1.039102554321289,1.039102554321289
211-000543,SAD,4,AlphaAsym_AF4-AF3,-0.7126185297966003,0.7126185297966003
211-000543,SAD,5,POz_Beta,0.6732198596000671,0.6732198596000671
211-000543,SAD,6,P7_Beta,-0.6669833660125732,0.6669833660125732
211-000543,SAD,7,PO8_Alpha,0.6115939021110535,0.6115939021110535
211-000543,SAD,8,O1_Beta,0.41147321462631226,0.41147321462631226
211-000543,SAD,9,PO7_Beta,0.41017308831214905,0.41017308831214905
211-000543,SAD,10,AF8_Alpha,0.4086036682128906,0.4086036682128906
211-000543,SAD,11,P1_Alpha,-0.4065077304840088,0.4065077304840088
211-000543,SAD,12,FT8_Beta,-0.34522461891174316,0.34522461891174316
211-000543,SAD,13,TP8_Alpha,0.33381375670433044,0.33381375670433044
211-000543,SAD,14,CP6_Alpha,0.325556218624115,0.325556218624115
211-000543,SAD,15,CP2_Beta,0.3166242837905884,0.3166242837905884
211-000544,JOY,1,POz_Beta,0.4499387741088867,0.4499387741088867
211-000544,JOY,2,AF8_Beta,0.4191661477088928,0.4191661477088928
211-000544,JOY,3,TP8_Alpha,-0.33311760425567627,0.33311760425567627
211-000544,JOY,4,P1_Beta,-0.31382063031196594,0.31382063031196594
211-000544,JOY,5,FC5_Beta,0.30199742317199707,0.30199742317199707
211-000544,JOY,6,FC1_Alpha,-0.2760315239429474,0.2760315239429474
211-000544,JOY,7,P1_Alpha,-0.2654493749141693,0.2654493749141693
211-000544,JOY,8,FC1_Beta,-0.25499072670936584,0.25499072670936584
211-000544,JOY,9,T7_Alpha,-0.2535803020000458,0.2535803020000458
211-000544,JOY,10,AF7_Beta,0.22660675644874573,0.22660675644874573
211-000544,JOY,11,PO5_Alpha,-0.22083888947963715,0.22083888947963715
211-000544,JOY,12,O1_Beta,0.2183968871831894,0.2183968871831894
211-000544,JOY,13,F3_Beta,0.21217480301856995,0.21217480301856995
211-000544,JOY,14,TP8_Beta,-0.1662844568490982,0.1662844568490982
211-000544,JOY,15,AlphaAsym_FC6-FC5,-0.12415812909603119,0.12415812909603119
211-000544,NEUTRO,1,Fpz_Beta,-0.7952694892883301,0.7952694892883301
211-000544,NEUTRO,2,F5_Beta,-0.6781156659126282,0.6781156659126282
211-000544,NEUTRO,3,F7_Beta,-0.6006511449813843,0.6006511449813843
211-000544,NEUTRO,4,AF7_Beta,-0.5705562829971313,0.5705562829971313
211-000544,NEUTRO,5,Fpz_Alpha,-0.47488030791282654,0.47488030791282654
211-000544,NEUTRO,6,AF4_Beta,-0.3669339716434479,0.3669339716434479
211-000544,NEUTRO,7,FT7_Beta,-0.15422363579273224,0.15422363579273224
211-000544,NEUTRO,8,AlphaAsym_FC6-FC5,0.141413152217865,0.141413152217865
211-000544,NEUTRO,9,AlphaAsym_F8-F7,0.088282011449337,0.088282011449337
211-000544,NEUTRO,10,FC5_Beta,-0.06326945126056671,0.06326945126056671
211-000544,NEUTRO,11,AF7_Alpha,-0.04517469182610512,0.04517469182610512
211-000544,NEUTRO,12,F8_Beta,0.0,0.0
211-000544,NEUTRO,13,F8_Alpha,0.0,0.0
211-000544,NEUTRO,14,F4_Beta,0.0,0.0
211-000544,NEUTRO,15,T7_Beta,0.0,0.0
211-000544,SAD,1,F7_Beta,0.5014387369155884,0.5014387369155884
211-000544,SAD,2,POz_Beta,-0.42328861355781555,0.42328861355781555
211-000544,SAD,3,F7_Alpha,0.3856221139431,0.3856221139431
211-000544,SAD,4,FT7_Alpha,0.32636433839797974,0.32636433839797974
211-000544,SAD,5,Fpz_Beta,0.25466030836105347,0.25466030836105347
211-000544,SAD,6,T7_Alpha,0.2132231742143631,0.2132231742143631
211-000544,SAD,7,P1_Beta,0.21083036065101624,0.21083036065101624
211-000544,SAD,8,P1_Alpha,0.19188617169857025,0.19188617169857025
211-000544,SAD,9,T7_Beta,0.1878592073917389,0.1878592073917389
211-000544,SAD,10,FT7_Beta,0.14866279065608978,0.14866279065608978
211-000544,SAD,11,F5_Alpha,0.13249889016151428,0.13249889016151428
211-000544,SAD,12,FC4_Beta,0.12704849243164062,0.12704849243164062
211-000544,SAD,13,O1_Beta,-0.11972600966691971,0.11972600966691971
211-000544,SAD,14,AlphaAsym_AF8-AF7,-0.08353231847286224,0.08353231847286224
211-000544,SAD,15,PO5_Alpha,0.06896200031042099,0.06896200031042099
211-000545,JOY,1,AF7_Beta,-0.9544577598571777,0.9544577598571777
211-000545,JOY,2,PO7_Beta,-0.8904985189437866,0.8904985189437866
211-000545,JOY,3,Fp2_Beta,-0.5699167251586914,0.5699167251586914
211-000545,JOY,4,AF8_Beta,-0.44187089800834656,0.44187089800834656
211-000545,JOY,5,C1_Beta,0.22020716965198517,0.22020716965198517
211-000545,JOY,6,F4_Beta,-0.21579816937446594,0.21579816937446594
211-000545,JOY,7,AF7_Alpha,-0.17894771695137024,0.17894771695137024
211-000545,JOY,8,PO7_Alpha,-0.15555183589458466,0.15555183589458466
211-000545,JOY,9,FC2_Beta,-0.10624560713768005,0.10624560713768005
211-000545,JOY,10,AlphaAsym_PO8-PO7,0.08925289660692215,0.08925289660692215
211-000545,JOY,11,AlphaAsym_Fp2-Fp1,-0.06541401892900467,0.06541401892900467
211-000545,JOY,12,AlphaAsym_C2-C1,-0.04986901581287384,0.04986901581287384
211-000545,JOY,13,FT7_Beta,0.020517095923423767,0.020517095923423767
211-000545,JOY,14,F8_Beta,0.0,0.0
211-000545,JOY,15,F8_Alpha,0.0,0.0
211-000545,NEUTRO,1,FC4_Beta,1.2150628566741943,1.2150628566741943
211-000545,NEUTRO,2,Fp1_Beta,0.5267675518989563,0.5267675518989563
211-000545,NEUTRO,3,FC4_Alpha,0.5143348574638367,0.5143348574638367
211-000545,NEUTRO,4,FT7_Beta,-0.2942641079425812,0.2942641079425812
211-000545,NEUTRO,5,Cz_Beta,0.28636184334754944,0.28636184334754944
211-000545,NEUTRO,6,AlphaAsym_FC4-FC3,0.20220908522605896,0.20220908522605896
211-000545,NEUTRO,7,AF7_Beta,0.1636400669813156,0.1636400669813156
211-000545,NEUTRO,8,Cz_Alpha,0.16237956285476685,0.16237956285476685
211-000545,NEUTRO,9,CP4_Beta,0.0929117202758789,0.0929117202758789
211-000545,NEUTRO,10,CPz_Beta,0.07974207401275635,0.07974207401275635
211-000545,NEUTRO,11,PO5_Beta,-0.07238519936800003,0.07238519936800003
211-000545,NEUTRO,12,P8_Beta,0.02785320207476616,0.02785320207476616
211-000545,NEUTRO,13,O2_Beta,0.01014641486108303,0.01014641486108303
211-000545,NEUTRO,14,FC3_Alpha,0.0,0.0
211-000545,NEUTRO,15,AlphaAsym_O2-O1,0.0,0.0
211-000545,SAD,1,FC4_Beta,-0.8657092452049255,0.8657092452049255
211-000545,SAD,2,PO7_Beta,0.5104959011077881,0.5104959011077881
211-000545,SAD,3,Fp2_Beta,0.37506189942359924,0.37506189942359924
211-000545,SAD,4,FT8_Beta,0.3395313620567322,0.3395313620567322
211-000545,SAD,5,C6_Beta,0.2773088812828064,0.2773088812828064
211-000545,SAD,6,AlphaAsym_CP2-CP1,-0.24320752918720245,0.24320752918720245
211-000545,SAD,7,FC4_Alpha,-0.1911523938179016,0.1911523938179016
211-000545,SAD,8,PO5_Beta,0.19065038859844208,0.19065038859844208
211-000545,SAD,9,PO7_Alpha,0.1757773607969284,0.1757773607969284
211-000545,SAD,10,CP2_Alpha,-0.16281482577323914,0.16281482577323914
211-000545,SAD,11,AF3_Beta,-0.14006485044956207,0.14006485044956207
211-000545,SAD,12,P5_Beta,0.13282601535320282,0.13282601535320282
211-000545,SAD,13,AF8_Beta,0.11512231826782227,0.11512231826782227
211-000545,SAD,14,F4_Beta,0.11011522263288498,0.11011522263288498
211-000545,SAD,15,CP2_Beta,-0.10234794020652771,0.10234794020652771
211-000546,JOY,1,PO7_Beta,-0.3597817122936249,0.3597817122936249
211-000546,JOY,2,FC4_Beta,-0.3352251350879669,0.3352251350879669
211-000546,JOY,3,FC4_Alpha,-0.33438342809677124,0.33438342809677124
211-000546,JOY,4,F3_Beta,0.32431820034980774,0.32431820034980774
211-000546,JOY,5,AlphaAsym_F6-F5,-0.32061782479286194,0.32061782479286194
211-000546,JOY,6,PO7_Alpha,-0.3016575276851654,0.3016575276851654
211-000546,JOY,7,F3_Alpha,0.2969094514846802,0.2969094514846802
211-000546,JOY,8,AlphaAsym_F4-F3,-0.1985662430524826,0.1985662430524826
211-000546,JOY,9,AlphaAsym_FC4-FC3,-0.18960057199001312,0.18960057199001312
211-000546,JOY,10,Fpz_Beta,-0.1139385849237442,0.1139385849237442
211-000546,JOY,11,P3_Beta,0.06829282641410828,0.06829282641410828
211-000546,JOY,12,AlphaAsym_P4-P3,-0.050931744277477264,0.050931744277477264
211-000546,JOY,13,F8_Beta,-0.03658391535282135,0.03658391535282135
211-000546,JOY,14,F5_Beta,0.0303792767226696,0.0303792767226696
211-000546,JOY,15,PO8_Alpha,-0.016729015856981277,0.016729015856981277
211-000546,NEUTRO,1,F4_Beta,-0.40165114402770996,0.40165114402770996
211-000546,NEUTRO,2,Fp1_Beta,0.36597302556037903,0.36597302556037903
211-000546,NEUTRO,3,Fpz_Beta,0.35362470149993896,0.35362470149993896
211-000546,NEUTRO,4,FT8_Beta,-0.2781524062156677,0.2781524062156677
211-000546,NEUTRO,5,P5_Beta,-0.24265006184577942,0.24265006184577942
211-000546,NEUTRO,6,AlphaAsym_AF4-AF3,-0.23275357484817505,0.23275357484817505
211-000546,NEUTRO,7,AF4_Beta,-0.22145093977451324,0.22145093977451324
211-000546,NEUTRO,8,AlphaAsym_CP2-CP1,0.20811356604099274,0.20811356604099274
211-000546,NEUTRO,9,F4_Alpha,-0.19838175177574158,0.19838175177574158
211-000546,NEUTRO,10,FCz_Beta,-0.19728635251522064,0.19728635251522064
211-000546,NEUTRO,11,FCz_Alpha,-0.1852377951145172,0.1852377951145172
211-000546,NEUTRO,12,Fpz_Alpha,0.161564901471138,0.161564901471138
211-000546,NEUTRO,13,Fp2_Beta,0.15385203063488007,0.15385203063488007
211-000546,NEUTRO,14,FC4_Beta,0.14328846335411072,0.14328846335411072
211-000546,NEUTRO,15,F3_Alpha,-0.14196909964084625,0.14196909964084625
211-000546,SAD,1,FCz_Alpha,0.4349116384983063,0.4349116384983063
211-000546,SAD,2,FCz_Beta,0.4291127324104309,0.4291127324104309
211-000546,SAD,3,AF3_Beta,-0.3993466794490814,0.3993466794490814
211-000546,SAD,4,AlphaAsym_P2-P1,0.3358188271522522,0.3358188271522522
211-000546,SAD,5,Fp1_Beta,-0.32007408142089844,0.32007408142089844
211-000546,SAD,6,AlphaAsym_F4-F3,0.2548863887786865,0.2548863887786865
211-000546,SAD,7,P1_Beta,-0.2105863243341446,0.2105863243341446
211-000546,SAD,8,FC6_Alpha,0.16504298150539398,0.16504298150539398
211-000546,SAD,9,T7_Beta,0.13393846154212952,0.13393846154212952
211-000546,SAD,10,T7_Alpha,0.1298993080854416,0.1298993080854416
211-000546,SAD,11,P1_Alpha,-0.12699763476848602,0.12699763476848602
211-000546,SAD,12,F2_Alpha,0.12380073219537735,0.12380073219537735
211-000546,SAD,13,FT7_Alpha,0.11145727336406708,0.11145727336406708
211-000546,SAD,14,C6_Beta,0.1104288324713707,0.1104288324713707
211-000546,SAD,15,AlphaAsym_CP2-CP1,-0.10922881215810776,0.10922881215810776
211-000547,JOY,1,Oz_Beta,0.7525507807731628,0.7525507807731628
211-000547,JOY,2,Fpz_Beta,0.5940467715263367,0.5940467715263367
211-000547,JOY,3,AlphaAsym_O2-O1,-0.5112508535385132,0.5112508535385132
211-000547,JOY,4,Oz_Alpha,0.4265667498111725,0.4265667498111725
211-000547,JOY,5,Fp2_Beta,0.3141469657421112,0.3141469657421112
211-000547,JOY,6,Fpz_Alpha,0.28521499037742615,0.28521499037742615
211-000547,JOY,7,PO8_Beta,-0.2815118730068207,0.2815118730068207
211-000547,JOY,8,O2_Alpha,-0.23145367205142975,0.23145367205142975
211-000547,JOY,9,Cz_Beta,-0.20290227234363556,0.20290227234363556
211-000547,JOY,10,Fp2_Alpha,0.1681881695985794,0.1681881695985794
211-000547,JOY,11,TP7_Beta,-0.1312633603811264,0.1312633603811264
211-000547,JOY,12,AlphaAsym_C6-C5,0.10972942411899567,0.10972942411899567
211-000547,JOY,13,AF7_Beta,0.09180261194705963,0.09180261194705963
211-000547,JOY,14,AlphaAsym_F6-F5,0.07590846717357635,0.07590846717357635
211-000547,JOY,15,C6_Alpha,0.07017416507005692,0.07017416507005692
211-000547,NEUTRO,1,F6_Beta,-0.6316403746604919,0.6316403746604919
211-000547,NEUTRO,2,PO5_Beta,0.4846864938735962,0.4846864938735962
211-000547,NEUTRO,3,O2_Alpha,0.43198031187057495,0.43198031187057495
211-000547,NEUTRO,4,Oz_Beta,-0.42078760266304016,0.42078760266304016
211-000547,NEUTRO,5,Fp2_Beta,-0.4193641245365143,0.4193641245365143
211-000547,NEUTRO,6,O1_Beta,0.25542527437210083,0.25542527437210083
211-000547,NEUTRO,7,P1_Beta,0.22142358124256134,0.22142358124256134
211-000547,NEUTRO,8,AlphaAsym_F6-F5,-0.19437791407108307,0.19437791407108307
211-000547,NEUTRO,9,Fp2_Alpha,-0.17670579254627228,0.17670579254627228
211-000547,NEUTRO,10,F8_Beta,-0.17132079601287842,0.17132079601287842
211-000547,NEUTRO,11,FT8_Beta,0.1662278026342392,0.1662278026342392
211-000547,NEUTRO,12,FT8_Alpha,0.15518496930599213,0.15518496930599213
211-000547,NEUTRO,13,F6_Alpha,-0.13818515837192535,0.13818515837192535
211-000547,NEUTRO,14,FC4_Beta,-0.10053029656410217,0.10053029656410217
211-000547,NEUTRO,15,CPz_Beta,0.09828341007232666,0.09828341007232666
211-000547,SAD,1,FT8_Beta,-0.7651009559631348,0.7651009559631348
211-000547,SAD,2,FT8_Alpha,-0.619422197341919,0.619422197341919
211-000547,SAD,3,F6_Beta,0.5648035407066345,0.5648035407066345
211-000547,SAD,4,O1_Beta,-0.5031502842903137,0.5031502842903137
211-000547,SAD,5,FC4_Beta,0.4638206958770752,0.4638206958770752
211-000547,SAD,6,O1_Alpha,-0.26578789949417114,0.26578789949417114
211-000547,SAD,7,FC4_Alpha,0.1452873796224594,0.1452873796224594
211-000547,SAD,8,FC6_Beta,0.07088371366262436,0.07088371366262436
211-000547,SAD,9,AlphaAsym_O2-O1,0.06523530930280685,0.06523530930280685
211-000547,SAD,10,F8_Beta,0.01604163460433483,0.01604163460433483
211-000547,SAD,11,AlphaAsym_P8-P7,-0.011382088996469975,0.011382088996469975
211-000547,SAD,12,F8_Alpha,0.0,0.0
211-000547,SAD,13,F3_Alpha,0.0,0.0
211-000547,SAD,14,F4_Beta,0.0,0.0
211-000547,SAD,15,T7_Alpha,0.0,0.0
211-000548,JOY,1,AlphaAsym_AF8-AF7,-0.6086129546165466,0.6086129546165466
211-000548,JOY,2,AF7_Beta,0.5903785824775696,0.5903785824775696
211-000548,JOY,3,AF7_Alpha,0.43047571182250977,0.43047571182250977
211-000548,JOY,4,O1_Beta,-0.35205650329589844,0.35205650329589844
211-000548,JOY,5,AlphaAsym_O2-O1,0.3428693115711212,0.3428693115711212
211-000548,JOY,6,O1_Alpha,-0.3426661789417267,0.3426661789417267
211-000548,JOY,7,C6_Alpha,0.19364936649799347,0.19364936649799347
211-000548,JOY,8,C6_Beta,0.19005221128463745,0.19005221128463745
211-000548,JOY,9,FCz_Beta,0.11949782818555832,0.11949782818555832
211-000548,JOY,10,F3_Beta,-0.11638730764389038,0.11638730764389038
211-000548,JOY,11,FCz_Alpha,0.029671983793377876,0.029671983793377876
211-000548,JOY,12,P1_Alpha,0.0,0.0
211-000548,JOY,13,PO3_Beta,0.0,0.0
211-000548,JOY,14,P2_Beta,0.0,0.0
211-000548,JOY,15,Fz_Alpha,0.0,0.0
211-000548,NEUTRO,1,PO7_Beta,0.9394916296005249,0.9394916296005249
211-000548,NEUTRO,2,C5_Beta,-0.7773745656013489,0.7773745656013489
211-000548,NEUTRO,3,C2_Alpha,-0.43235981464385986,0.43235981464385986
211-000548,NEUTRO,4,AlphaAsym_FC2-FC1,-0.4061342179775238,0.4061342179775238
211-000548,NEUTRO,5,AlphaAsym_Fp2-Fp1,-0.39724886417388916,0.39724886417388916
211-000548,NEUTRO,6,Oz_Beta,-0.3889550268650055,0.3889550268650055
211-000548,NEUTRO,7,F3_Alpha,0.3631870448589325,0.3631870448589325
211-000548,NEUTRO,8,C5_Alpha,-0.35634586215019226,0.35634586215019226
211-000548,NEUTRO,9,F3_Beta,0.3464775085449219,0.3464775085449219
211-000548,NEUTRO,10,CP2_Alpha,0.323520302772522,0.323520302772522
211-000548,NEUTRO,11,F5_Beta,-0.31380847096443176,0.31380847096443176
211-000548,NEUTRO,12,TP7_Beta,-0.29844072461128235,0.29844072461128235
211-000548,NEUTRO,13,POz_Alpha,0.27209845185279846,0.27209845185279846
211-000548,NEUTRO,14,C6_Alpha,-0.26950952410697937,0.26950952410697937
211-000548,NEUTRO,15,P5_Beta,-0.20658636093139648,0.20658636093139648
211-000548,SAD,1,PO7_Beta,-0.6833189725875854,0.6833189725875854
211-000548,SAD,2,AlphaAsym_FC2-FC1,0.410566508769989,0.410566508769989
211-000548,SAD,3,AF7_Alpha,-0.40516769886016846,0.40516769886016846
211-000548,SAD,4,CP5_Beta,0.34620946645736694,0.34620946645736694
211-000548,SAD,5,POz_Alpha,-0.3401544392108917,0.3401544392108917
211-000548,SAD,6,C5_Beta,0.33162230253219604,0.33162230253219604
211-000548,SAD,7,AF7_Beta,-0.32614976167678833,0.32614976167678833
211-000548,SAD,8,FC1_Alpha,-0.26524460315704346,0.26524460315704346
211-000548,SAD,9,CP2_Alpha,-0.22407974302768707,0.22407974302768707
211-000548,SAD,10,F4_Beta,-0.20696550607681274,0.20696550607681274
211-000548,SAD,11,AlphaAsym_O2-O1,-0.20493988692760468,0.20493988692760468
211-000548,SAD,12,PO8_Alpha,0.17649072408676147,0.17649072408676147
211-000548,SAD,13,AlphaAsym_P6-P5,0.16642645001411438,0.16642645001411438
211-000548,SAD,14,T7_Beta,0.15533840656280518,0.15533840656280518
211-000548,SAD,15,FC4_Alpha,0.14787454903125763,0.14787454903125763
211-000549,JOY,1,Fpz_Beta,0.9459809064865112,0.9459809064865112
211-000549,JOY,2,FC5_Beta,-0.37350335717201233,0.37350335717201233
211-000549,JOY,3,P1_Beta,-0.3605464696884155,0.3605464696884155
211-000549,JOY,4,Fpz_Alpha,0.33752602338790894,0.33752602338790894
211-000549,JOY,5,AF7_Beta,-0.33224421739578247,0.33224421739578247
211-000549,JOY,6,T7_Beta,-0.2951090633869171,0.2951090633869171
211-000549,JOY,7,P4_Beta,-0.2917476296424866,0.2917476296424866
211-000549,JOY,8,F5_Beta,-0.2601836919784546,0.2601836919784546
211-000549,JOY,9,C1_Alpha,0.19287672638893127,0.19287672638893127
211-000549,JOY,10,AF3_Beta,-0.18798084557056427,0.18798084557056427
211-000549,JOY,11,Cz_Beta,0.18138056993484497,0.18138056993484497
211-000549,JOY,12,FC5_Alpha,-0.1736530363559723,0.1736530363559723
211-000549,JOY,13,AlphaAsym_FC6-FC5,0.16381993889808655,0.16381993889808655
211-000549,JOY,14,Fp2_Beta,-0.13898642361164093,0.13898642361164093
211-000549,JOY,15,CP4_Alpha,-0.12245186418294907,0.12245186418294907
211-000549,NEUTRO,1,P1_Beta,0.6510255336761475,0.6510255336761475
211-000549,NEUTRO,2,F5_Beta,0.634268045425415,0.634268045425415
211-000549,NEUTRO,3,FT7_Beta,0.5386021137237549,0.5386021137237549
211-000549,NEUTRO,4,FC2_Beta,-0.4259912669658661,0.4259912669658661
211-000549,NEUTRO,5,F1_Beta,0.30013883113861084,0.30013883113861084
211-000549,NEUTRO,6,FT8_Beta,0.2966342866420746,0.2966342866420746
211-000549,NEUTRO,7,C6_Beta,-0.2919754981994629,0.2919754981994629
211-000549,NEUTRO,8,F8_Alpha,0.2888840436935425,0.2888840436935425
211-000549,NEUTRO,9,C2_Beta,-0.24693118035793304,0.24693118035793304
211-000549,NEUTRO,10,T7_Beta,0.24506054818630219,0.24506054818630219
211-000549,NEUTRO,11,Fpz_Beta,-0.24281446635723114,0.24281446635723114
211-000549,NEUTRO,12,C1_Beta,-0.24274611473083496,0.24274611473083496
211-000549,NEUTRO,13,AF8_Alpha,-0.22711609303951263,0.22711609303951263
211-000549,NEUTRO,14,AF7_Beta,0.2113458216190338,0.2113458216190338
211-000549,NEUTRO,15,FC4_Beta,-0.1959831863641739,0.1959831863641739
211-000549,SAD,1,F2_Beta,0.6630390286445618,0.6630390286445618
211-000549,SAD,2,CP3_Beta,0.5672075152397156,0.5672075152397156
211-000549,SAD,3,AlphaAsym_F8-F7,-0.47587060928344727,0.47587060928344727
211-000549,SAD,4,CP4_Beta,0.46459823846817017,0.46459823846817017
211-000549,SAD,5,F8_Alpha,-0.42384496331214905,0.42384496331214905
211-000549,SAD,6,F8_Beta,-0.3600615859031677,0.3600615859031677
211-000549,SAD,7,AF4_Beta,0.3467307984828949,0.3467307984828949
211-000549,SAD,8,CP4_Alpha,0.3229183852672577,0.3229183852672577
211-000549,SAD,9,F2_Alpha,0.2708107531070709,0.2708107531070709
211-000549,SAD,10,CP3_Alpha,0.2573331594467163,0.2573331594467163
211-000549,SAD,11,T8_Beta,0.22030067443847656,0.22030067443847656
211-000549,SAD,12,CP1_Beta,0.2033199816942215,0.2033199816942215
211-000549,SAD,13,Fpz_Beta,-0.19243159890174866,0.19243159890174866
211-000549,SAD,14,O1_Beta,0.1251589059829712,0.1251589059829712
211-000549,SAD,15,TP7_Beta,0.1248227208852768,0.1248227208852768
211-000550,JOY,1,F3_Beta,-0.3805173635482788,0.3805173635482788
211-000550,JOY,2,C2_Beta,-0.2614254951477051,0.2614254951477051
211-000550,JOY,3,C2_Alpha,-0.2562520205974579,0.2562520205974579
211-000550,JOY,4,Pz_Beta,-0.22656959295272827,0.22656959295272827
211-000550,JOY,5,T8_Beta,-0.18395037949085236,0.18395037949085236
211-000550,JOY,6,AlphaAsym_C2-C1,-0.17002440989017487,0.17002440989017487
211-000550,JOY,7,AlphaAsym_CP6-CP5,-0.16854912042617798,0.16854912042617798
211-000550,JOY,8,CP5_Beta,0.1514858901500702,0.1514858901500702
211-000550,JOY,9,T7_Beta,0.1487802416086197,0.1487802416086197
211-000550,JOY,10,AF7_Beta,-0.14102619886398315,0.14102619886398315
211-000550,JOY,11,O1_Beta,-0.1364724040031433,0.1364724040031433
211-000550,JOY,12,P3_Beta,-0.13498899340629578,0.13498899340629578
211-000550,JOY,13,Oz_Beta,-0.13369135558605194,0.13369135558605194
211-000550,JOY,14,CP5_Alpha,0.12986385822296143,0.12986385822296143
211-000550,JOY,15,F8_Beta,0.11543206125497818,0.11543206125497818
211-000550,NEUTRO,1,Pz_Beta,1.1326497793197632,1.1326497793197632
211-000550,NEUTRO,2,Pz_Alpha,0.5992490649223328,0.5992490649223328
211-000550,NEUTRO,3,T7_Beta,-0.4868169128894806,0.4868169128894806
211-000550,NEUTRO,4,AlphaAsym_TP8-TP7,-0.1370552033185959,0.1370552033185959
211-000550,NEUTRO,5,Fp2_Beta,-0.09411169588565826,0.09411169588565826
211-000550,NEUTRO,6,AlphaAsym_P8-P7,-0.09028556197881699,0.09028556197881699
211-000550,NEUTRO,7,Cz_Alpha,0.0868384838104248,0.0868384838104248
211-000550,NEUTRO,8,CP3_Beta,0.03792990371584892,0.03792990371584892
211-000550,NEUTRO,9,FC2_Alpha,0.03390137851238251,0.03390137851238251
211-000550,NEUTRO,10,AlphaAsym_P4-P3,-0.025558659806847572,0.025558659806847572
211-000550,NEUTRO,11,AlphaAsym_O2-O1,0.0,0.0
211-000550,NEUTRO,12,FC3_Beta,0.0,0.0
211-000550,NEUTRO,13,FC3_Alpha,0.0,0.0
211-000550,NEUTRO,14,FT7_Beta,0.0,0.0
211-000550,NEUTRO,15,FT7_Alpha,0.0,0.0
211-000550,SAD,1,CP3_Beta,-0.3550533056259155,0.3550533056259155
211-000550,SAD,2,Fpz_Beta,0.28740638494491577,0.28740638494491577
211-000550,SAD,3,AF3_Beta,0.24090023338794708,0.24090023338794708
211-000550,SAD,4,AlphaAsym_CP2-CP1,0.22821779549121857,0.22821779549121857
211-000550,SAD,5,C4_Beta,-0.18103651702404022,0.18103651702404022
211-000550,SAD,6,CP1_Beta,-0.17049412429332733,0.17049412429332733
211-000550,SAD,7,C2_Beta,0.14193062484264374,0.14193062484264374
211-000550,SAD,8,AlphaAsym_C2-C1,0.12764932215213776,0.12764932215213776
211-000550,SAD,9,PO4_Beta,0.12466114014387131,0.12466114014387131
211-000550,SAD,10,F4_Beta,0.12441913038492203,0.12441913038492203
211-000550,SAD,11,AlphaAsym_P6-P5,0.12093088030815125,0.12093088030815125
211-000550,SAD,12,Fp1_Beta,0.11791693419218063,0.11791693419218063
211-000550,SAD,13,PO8_Beta,0.1026148870587349,0.1026148870587349
211-000550,SAD,14,CP3_Alpha,-0.10121054202318192,0.10121054202318192
211-000550,SAD,15,TP8_Beta,0.09687818586826324,0.09687818586826324
211-000552,JOY,1,T8_Beta,-0.62835693359375,0.62835693359375
211-000552,JOY,2,P6_Beta,0.59270840883255,0.59270840883255
211-000552,JOY,3,FT7_Beta,0.5065833330154419,0.5065833330154419
211-000552,JOY,4,P6_Alpha,0.35228967666625977,0.35228967666625977
211-000552,JOY,5,F6_Beta,-0.33166465163230896,0.33166465163230896
211-000552,JOY,6,AlphaAsym_PO8-PO7,0.30271509289741516,0.30271509289741516
211-000552,JOY,7,F6_Alpha,-0.26714593172073364,0.26714593172073364
211-000552,JOY,8,FC6_Beta,-0.23308102786540985,0.23308102786540985
211-000552,JOY,9,PO8_Beta,0.19936613738536835,0.19936613738536835
211-000552,JOY,10,PO8_Alpha,0.19289609789848328,0.19289609789848328
211-000552,JOY,11,AlphaAsym_FC6-FC5,-0.17310433089733124,0.17310433089733124
211-000552,JOY,12,T7_Beta,-0.15127654373645782,0.15127654373645782
211-000552,JOY,13,FC6_Alpha,-0.12745100259780884,0.12745100259780884
211-000552,JOY,14,PO4_Beta,0.12400953471660614,0.12400953471660614
211-000552,JOY,15,AlphaAsym_P6-P5,0.06004350632429123,0.06004350632429123
211-000552,NEUTRO,1,C5_Beta,-0.6011824011802673,0.6011824011802673
211-000552,NEUTRO,2,AlphaAsym_C6-C5,0.37435951828956604,0.37435951828956604
211-000552,NEUTRO,3,FT7_Beta,-0.32069331407546997,0.32069331407546997
211-000552,NEUTRO,4,PO8_Alpha,-0.30391737818717957,0.30391737818717957
211-000552,NEUTRO,5,F6_Beta,0.2953755855560303,0.2953755855560303
211-000552,NEUTRO,6,FT8_Alpha,-0.23909613490104675,0.23909613490104675
211-000552,NEUTRO,7,CP5_Alpha,0.23082755506038666,0.23082755506038666
211-000552,NEUTRO,8,Fz_Beta,0.20484794676303864,0.20484794676303864
211-000552,NEUTRO,9,AlphaAsym_AF4-AF3,0.14434243738651276,0.14434243738651276
211-000552,NEUTRO,10,AlphaAsym_FC6-FC5,0.13827569782733917,0.13827569782733917
211-000552,NEUTRO,11,F7_Alpha,0.12431439012289047,0.12431439012289047
211-000552,NEUTRO,12,PO8_Beta,-0.12196024507284164,0.12196024507284164
211-000552,NEUTRO,13,AlphaAsym_CP4-CP3,0.12110541760921478,0.12110541760921478
211-000552,NEUTRO,14,C6_Beta,0.10364826768636703,0.10364826768636703
211-000552,NEUTRO,15,AlphaAsym_F6-F5,0.10296818614006042,0.10296818614006042
211-000552,SAD,1,C5_Beta,0.7341442704200745,0.7341442704200745
211-000552,SAD,2,AlphaAsym_AF8-AF7,0.5940443873405457,0.5940443873405457
211-000552,SAD,3,CP6_Beta,0.5742844939231873,0.5742844939231873
211-000552,SAD,4,C5_Alpha,0.3668539524078369,0.3668539524078369
211-000552,SAD,5,PO7_Beta,0.3604346215724945,0.3604346215724945
211-000552,SAD,6,AF8_Alpha,0.345520943403244,0.345520943403244
211-000552,SAD,7,AF3_Alpha,0.33891382813453674,0.33891382813453674
211-000552,SAD,8,P1_Beta,-0.3388594090938568,0.3388594090938568
211-000552,SAD,9,AlphaAsym_FC4-FC3,0.3211122453212738,0.3211122453212738
211-000552,SAD,10,PO5_Alpha,0.3165470361709595,0.3165470361709595
211-000552,SAD,11,AF8_Beta,0.304300993680954,0.304300993680954
211-000552,SAD,12,AlphaAsym_C6-C5,-0.2665936350822449,0.2665936350822449
211-000552,SAD,13,Fp2_Beta,-0.2198852002620697,0.2198852002620697
211-000552,SAD,14,AlphaAsym_CP6-CP5,0.21102462708950043,0.21102462708950043
211-000552,SAD,15,PO5_Beta,0.18600940704345703,0.18600940704345703
211-000553,JOY,1,Fp2_Beta,-0.8932220339775085,0.8932220339775085
211-000553,JOY,2,PO7_Alpha,-0.7971712946891785,0.7971712946891785
211-000553,JOY,3,Fp2_Alpha,-0.6516024470329285,0.6516024470329285
211-000553,JOY,4,AlphaAsym_C4-C3,0.5830231308937073,0.5830231308937073
211-000553,JOY,5,Fp1_Beta,-0.576015055179596,0.576015055179596
211-000553,JOY,6,PO7_Beta,-0.5018374919891357,0.5018374919891357
211-000553,JOY,7,AlphaAsym_AF4-AF3,0.4196155071258545,0.4196155071258545
211-000553,JOY,8,P6_Alpha,0.4025202989578247,0.4025202989578247
211-000553,JOY,9,AlphaAsym_F4-F3,0.34741920232772827,0.34741920232772827
211-000553,JOY,10,AF4_Alpha,0.2996778190135956,0.2996778190135956
211-000553,JOY,11,FC4_Beta,0.27385738492012024,0.27385738492012024
211-000553,JOY,12,P1_Alpha,0.2710506021976471,0.2710506021976471
211-000553,JOY,13,AF8_Alpha,-0.26717209815979004,0.26717209815979004
211-000553,JOY,14,C3_Alpha,-0.23529648780822754,0.23529648780822754
211-000553,JOY,15,AlphaAsym_P6-P5,0.23220878839492798,0.23220878839492798
211-000553,NEUTRO,1,PO5_Beta,-0.7866735458374023,0.7866735458374023
211-000553,NEUTRO,2,P1_Alpha,-0.5889582633972168,0.5889582633972168
211-000553,NEUTRO,3,AF8_Alpha,0.33566799759864807,0.33566799759864807
211-000553,NEUTRO,4,AlphaAsym_PO4-PO3,0.32592323422431946,0.32592323422431946
211-000553,NEUTRO,5,PO5_Alpha,-0.30022531747817993,0.30022531747817993
211-000553,NEUTRO,6,F7_Alpha,0.2965366840362549,0.2965366840362549
211-000553,NEUTRO,7,AlphaAsym_AF4-AF3,-0.24712343513965607,0.24712343513965607
211-000553,NEUTRO,8,AlphaAsym_FC2-FC1,-0.22448115050792694,0.22448115050792694
211-000553,NEUTRO,9,AlphaAsym_FC6-FC5,-0.22110429406166077,0.22110429406166077
211-000553,NEUTRO,10,AlphaAsym_CP2-CP1,-0.2207939326763153,0.2207939326763153
211-000553,NEUTRO,11,P3_Beta,0.2103986293077469,0.2103986293077469
211-000553,NEUTRO,12,AlphaAsym_AF8-AF7,0.19759659469127655,0.19759659469127655
211-000553,NEUTRO,13,F7_Beta,0.159494549036026,0.159494549036026
211-000553,NEUTRO,14,P6_Alpha,-0.14666689932346344,0.14666689932346344
211-000553,NEUTRO,15,Fz_Alpha,0.14535412192344666,0.14535412192344666
211-000553,SAD,1,PO5_Beta,0.9476572871208191,0.9476572871208191
211-000553,SAD,2,PO5_Alpha,0.7952764630317688,0.7952764630317688
211-000553,SAD,3,Fp2_Beta,0.6643317937850952,0.6643317937850952
211-000553,SAD,4,AlphaAsym_F4-F3,-0.2998824119567871,0.2998824119567871
211-000553,SAD,5,PO7_Beta,0.20761077105998993,0.20761077105998993
211-000553,SAD,6,AlphaAsym_PO8-PO7,-0.1647968739271164,0.1647968739271164
211-000553,SAD,7,FC4_Beta,-0.15087467432022095,0.15087467432022095
211-000553,SAD,8,AlphaAsym_C4-C3,-0.15032076835632324,0.15032076835632324
211-000553,SAD,9,C6_Alpha,0.12136361002922058,0.12136361002922058
211-000553,SAD,10,AlphaAsym_PO6-PO5,-0.11653252691030502,0.11653252691030502
211-000553,SAD,11,C3_Alpha,0.10993138700723648,0.10993138700723648
211-000553,SAD,12,AF4_Beta,-0.04446554556488991,0.04446554556488991
211-000553,SAD,13,PO7_Alpha,0.03415559232234955,0.03415559232234955
211-000553,SAD,14,AlphaAsym_F8-F7,0.020211463794112206,0.020211463794112206
211-000553,SAD,15,POz_Beta,-0.0011870290618389845,0.0011870290618389845
211-000554,JOY,1,F6_Beta,-0.6093173623085022,0.6093173623085022
211-000554,JOY,2,P7_Beta,0.4382294714450836,0.4382294714450836
211-000554,JOY,3,AF7_Beta,-0.40961959958076477,0.40961959958076477
211-000554,JOY,4,CP1_Beta,0.3864273428916931,0.3864273428916931
211-000554,JOY,5,C6_Beta,-0.38321202993392944,0.38321202993392944
211-000554,JOY,6,F7_Beta,-0.32314473390579224,0.32314473390579224
211-000554,JOY,7,Fz_Beta,0.2996313273906708,0.2996313273906708
211-000554,JOY,8,FT8_Beta,-0.27161309123039246,0.27161309123039246
211-000554,JOY,9,F5_Beta,-0.2700362205505371,0.2700362205505371
211-000554,JOY,10,AF8_Beta,-0.26992267370224,0.26992267370224
211-000554,JOY,11,FC4_Beta,0.24012041091918945,0.24012041091918945
211-000554,JOY,12,Cz_Beta,0.2261572778224945,0.2261572778224945
211-000554,JOY,13,Fp1_Beta,-0.2258644849061966,0.2258644849061966
211-000554,JOY,14,AF4_Beta,-0.21672533452510834,0.21672533452510834
211-000554,JOY,15,O2_Beta,0.1303216516971588,0.1303216516971588
211-000554,NEUTRO,1,O2_Beta,-0.983130156993866,0.983130156993866
211-000554,NEUTRO,2,FC4_Beta,-0.848933756351471,0.848933756351471
211-000554,NEUTRO,3,F6_Beta,0.7765101790428162,0.7765101790428162
211-000554,NEUTRO,4,Fpz_Beta,0.7297936677932739,0.7297936677932739
211-000554,NEUTRO,5,FC4_Alpha,-0.49265438318252563,0.49265438318252563
211-000554,NEUTRO,6,Oz_Beta,0.47342419624328613,0.47342419624328613
211-000554,NEUTRO,7,FC3_Beta,0.3902756869792938,0.3902756869792938
211-000554,NEUTRO,8,O2_Alpha,-0.3521853983402252,0.3521853983402252
211-000554,NEUTRO,9,AlphaAsym_F6-F5,0.34504032135009766,0.34504032135009766
211-000554,NEUTRO,10,F3_Beta,0.34461015462875366,0.34461015462875366
211-000554,NEUTRO,11,FCz_Alpha,0.31020358204841614,0.31020358204841614
211-000554,NEUTRO,12,Cz_Alpha,-0.3062925338745117,0.3062925338745117
211-000554,NEUTRO,13,FCz_Beta,0.2700296640396118,0.2700296640396118
211-000554,NEUTRO,14,FC5_Alpha,-0.23550380766391754,0.23550380766391754
211-000554,NEUTRO,15,F8_Alpha,-0.20776142179965973,0.20776142179965973
211-000554,SAD,1,AlphaAsym_P8-P7,-0.7249016761779785,0.7249016761779785
211-000554,SAD,2,AlphaAsym_TP8-TP7,-0.5830327868461609,0.5830327868461609
211-000554,SAD,3,AF4_Beta,0.5707300901412964,0.5707300901412964
211-000554,SAD,4,T8_Beta,0.5439209342002869,0.5439209342002869
211-000554,SAD,5,FCz_Alpha,-0.5391047596931458,0.5391047596931458
211-000554,SAD,6,F8_Beta,0.5197160243988037,0.5197160243988037
211-000554,SAD,7,F7_Alpha,0.49060654640197754,0.49060654640197754
211-000554,SAD,8,CP5_Alpha,-0.4759182333946228,0.4759182333946228
211-000554,SAD,9,F5_Alpha,0.46606460213661194,0.46606460213661194
211-000554,SAD,10,P8_Beta,-0.4469939172267914,0.4469939172267914
211-000554,SAD,11,AF3_Beta,0.4329940974712372,0.4329940974712372
211-000554,SAD,12,FC2_Alpha,-0.4263741075992584,0.4263741075992584
211-000554,SAD,13,FCz_Beta,-0.3953046202659607,0.3953046202659607
211-000554,SAD,14,FC2_Beta,-0.3626854717731476,0.3626854717731476
211-000554,SAD,15,TP7_Alpha,0.3358170986175537,0.3358170986175537
211-000555,JOY,1,POz_Beta,-0.6635681986808777,0.6635681986808777
211-000555,JOY,2,Oz_Beta,0.6043797731399536,0.6043797731399536
211-000555,JOY,3,O1_Beta,0.5664564967155457,0.5664564967155457
211-000555,JOY,4,PO5_Beta,0.5341809988021851,0.5341809988021851
211-000555,JOY,5,PO7_Beta,0.47410422563552856,0.47410422563552856
211-000555,JOY,6,CP6_Beta,-0.4414808452129364,0.4414808452129364
211-000555,JOY,7,AF3_Beta,0.41398799419403076,0.41398799419403076
211-000555,JOY,8,P7_Beta,0.3684317469596863,0.3684317469596863
211-000555,JOY,9,F4_Alpha,0.3311161994934082,0.3311161994934082
211-000555,JOY,10,AlphaAsym_CP6-CP5,-0.31389930844306946,0.31389930844306946
211-000555,JOY,11,AlphaAsym_AF8-AF7,-0.30808642506599426,0.30808642506599426
211-000555,JOY,12,CP1_Beta,-0.266022264957428,0.266022264957428
211-000555,JOY,13,O2_Beta,0.24222543835639954,0.24222543835639954
211-000555,JOY,14,CP6_Alpha,-0.23736746609210968,0.23736746609210968
211-000555,JOY,15,AF7_Beta,0.2240763008594513,0.2240763008594513
211-000555,NEUTRO,1,CP1_Beta,0.8833577036857605,0.8833577036857605
211-000555,NEUTRO,2,FC4_Beta,-0.8165292143821716,0.8165292143821716
211-000555,NEUTRO,3,POz_Beta,0.726138174533844,0.726138174533844
211-000555,NEUTRO,4,AF7_Beta,-0.7252428531646729,0.7252428531646729
211-000555,NEUTRO,5,O1_Beta,-0.6567929983139038,0.6567929983139038
211-000555,NEUTRO,6,P1_Alpha,-0.43432921171188354,0.43432921171188354
211-000555,NEUTRO,7,FC6_Beta,0.4327511787414551,0.4327511787414551
211-000555,NEUTRO,8,PO7_Beta,-0.42247211933135986,0.42247211933135986
211-000555,NEUTRO,9,CP1_Alpha,0.4015456736087799,0.4015456736087799
211-000555,NEUTRO,10,FC5_Beta,0.3480519652366638,0.3480519652366638
211-000555,NEUTRO,11,FT7_Beta,0.34630948305130005,0.34630948305130005
211-000555,NEUTRO,12,C1_Beta,0.3425442576408386,0.3425442576408386
211-000555,NEUTRO,13,FC5_Alpha,0.29915428161621094,0.29915428161621094
211-000555,NEUTRO,14,F5_Beta,0.2870997488498688,0.2870997488498688
211-000555,NEUTRO,15,Oz_Beta,-0.2831660807132721,0.2831660807132721
211-000555,SAD,1,FC5_Beta,-1.354264736175537,1.354264736175537
211-000555,SAD,2,CP6_Beta,1.293475866317749,1.293475866317749
211-000555,SAD,3,AlphaAsym_CP6-CP5,0.8879872560501099,0.8879872560501099
211-000555,SAD,4,CP6_Alpha,0.7456517815589905,0.7456517815589905
211-000555,SAD,5,AF4_Beta,0.6205546855926514,0.6205546855926514
211-000555,SAD,6,F7_Beta,-0.3086884617805481,0.3086884617805481
211-000555,SAD,7,F7_Alpha,-0.2821708023548126,0.2821708023548126
211-000555,SAD,8,FC5_Alpha,-0.27204766869544983,0.27204766869544983
211-000555,SAD,9,FC3_Beta,0.19499090313911438,0.19499090313911438
211-000555,SAD,10,AlphaAsym_F8-F7,0.12044332921504974,0.12044332921504974
211-000555,SAD,11,Fz_Alpha,0.0,0.0
211-000555,SAD,12,FCz_Beta,0.0,0.0
211-000555,SAD,13,Fz_Beta,0.0,0.0
211-000555,SAD,14,FT7_Beta,0.0,0.0
211-000555,SAD,15,F4_Beta,0.0,0.0
211-000556,JOY,1,FC4_Beta,0.9347447752952576,0.9347447752952576
211-000556,JOY,2,AlphaAsym_FC4-FC3,0.7785840630531311,0.7785840630531311
211-000556,JOY,3,AF8_Beta,-0.4577321410179138,0.4577321410179138
211-000556,JOY,4,Fp2_Beta,0.40104857087135315,0.40104857087135315
211-000556,JOY,5,FC4_Alpha,0.3225450813770294,0.3225450813770294
211-000556,JOY,6,AF8_Alpha,-0.09900922328233719,0.09900922328233719
211-000556,JOY,7,AlphaAsym_AF4-AF3,-0.02540372870862484,0.02540372870862484
211-000556,JOY,8,AF4_Beta,-0.009585903026163578,0.009585903026163578
211-000556,JOY,9,F6_Beta,-0.0006691631278954446,0.0006691631278954446
211-000556,JOY,10,F8_Alpha,0.0,0.0
211-000556,JOY,11,FT7_Alpha,0.0,0.0
211-000556,JOY,12,T7_Beta,0.0,0.0
211-000556,JOY,13,T7_Alpha,0.0,0.0
211-000556,JOY,14,F8_Beta,0.0,0.0
211-000556,JOY,15,Fz_Beta,0.0,0.0
211-000556,NEUTRO,1,AF3_Beta,1.4080945253372192,1.4080945253372192
211-000556,NEUTRO,2,FC4_Beta,-1.366060733795166,1.366060733795166
211-000556,NEUTRO,3,AlphaAsym_FC4-FC3,-0.7492555379867554,0.7492555379867554
211-000556,NEUTRO,4,CP2_Beta,-0.6521732211112976,0.6521732211112976
211-000556,NEUTRO,5,FC4_Alpha,-0.5044342875480652,0.5044342875480652
211-000556,NEUTRO,6,Cz_Beta,0.4717616140842438,0.4717616140842438
211-000556,NEUTRO,7,PO5_Alpha,0.3534570634365082,0.3534570634365082
211-000556,NEUTRO,8,F1_Alpha,0.3430034816265106,0.3430034816265106
211-000556,NEUTRO,9,F2_Alpha,0.316497802734375,0.316497802734375
211-000556,NEUTRO,10,FC5_Beta,0.31351956725120544,0.31351956725120544
211-000556,NEUTRO,11,P3_Beta,0.3090778589248657,0.3090778589248657
211-000556,NEUTRO,12,CP3_Beta,0.30897682905197144,0.30897682905197144
211-000556,NEUTRO,13,Fp1_Beta,-0.28279033303260803,0.28279033303260803
211-000556,NEUTRO,14,P7_Beta,0.28038257360458374,0.28038257360458374
211-000556,NEUTRO,15,C6_Beta,-0.2134547233581543,0.2134547233581543
211-000556,SAD,1,AF3_Beta,-1.477073073387146,1.477073073387146
211-000556,SAD,2,CP2_Beta,1.034822940826416,1.034822940826416
211-000556,SAD,3,F6_Beta,0.9050827026367188,0.9050827026367188
211-000556,SAD,4,C6_Beta,0.8491036891937256,0.8491036891937256
211-000556,SAD,5,AlphaAsym_CP2-CP1,0.5217292904853821,0.5217292904853821
211-000556,SAD,6,AF8_Beta,0.49853354692459106,0.49853354692459106
211-000556,SAD,7,AlphaAsym_AF4-AF3,0.4200698733329773,0.4200698733329773
211-000556,SAD,8,C4_Alpha,0.2528616189956665,0.2528616189956665
211-000556,SAD,9,AF4_Beta,0.2486502081155777,0.2486502081155777
211-000556,SAD,10,AlphaAsym_F6-F5,0.2321206033229828,0.2321206033229828
211-000556,SAD,11,AlphaAsym_PO6-PO5,0.23116928339004517,0.23116928339004517
211-000556,SAD,12,AlphaAsym_Fp2-Fp1,-0.19800429046154022,0.19800429046154022
211-000556,SAD,13,Cz_Beta,-0.18645194172859192,0.18645194172859192
211-000556,SAD,14,P3_Beta,-0.1667468100786209,0.1667468100786209
211-000556,SAD,15,P7_Beta,-0.06459268182516098,0.06459268182516098
211-000557,JOY,1,O1_Beta,0.47250235080718994,0.47250235080718994
211-000557,JOY,2,P7_Beta,-0.40932613611221313,0.40932613611221313
211-000557,JOY,3,F2_Beta,-0.4036581218242645,0.4036581218242645
211-000557,JOY,4,FC4_Beta,0.29581448435783386,0.29581448435783386
211-000557,JOY,5,AlphaAsym_FC4-FC3,0.28304386138916016,0.28304386138916016
211-000557,JOY,6,AlphaAsym_O2-O1,-0.27213773131370544,0.27213773131370544
211-000557,JOY,7,AlphaAsym_Fp2-Fp1,0.24493800103664398,0.24493800103664398
211-000557,JOY,8,Cz_Beta,0.2409878969192505,0.2409878969192505
211-000557,JOY,9,TP7_Beta,-0.2051279991865158,0.2051279991865158
211-000557,JOY,10,Fp2_Beta,0.20294643938541412,0.20294643938541412
211-000557,JOY,11,CPz_Beta,-0.195606991648674,0.195606991648674
211-000557,JOY,12,FT8_Alpha,-0.19250915944576263,0.19250915944576263
211-000557,JOY,13,AF7_Beta,-0.19170480966567993,0.19170480966567993
211-000557,JOY,14,Fp1_Beta,-0.18717335164546967,0.18717335164546967
211-000557,JOY,15,AlphaAsym_F2-F1,-0.17436186969280243,0.17436186969280243
211-000557,NEUTRO,1,FC5_Beta,0.6550819873809814,0.6550819873809814
211-000557,NEUTRO,2,AF7_Beta,0.5836787223815918,0.5836787223815918
211-000557,NEUTRO,3,F2_Beta,0.5134928822517395,0.5134928822517395
211-000557,NEUTRO,4,AlphaAsym_F2-F1,0.48396408557891846,0.48396408557891846
211-000557,NEUTRO,5,FC5_Alpha,0.44918081164360046,0.44918081164360046
211-000557,NEUTRO,6,F2_Alpha,0.36642923951148987,0.36642923951148987
211-000557,NEUTRO,7,AlphaAsym_AF8-AF7,-0.2661842703819275,0.2661842703819275
211-000557,NEUTRO,8,O1_Beta,-0.15168005228042603,0.15168005228042603
211-000557,NEUTRO,9,PO7_Beta,-0.1331242322921753,0.1331242322921753
211-000557,NEUTRO,10,FT8_Alpha,0.09456916898488998,0.09456916898488998
211-000557,NEUTRO,11,AlphaAsym_FC6-FC5,-0.05699794366955757,0.05699794366955757
211-000557,NEUTRO,12,FC4_Beta,-0.03712863102555275,0.03712863102555275
211-000557,NEUTRO,13,AF7_Alpha,0.03702676668763161,0.03702676668763161
211-000557,NEUTRO,14,F8_Alpha,0.0,0.0
211-000557,NEUTRO,15,F8_Beta,0.0,0.0
211-000557,SAD,1,FC5_Beta,-1.0198713541030884,1.0198713541030884
211-000557,SAD,2,AlphaAsym_FC6-FC5,0.5229890942573547,0.5229890942573547
211-000557,SAD,3,FC5_Alpha,-0.42280101776123047,0.42280101776123047
211-000557,SAD,4,PO7_Beta,0.3632214069366455,0.3632214069366455
211-000557,SAD,5,P7_Beta,0.16825471818447113,0.16825471818447113
211-000557,SAD,6,P3_Alpha,0.1040470153093338,0.1040470153093338
211-000557,SAD,7,Pz_Beta,0.10274380445480347,0.10274380445480347
211-000557,SAD,8,PO7_Alpha,0.08438751101493835,0.08438751101493835
211-000557,SAD,9,P8_Alpha,0.07815425843000412,0.07815425843000412
211-000557,SAD,10,CPz_Beta,0.06880563497543335,0.06880563497543335
211-000557,SAD,11,Oz_Alpha,0.06718329340219498,0.06718329340219498
211-000557,SAD,12,AlphaAsym_CP2-CP1,-0.0640326589345932,0.0640326589345932
211-000557,SAD,13,PO3_Alpha,0.053762465715408325,0.053762465715408325
211-000557,SAD,14,TP7_Alpha,0.03804735466837883,0.03804735466837883
211-000557,SAD,15,Oz_Beta,0.03625667095184326,0.03625667095184326
