class_label,condition,channel,band,mean_abs_shap,mean_signed_shap,n_subjects
0,JOY,O2,Delta,0.00521410611203351,0.0044560062837908304,23
0,JOY,O2,Theta,0.008880182153322709,0.007493863791181299,23
0,JOY,O2,Alpha,0.00458385962203515,0.004307923132124591,23
0,JOY,O2,Beta,0.012456097892853464,0.008288703905008325,23
0,JOY,O2,Gamma,0.03155246145639221,0.02439196291361935,23
0,JOY,O1,Delta,0.006159983177625153,0.006159983177625153,23
0,JOY,O1,Theta,0.011601610981918977,0.011411031466532617,23
0,JOY,O1,Alpha,0.008057291350670211,0.007674997155225569,23
0,JOY,O1,Beta,0.04518239196207345,0.036044313377723944,23
0,JOY,O1,Gamma,0.052226410171834305,0.04571228870132209,23
0,JOY,Oz,Delta,0.0014537108566961417,0.001452140535935984,23
0,JOY,Oz,Theta,0.006745925675286307,0.006034291802143713,23
0,JOY,Oz,Alpha,0.018512745634893236,0.016465684607314044,23
0,JOY,Oz,Beta,0.04382922580081015,0.04076690570351814,23
0,JOY,Oz,Gamma,0.030014234928285588,0.02592026683308345,23
0,JOY,Pz,Delta,0.009273182678148473,0.009273182678148473,23
0,JOY,Pz,Theta,0.004633984186732505,0.004633984186732505,23
0,JOY,Pz,Alpha,0.003127058113194548,0.0024010609636726347,23
0,JOY,Pz,Beta,0.013785242089338066,0.013624718635423496,23
0,JOY,Pz,Gamma,0.011568306807918647,0.011568306807918647,23
0,JOY,P4,Delta,0.0,0.0,23
0,JOY,P4,Theta,0.0,0.0,23
0,JOY,P4,Alpha,0.0007057006751759508,0.00044713534673700514,23
0,JOY,P4,Beta,0.002893284086893363,0.0027109010452870184,23
0,JOY,P4,Gamma,0.003078037827238708,0.0025027132054374263,23
0,JOY,CP4,Delta,0.005074432848890763,0.005074432848890763,23
0,JOY,CP4,Theta,0.00422153259690373,0.003483310609243127,23
0,JOY,CP4,Alpha,0.0,0.0,23
0,JOY,CP4,Beta,0.00929441449481463,0.00929441449481463,23
0,JOY,CP4,Gamma,0.010759584209153879,0.009828193470148513,23
0,JOY,P8,Delta,0.008264858516373801,0.008008127428263387,23
0,JOY,P8,Theta,0.003438041369447031,0.0032886913723450774,23
0,JOY,P8,Alpha,0.0,0.0,23
0,JOY,P8,Beta,0.01355205566953849,0.012491308839267764,23
0,JOY,P8,Gamma,0.01227472227321567,0.010339990728773158,23
0,JOY,C4,Delta,0.0096183406998086,0.009273008408626927,23
0,JOY,C4,Theta,0.003903265322365255,0.00299360501725464,23
0,JOY,C4,Alpha,0.0003126853783354325,5.323940580373145e-05,23
0,JOY,C4,Beta,0.01053693068315035,0.008249546846297848,23
0,JOY,C4,Gamma,0.018653718289555896,-0.006065287133020394,23
0,JOY,TP8,Delta,0.0,0.0,23
0,JOY,TP8,Theta,0.002878469881476387,0.0028220888119936515,23
0,JOY,TP8,Alpha,0.011862225501480788,0.011610077196117044,23
0,JOY,TP8,Beta,0.012785973327429078,0.010243105409977681,23
0,JOY,TP8,Gamma,0.004534861674900855,0.003136037383789042,23
0,JOY,T8,Delta,0.00376467723155276,0.003356990333015249,23
0,JOY,T8,Theta,0.014575613973754332,0.013463266455542921,23
0,JOY,T8,Alpha,0.0038389403487495808,0.0035941346798923014,23
0,JOY,T8,Beta,0.02983296119519782,0.02961523046678395,23
0,JOY,T8,Gamma,0.013245424688085292,0.012772922510221458,23
0,JOY,P7,Delta,0.004517440674189552,0.003814180729342113,23
0,JOY,P7,Theta,0.003565655574612264,0.0030631262684979684,23
0,JOY,P7,Alpha,0.0005343026716214562,4.8512614661632084e-05,23
0,JOY,P7,Beta,0.013635722253078863,0.009499200242965845,23
0,JOY,P7,Gamma,0.006608926400558309,0.00510867414067572,23
0,JOY,P3,Delta,0.01009953656873026,0.006609314980619639,23
0,JOY,P3,Theta,0.005856645975903137,0.005722535373706197,23
0,JOY,P3,Alpha,0.0,0.0,23
0,JOY,P3,Beta,0.008165781002347036,0.0068858611007068275,23
0,JOY,P3,Gamma,0.0003665694115551822,-1.8171258039737113e-05,23
0,JOY,CP3,Delta,0.0,0.0,23
0,JOY,CP3,Theta,0.0104972536654476,0.008758027739953544,23
0,JOY,CP3,Alpha,0.0024103597365832882,0.0021991470880704015,23
0,JOY,CP3,Beta,0.005825124932175402,0.0057518273606625555,23
0,JOY,CP3,Gamma,0.0,0.0,23
0,JOY,CPz,Delta,0.002850053658739833,0.000495209830573111,23
0,JOY,CPz,Theta,0.0015360575273014928,0.0008785468893724311,23
0,JOY,CPz,Alpha,0.00490008255994584,0.0019620514681838426,23
0,JOY,CPz,Beta,0.012018145686975268,0.005175736035085571,23
0,JOY,CPz,Gamma,0.0009938169748259736,-6.285981040577573e-05,23
0,JOY,Cz,Delta,0.014066021340954379,0.011603848798073106,23
0,JOY,Cz,Theta,0.011065932444523802,0.009650969045566938,23
0,JOY,Cz,Alpha,0.0013491387410514567,0.000716119971798807,23
0,JOY,Cz,Beta,0.005573794195998856,0.002323445306782071,23
0,JOY,Cz,Gamma,0.004831815058933626,0.0010284069520432176,23
0,JOY,FC4,Delta,0.009210636663220839,0.009189198049124742,23
0,JOY,FC4,Theta,0.033879311767973735,0.03183389920491081,23
0,JOY,FC4,Alpha,0.03079971260469225,0.030470594919015322,23
0,JOY,FC4,Beta,0.051307680447712924,0.048310394873446336,23
0,JOY,FC4,Gamma,0.07108153431961585,0.062358185377529435,23
0,JOY,FT8,Delta,0.004432630612493884,0.001195551486965182,23
0,JOY,FT8,Theta,0.006153657611907703,0.005615323987602082,23
0,JOY,FT8,Alpha,0.0011751011093281475,0.0009349282443589596,23
0,JOY,FT8,Beta,0.0,0.0,23
0,JOY,FT8,Gamma,0.0,0.0,23
0,JOY,TP7,Delta,0.00506629648659167,0.004899742222915801,23
0,JOY,TP7,Theta,0.0007390384378861854,0.0006300313215084399,23
0,JOY,TP7,Alpha,0.0025592885860937324,0.0023700290604496623,23
0,JOY,TP7,Beta,0.003577128948726556,0.002981001938117423,23
0,JOY,TP7,Gamma,0.0,0.0,23
0,JOY,C3,Delta,0.009741212108999609,0.007636701737684252,23
0,JOY,C3,Theta,0.013326569206385018,0.01169146497490183,23
0,JOY,C3,Alpha,0.0015352964251285765,0.0013117388616711537,23
0,JOY,C3,Beta,0.0042703755354575245,0.001711827272838195,23
0,JOY,C3,Gamma,0.0031808649999282256,-0.0009468147717442056,23
0,JOY,FCz,Delta,0.0,0.0,23
0,JOY,FCz,Theta,0.0,0.0,23
0,JOY,FCz,Alpha,0.008629750110723502,0.007405793059918293,23
0,JOY,FCz,Beta,0.0012603286851155223,0.0007297491813320001,23
0,JOY,FCz,Gamma,0.0025841499404135517,0.0018912232604552687,23
0,JOY,Fz,Delta,0.0,0.0,23
0,JOY,Fz,Theta,0.0017699381630414373,0.0013320918648314437,23
0,JOY,Fz,Alpha,0.004223945351859217,0.003233712420376931,23
0,JOY,Fz,Beta,0.005920630944753124,0.00570054687405582,23
0,JOY,Fz,Gamma,0.024986488527245387,0.017052697811103346,23
0,JOY,F4,Delta,0.02081784720199431,0.017673260040214224,23
0,JOY,F4,Theta,0.013152165289193904,0.00963299087489631,23
0,JOY,F4,Alpha,0.004017038837449693,0.0025593528109959453,23
0,JOY,F4,Beta,0.019274548021543634,0.0156461665420375,23
0,JOY,F4,Gamma,0.006844492363737699,0.005954865792012376,23
0,JOY,F8,Delta,0.0011720818461184626,0.0008021840098244866,23
0,JOY,F8,Theta,0.004859062513232192,0.004478626503593044,23
0,JOY,F8,Alpha,0.0012025146074562609,0.0009237299213464321,23
0,JOY,F8,Beta,0.005051119649165855,0.0032573495437508413,23
0,JOY,F8,Gamma,0.0,0.0,23
0,JOY,T7,Delta,0.004247917173423948,0.003953614512320624,23
0,JOY,T7,Theta,0.002293687157176413,0.0003740476491056994,23
0,JOY,T7,Alpha,0.00840986881892851,0.0014886621526376165,23
0,JOY,T7,Beta,0.020906570257087097,0.016302506390241434,23
0,JOY,T7,Gamma,0.03313494384768166,0.02886524550219843,23
0,JOY,FT7,Delta,0.0011139046750585338,0.0010146473444041485,23
0,JOY,FT7,Theta,0.006412837346533468,0.00410291017468489,23
0,JOY,FT7,Alpha,0.005462144118206523,0.0035673071708327716,23
0,JOY,FT7,Beta,0.03551605925977574,0.030197561268785814,23
0,JOY,FT7,Gamma,0.028183753596051683,0.025548381642847756,23
0,JOY,FC3,Delta,0.02094731394527636,0.008334310617805618,23
0,JOY,FC3,Theta,0.009021871735684764,-0.0009257215251480586,23
0,JOY,FC3,Alpha,0.0013685274129362646,0.0010835298022818338,23
0,JOY,FC3,Beta,0.015247302873974035,-0.006057225791452786,23
0,JOY,FC3,Gamma,0.005319475987371814,-0.0003731888380573613,23
0,JOY,F3,Delta,0.010800025336527172,0.009890780112360262,23
0,JOY,F3,Theta,0.016392683986850388,0.015645074593069908,23
0,JOY,F3,Alpha,0.012556907480519996,0.012113430222419909,23
0,JOY,F3,Beta,0.039191018246063726,0.03839098571947059,23
0,JOY,F3,Gamma,0.024667186103066542,0.017052278101930263,23
0,JOY,Fp2,Delta,0.011852028335748799,0.00901429277359254,23
0,JOY,Fp2,Theta,0.004730619356113813,0.003992175297747197,23
0,JOY,Fp2,Alpha,0.012743077390832844,0.0114617160367733,23
0,JOY,Fp2,Beta,0.0563203722599538,0.047059108355703906,23
0,JOY,Fp2,Gamma,0.08398447912239042,0.0701003179152658,23
0,JOY,F7,Delta,0.00016914847005016967,8.974484573308205e-05,23
0,JOY,F7,Theta,0.0,0.0,23
0,JOY,F7,Alpha,0.0,0.0,23
0,JOY,F7,Beta,0.008995297036821797,0.008391181092193153,23
0,JOY,F7,Gamma,0.0037231667096179247,0.0030200876911332646,23
0,JOY,Fp1,Delta,0.0020536188268703063,0.001863639626210304,23
0,JOY,Fp1,Theta,0.005038111450539207,0.004353470475069231,23
0,JOY,Fp1,Alpha,0.00037938368772337386,0.00036028472048157706,23
0,JOY,Fp1,Beta,0.055022706646248115,0.05244670703220082,23
0,JOY,Fp1,Gamma,0.07430519836900287,0.07145555188148195,23
0,JOY,PO5,Delta,0.016194149927950593,0.012981875455279174,23
0,JOY,PO5,Theta,0.01850347587211717,0.01448919098796253,23
0,JOY,PO5,Alpha,0.009532948188965898,0.00927268436798713,23
0,JOY,PO5,Beta,0.014707832323631853,0.006642798547257038,23
0,JOY,PO5,Gamma,0.028074674780376754,0.023209072792154967,23
0,JOY,PO3,Delta,0.0,0.0,23
0,JOY,PO3,Theta,0.0033971826999816346,0.0011752250738407432,23
0,JOY,PO3,Alpha,0.002746445378821093,0.001844008345721439,23
0,JOY,PO3,Beta,0.007236654429284454,0.007055793248208595,23
0,JOY,PO3,Gamma,0.0076158232953052515,0.0033075274166222885,23
0,JOY,P1,Delta,0.01854992281478713,0.011664122046358291,23
0,JOY,P1,Theta,0.0008115229043763687,0.0007238031398325653,23
0,JOY,P1,Alpha,0.008624301384190704,0.007480054765697723,23
0,JOY,P1,Beta,0.013681160963026375,0.011274747856785979,23
0,JOY,P1,Gamma,0.005650430724462535,0.005461451551644425,23
0,JOY,POz,Delta,0.0,0.0,23
0,JOY,POz,Theta,0.0,0.0,23
0,JOY,POz,Alpha,0.005614986303115066,-0.0026366348789322517,23
0,JOY,POz,Beta,0.05427485916519975,0.023621930520336783,23
0,JOY,POz,Gamma,0.04003243636069775,-0.0011079085828360287,23
0,JOY,P2,Delta,0.0,0.0,23
0,JOY,P2,Theta,0.0,0.0,23
0,JOY,P2,Alpha,0.0010823331067694446,0.0006572415123232423,23
0,JOY,P2,Beta,0.008577501490306411,0.007860896060191781,23
0,JOY,P2,Gamma,0.0006684890839855805,0.00041636952496345637,23
0,JOY,PO4,Delta,0.0049970114347615705,0.0047753083715597645,23
0,JOY,PO4,Theta,0.004496353435652605,0.004453398144485829,23
0,JOY,PO4,Alpha,0.000479824763460125,0.0003765272875693429,23
0,JOY,PO4,Beta,0.02405414500334651,0.023458876780844524,23
0,JOY,PO4,Gamma,0.015208330969006546,0.014580352760777356,23
0,JOY,CP2,Delta,0.01190188667253568,0.011672736459289157,23
0,JOY,CP2,Theta,0.009238886243748301,0.008961905270960078,23
0,JOY,CP2,Alpha,0.004952596101006452,0.004537884378945481,23
0,JOY,CP2,Beta,0.055023394076157826,0.052774781607906544,23
0,JOY,CP2,Gamma,0.02320791725750556,0.02276081796871291,23
0,JOY,P6,Delta,0.00719584745312294,0.006812894796641418,23
0,JOY,P6,Theta,0.016088356059114108,0.01151191447809236,23
0,JOY,P6,Alpha,0.010080139307163831,0.008476426240638074,23
0,JOY,P6,Beta,0.022967480216740836,0.02249253760010086,23
0,JOY,P6,Gamma,0.001395940329672694,0.0010089613663058158,23
0,JOY,PO6,Delta,0.0,0.0,23
0,JOY,PO6,Theta,0.0,0.0,23
0,JOY,PO6,Alpha,0.004771449401383227,0.0043189578888009035,23
0,JOY,PO6,Beta,0.018333603791142464,0.017496318559920666,23
0,JOY,PO6,Gamma,0.016012886381240113,0.014807537668940288,23
0,JOY,CP6,Delta,0.0,0.0,23
0,JOY,CP6,Theta,0.003388964892693435,-0.0010509514415731607,23
0,JOY,CP6,Alpha,0.005899401199821207,-0.001720615521310434,23
0,JOY,CP6,Beta,0.025989450266929635,0.002293313310729477,23
0,JOY,CP6,Gamma,0.032999871000470075,-0.006030407300997582,23
0,JOY,C6,Delta,0.0034608778291650433,0.002124343305337588,23
0,JOY,C6,Theta,0.0036932527874851792,0.001679130769290842,23
0,JOY,C6,Alpha,0.004806002902633701,0.002778087711914085,23
0,JOY,C6,Beta,0.023302852275409906,0.01807512782388163,23
0,JOY,C6,Gamma,0.01769397771058434,-0.002268904555115681,23
0,JOY,PO8,Delta,0.005227589557991712,0.005162938814151988,23
0,JOY,PO8,Theta,0.01713819964589611,0.01703809699485019,23
0,JOY,PO8,Alpha,0.0028448479195198125,0.0025799839870179636,23
0,JOY,PO8,Beta,0.013223773189592615,0.0121532384565219,23
0,JOY,PO8,Gamma,0.025631225441403525,0.02233339034331044,23
0,JOY,PO7,Delta,0.0363982922720299,0.031006739542851432,23
0,JOY,PO7,Theta,0.03375227543495398,0.029593690950015173,23
0,JOY,PO7,Alpha,0.041337773237936436,0.03482087788705799,23
0,JOY,PO7,Beta,0.09990998293073516,0.08720286453889306,23
0,JOY,PO7,Gamma,0.09442895157328207,0.08491075810392419,23
0,JOY,P5,Delta,0.0,0.0,23
0,JOY,P5,Theta,0.002404816131263527,0.0015387929026720267,23
0,JOY,P5,Alpha,0.004197414087597414,0.0018054861644228655,23
0,JOY,P5,Beta,0.0015832193135989479,0.0005239489528151217,23
0,JOY,P5,Gamma,0.0,0.0,23
0,JOY,CP5,Delta,0.0,0.0,23
0,JOY,CP5,Theta,0.005422756036490862,0.005196629225101497,23
0,JOY,CP5,Alpha,0.0025558054879422495,0.0022430313218138264,23
0,JOY,CP5,Beta,0.012740373466929845,0.008195021885017664,23
0,JOY,CP5,Gamma,0.0,0.0,23
0,JOY,CP1,Delta,0.00028601528361398617,0.0002615522083056816,23
0,JOY,CP1,Theta,0.00024033706102146826,0.00021962901317810698,23
0,JOY,CP1,Alpha,0.0,0.0,23
0,JOY,CP1,Beta,0.001090671958784312,0.0004698032083062526,23
0,JOY,CP1,Gamma,0.0027880511717705515,0.0023390552659753733,23
0,JOY,C1,Delta,0.0018681420689916016,0.0013077532307015224,23
0,JOY,C1,Theta,0.0,0.0,23
0,JOY,C1,Alpha,0.007970648129531183,0.0020989856548374887,23
0,JOY,C1,Beta,0.0003766180097990058,0.00011731370438084115,23
0,JOY,C1,Gamma,0.0,0.0,23
0,JOY,C2,Delta,0.0005891115423583314,0.00042969563893911316,23
0,JOY,C2,Theta,0.006944552584715042,0.006643889934687911,23
0,JOY,C2,Alpha,0.0060860770292301015,0.005869012333924167,23
0,JOY,C2,Beta,0.007929662586845859,0.00749556660612633,23
0,JOY,C2,Gamma,0.0,0.0,23
0,JOY,FC2,Delta,0.01179023380793859,0.006887513922064089,23
0,JOY,FC2,Theta,4.0779621244783356e-05,3.466076019063884e-05,23
0,JOY,FC2,Alpha,0.00019133632203534475,0.0001701385475635397,23
0,JOY,FC2,Beta,0.0008872589549944075,0.0007193427478838596,23
0,JOY,FC2,Gamma,0.0,0.0,23
0,JOY,FC6,Delta,0.006552698264364188,0.0034082733163495562,23
0,JOY,FC6,Theta,0.00217635145582644,0.0020080066329717567,23
0,JOY,FC6,Alpha,0.00419605484289977,0.0015434329918235872,23
0,JOY,FC6,Beta,0.00856074838269165,0.006388417343935178,23
0,JOY,FC6,Gamma,0.01602229884327019,0.012705893812206812,23
0,JOY,C5,Delta,0.009524856786726906,0.00584505237410362,23
0,JOY,C5,Theta,0.0057245868462099505,0.0031714222541477668,23
0,JOY,C5,Alpha,0.0,0.0,23
0,JOY,C5,Beta,0.0,0.0,23
0,JOY,C5,Gamma,0.01863833412557448,0.014075229568027458,23
0,JOY,FC1,Delta,0.001261833091150706,0.001132271659588429,23
0,JOY,FC1,Theta,0.026353852195405984,0.022749684710643002,23
0,JOY,FC1,Alpha,0.019301555163526253,0.015595254630631543,23
0,JOY,FC1,Beta,0.04292252325284343,0.031173388926510497,23
0,JOY,FC1,Gamma,0.016716016604299663,0.0130370063618177,23
0,JOY,F2,Delta,0.005270524054381906,0.004327889162356533,23
0,JOY,F2,Theta,0.004482632077590255,0.004380904578572698,23
0,JOY,F2,Alpha,4.170583979666755e-05,4.072970695592975e-05,23
0,JOY,F2,Beta,0.009759105634044956,0.008718913421393939,23
0,JOY,F2,Gamma,0.009931161150032916,0.008760620508822729,23
0,JOY,F6,Delta,0.01485990199619543,0.008531580130720659,23
0,JOY,F6,Theta,0.009005733901898665,0.006168901464619817,23
0,JOY,F6,Alpha,0.0056912390284662405,0.0056912390284662405,23
0,JOY,F6,Beta,0.03310096726122162,0.01806075423547043,23
0,JOY,F6,Gamma,0.009117722859209549,0.00817308148528428,23
0,JOY,FC5,Delta,0.015776784652336204,0.011389139202759645,23
0,JOY,FC5,Theta,0.00536706219909499,0.004458463348237884,23
0,JOY,FC5,Alpha,0.01075801876297654,0.005417729701294454,23
0,JOY,FC5,Beta,0.03810495949990216,0.03092787840056622,23
0,JOY,FC5,Gamma,0.008695040575465014,0.004199334695290023,23
0,JOY,F1,Delta,0.0,0.0,23
0,JOY,F1,Theta,0.0,0.0,23
0,JOY,F1,Alpha,0.0,0.0,23
0,JOY,F1,Beta,0.0,0.0,23
0,JOY,F1,Gamma,0.004096387014393403,0.00029247596782357394,23
0,JOY,AF4,Delta,0.019937100668613678,0.0120224537132137,23
0,JOY,AF4,Theta,0.01087353900102631,0.00276860711341314,23
0,JOY,AF4,Alpha,0.0,0.0,23
0,JOY,AF4,Beta,0.025749129545867323,0.011909502297481526,23
0,JOY,AF4,Gamma,0.026880144042575632,0.014957802740725515,23
0,JOY,AF8,Delta,0.025102780050299076,0.009579532072623836,23
0,JOY,AF8,Theta,0.012102091226401476,0.009887416667854068,23
0,JOY,AF8,Alpha,0.009001737018318861,0.0038131256162689496,23
0,JOY,AF8,Beta,0.07317208845777239,0.052917391534172846,23
0,JOY,AF8,Gamma,0.03740516574162693,0.033407528849951,23
0,JOY,F5,Delta,0.0,0.0,23
0,JOY,F5,Theta,0.0,0.0,23
0,JOY,F5,Alpha,0.0,0.0,23
0,JOY,F5,Beta,0.023886146839012443,0.021427564317037223,23
0,JOY,F5,Gamma,0.021109476730191267,0.017417571292575124,23
0,JOY,AF7,Delta,0.03495888238381732,0.030095864966167615,23
0,JOY,AF7,Theta,0.043300381555187686,0.04104276668714356,23
0,JOY,AF7,Alpha,0.033337255105415846,0.030934136073583366,23
0,JOY,AF7,Beta,0.11988384419956166,0.11567858417189565,23
0,JOY,AF7,Gamma,0.10657848170456599,0.09901448856044869,23
0,JOY,AF3,Delta,7.332310307155006e-05,6.621472529398103e-05,23
0,JOY,AF3,Theta,0.0,0.0,23
0,JOY,AF3,Alpha,0.0,0.0,23
0,JOY,AF3,Beta,0.003742573885138715,0.0032917008533790066,23
0,JOY,AF3,Gamma,0.017643700751282323,0.015441966089254959,23
0,JOY,Fpz,Delta,0.01507035834162735,0.011767984225599585,23
0,JOY,Fpz,Theta,0.013492228282634921,0.010837663604574738,23
0,JOY,Fpz,Alpha,0.010482670876104662,0.00725796873973566,23
0,JOY,Fpz,Beta,0.05047912809189241,0.044719174198186044,23
0,JOY,Fpz,Gamma,0.044736846021700194,0.031074392948853,23
1,NEUTRO,O2,Delta,0.003206060976129926,0.0026568371546679954,23
1,NEUTRO,O2,Theta,0.02767294069132927,0.023468418712768183,23
1,NEUTRO,O2,Alpha,0.0071561217654951045,0.006589735214974019,23
1,NEUTRO,O2,Beta,0.015034005489432312,0.009699359398505275,23
1,NEUTRO,O2,Gamma,0.009922746791936728,0.00834651388479886,23
1,NEUTRO,O1,Delta,0.0004158496406987043,3.0298645378171345e-05,23
1,NEUTRO,O1,Theta,0.008323777604762798,0.003728899047794844,23
1,NEUTRO,O1,Alpha,0.004375711755057715,0.003168060571196174,23
1,NEUTRO,O1,Beta,0.027992572313509354,0.016877904126214666,23
1,NEUTRO,O1,Gamma,0.012164542090950647,0.006117445991025494,23
1,NEUTRO,Oz,Delta,0.0,0.0,23
1,NEUTRO,Oz,Theta,0.0001833776605295777,0.0001104621205521889,23
1,NEUTRO,Oz,Alpha,0.013165099167747185,0.008025095109182267,23
1,NEUTRO,Oz,Beta,0.03552445951536785,0.024756286440730423,23
1,NEUTRO,Oz,Gamma,0.02716612215367266,0.01990117373983425,23
1,NEUTRO,Pz,Delta,0.01537859463351894,0.015021842064869851,23
1,NEUTRO,Pz,Theta,0.028499059170939495,0.028499059170939495,23
1,NEUTRO,Pz,Alpha,0.029025512155270532,0.025067067633498506,23
1,NEUTRO,Pz,Beta,0.055983446587846555,0.05545364028375962,23
1,NEUTRO,Pz,Gamma,0.041209052296133454,0.041209052296133454,23
1,NEUTRO,P4,Delta,0.0,0.0,23
1,NEUTRO,P4,Theta,0.0,0.0,23
1,NEUTRO,P4,Alpha,0.0,0.0,23
1,NEUTRO,P4,Beta,0.006480707102908142,0.005838259168334886,23
1,NEUTRO,P4,Gamma,0.0,0.0,23
1,NEUTRO,CP4,Delta,0.0,0.0,23
1,NEUTRO,CP4,Theta,0.0031223013071031546,0.002021652767957853,23
1,NEUTRO,CP4,Alpha,0.0,0.0,23
1,NEUTRO,CP4,Beta,0.0025956654328975854,0.0019985936491296688,23
1,NEUTRO,CP4,Gamma,0.0013201507884143709,0.0007219800748219901,23
1,NEUTRO,P8,Delta,0.011266098924431258,0.00942202084186259,23
1,NEUTRO,P8,Theta,0.0,0.0,23
1,NEUTRO,P8,Alpha,0.0,0.0,23
1,NEUTRO,P8,Beta,0.019482303116437217,0.014591297026419973,23
1,NEUTRO,P8,Gamma,0.008533389456308544,0.006717731980044852,23
1,NEUTRO,C4,Delta,0.021548041935295165,0.012330914479888018,23
1,NEUTRO,C4,Theta,0.008110080815427337,0.003870604730096772,23
1,NEUTRO,C4,Alpha,0.0,0.0,23
1,NEUTRO,C4,Beta,0.011880901047480845,0.00841563225194771,23
1,NEUTRO,C4,Gamma,0.024588986116262705,0.01909339937925624,23
1,NEUTRO,TP8,Delta,0.0,0.0,23
1,NEUTRO,TP8,Theta,0.005903487495341966,0.004320633424136071,23
1,NEUTRO,TP8,Alpha,0.0,0.0,23
1,NEUTRO,TP8,Beta,0.00591987119257545,0.004252403866056136,23
1,NEUTRO,TP8,Gamma,0.00916726533519533,0.007102219488616036,23
1,NEUTRO,T8,Delta,0.0026245415630400423,0.0007589910131375791,23
1,NEUTRO,T8,Theta,0.0032561846235112553,0.0031088936537345263,23
1,NEUTRO,T8,Alpha,0.004772501509660112,0.0018330082703949752,23
1,NEUTRO,T8,Beta,0.006102065732068408,0.005204888382121239,23
1,NEUTRO,T8,Gamma,0.008726126408423657,0.006104421587059351,23
1,NEUTRO,P7,Delta,0.006070475010536584,0.004062979410963872,23
1,NEUTRO,P7,Theta,0.002134208519657295,0.001706621324705912,23
1,NEUTRO,P7,Alpha,0.0042720452139159955,0.0033063747740972485,23
1,NEUTRO,P7,Beta,0.002064184051007524,0.0019063350634281647,23
1,NEUTRO,P7,Gamma,0.008551518876224056,0.007852179118018986,23
1,NEUTRO,P3,Delta,0.0015585751121012276,0.001183112645474977,23
1,NEUTRO,P3,Theta,0.0008223778837452469,-0.0002901566416728974,23
1,NEUTRO,P3,Alpha,0.006192535879705619,0.00244515309546106,23
1,NEUTRO,P3,Beta,0.015008500660616653,0.002069842527939933,23
1,NEUTRO,P3,Gamma,0.004848743116890655,0.004102769631886397,23
1,NEUTRO,CP3,Delta,0.0036270927816422368,0.0028788049983235783,23
1,NEUTRO,CP3,Theta,0.0041260378294478125,0.000654551688463613,23
1,NEUTRO,CP3,Alpha,0.004085115332048292,0.0015893960181127596,23
1,NEUTRO,CP3,Beta,0.0065494687953498686,0.005527343125160166,23
1,NEUTRO,CP3,Gamma,0.008738784474964217,0.00690385083467781,23
1,NEUTRO,CPz,Delta,0.0,0.0,23
1,NEUTRO,CPz,Theta,0.00016719337022288492,0.00010947208707136577,23
1,NEUTRO,CPz,Alpha,0.0,0.0,23
1,NEUTRO,CPz,Beta,0.009069740588237687,0.007040868890645184,23
1,NEUTRO,CPz,Gamma,0.012904460651694472,0.008644012057223505,23
1,NEUTRO,Cz,Delta,0.00612910454981091,0.005171495359763813,23
1,NEUTRO,Cz,Theta,0.004203781848679913,0.0029421059644952636,23
1,NEUTRO,Cz,Alpha,0.004257395671325081,0.0019370812553045345,23
1,NEUTRO,Cz,Beta,0.009022800006269125,0.007371699052310415,23
1,NEUTRO,Cz,Gamma,0.0303889670104458,0.027471122810143026,23
1,NEUTRO,FC4,Delta,0.014876768611569785,0.00957946902523916,23
1,NEUTRO,FC4,Theta,0.04796541144769637,0.03370519196793204,23
1,NEUTRO,FC4,Alpha,0.046077956537286704,0.04090099470479908,23
1,NEUTRO,FC4,Beta,0.13534979777873765,0.11669353590361901,23
1,NEUTRO,FC4,Gamma,0.09005145389750051,0.08712098157527697,23
1,NEUTRO,FT8,Delta,0.0032072376420803042,0.001256815150298474,23
1,NEUTRO,FT8,Theta,0.004582357514319064,0.0012970760271113265,23
1,NEUTRO,FT8,Alpha,0.01585809633809958,0.009602864349607164,23
1,NEUTRO,FT8,Beta,0.020232983099885263,0.013780797656738045,23
1,NEUTRO,FT8,Gamma,0.03489361631605652,0.03148331045986667,23
1,NEUTRO,TP7,Delta,0.0,0.0,23
1,NEUTRO,TP7,Theta,0.0007311795013871328,0.0002756319421710889,23
1,NEUTRO,TP7,Alpha,0.005233991654662216,0.004130060595064946,23
1,NEUTRO,TP7,Beta,0.019723757927957615,0.01731168957183657,23
1,NEUTRO,TP7,Gamma,0.017845961902870505,0.015315587462892417,23
1,NEUTRO,C3,Delta,0.0,0.0,23
1,NEUTRO,C3,Theta,0.0021660803495239093,-0.00033895658708219456,23
1,NEUTRO,C3,Alpha,0.0004803133593261899,0.00011802643898977744,23
1,NEUTRO,C3,Beta,0.0037425650786184193,0.0035032146953333475,23
1,NEUTRO,C3,Gamma,0.008665041098659503,0.006643607500437287,23
1,NEUTRO,FCz,Delta,0.007937673089505541,0.005686104459371664,23
1,NEUTRO,FCz,Theta,0.00751277341420584,0.005305134287781967,23
1,NEUTRO,FCz,Alpha,0.010908101147610127,0.008110988333160417,23
1,NEUTRO,FCz,Beta,0.01619234720346733,0.0112115633008946,23
1,NEUTRO,FCz,Gamma,0.018354260072039736,0.012591561373621885,23
1,NEUTRO,Fz,Delta,0.0020969061550679376,0.0010869467482075273,23
1,NEUTRO,Fz,Theta,0.0,0.0,23
1,NEUTRO,Fz,Alpha,0.007353965009161291,0.005161972673091991,23
1,NEUTRO,Fz,Beta,0.003908601212530494,-0.0002674209212127988,23
1,NEUTRO,Fz,Gamma,0.0029654562748103962,0.0011791628808571345,23
1,NEUTRO,F4,Delta,0.01669675199360513,0.007009558542766387,23
1,NEUTRO,F4,Theta,0.002481359116618862,0.001921457239821798,23
1,NEUTRO,F4,Alpha,0.004827709364655631,0.004483697979635887,23
1,NEUTRO,F4,Beta,0.014009567382743771,0.012208430874075207,23
1,NEUTRO,F4,Gamma,0.01837127951378518,0.015624587519098999,23
1,NEUTRO,F8,Delta,0.0,0.0,23
1,NEUTRO,F8,Theta,0.005543714903825449,0.0033218916786042574,23
1,NEUTRO,F8,Alpha,0.0,0.0,23
1,NEUTRO,F8,Beta,0.016493070136813014,0.004921596850814158,23
1,NEUTRO,F8,Gamma,0.010115705168466983,0.006546554496033854,23
1,NEUTRO,T7,Delta,0.017737381368039744,0.014695701514368362,23
1,NEUTRO,T7,Theta,0.009159838618971487,0.0063223477245168145,23
1,NEUTRO,T7,Alpha,0.0,0.0,23
1,NEUTRO,T7,Beta,0.030154193312724925,0.029088788221024356,23
1,NEUTRO,T7,Gamma,0.04928176975828336,0.042078564955812504,23
1,NEUTRO,FT7,Delta,0.0015924042630600529,0.0015924042630600529,23
1,NEUTRO,FT7,Theta,0.006140918059103072,0.005211210000108949,23
1,NEUTRO,FT7,Alpha,0.0045167889507567284,0.003996915558893859,23
1,NEUTRO,FT7,Beta,0.06928461319534301,0.05912700200408221,23
1,NEUTRO,FT7,Gamma,0.07775028720516734,0.06776799334521548,23
1,NEUTRO,FC3,Delta,0.02097920432307574,0.006504262817097657,23
1,NEUTRO,FC3,Theta,0.0,0.0,23
1,NEUTRO,FC3,Alpha,0.024074156621723828,0.016135940188297927,23
1,NEUTRO,FC3,Beta,0.0150808894782353,0.01332190420653529,23
1,NEUTRO,FC3,Gamma,0.027643195160925303,0.023825598426803665,23
1,NEUTRO,F3,Delta,0.0021540974689622733,0.0020283521224316588,23
1,NEUTRO,F3,Theta,0.0032312616837146613,0.0032312616837146613,23
1,NEUTRO,F3,Alpha,0.022082975372824748,0.01906938827225371,23
1,NEUTRO,F3,Beta,0.015559676955066054,0.013134674573389672,23
1,NEUTRO,F3,Gamma,0.02962409790854522,0.020198284942117315,23
1,NEUTRO,Fp2,Delta,0.013162186758738433,0.009293266320496422,23
1,NEUTRO,Fp2,Theta,0.013315053035598868,0.007506393360735661,23
1,NEUTRO,Fp2,Alpha,0.0059642243097632885,0.004351058997204044,23
1,NEUTRO,Fp2,Beta,0.04431826788359639,0.04233337972962412,23
1,NEUTRO,Fp2,Gamma,0.07240403623349093,0.05577676666329672,23
1,NEUTRO,F7,Delta,0.015084757735134558,0.00922272154057317,23
1,NEUTRO,F7,Theta,0.008581380606634392,0.0054288710523418,23
1,NEUTRO,F7,Alpha,0.003938469856123074,0.0030793214522339503,23
1,NEUTRO,F7,Beta,0.04015815947350201,0.03411754607970496,23
1,NEUTRO,F7,Gamma,0.017218736340131432,0.013771607671839096,23
1,NEUTRO,Fp1,Delta,0.015028909483922584,0.0131812219239125,23
1,NEUTRO,Fp1,Theta,0.0018291195817165063,0.0015188385758034037,23
1,NEUTRO,Fp1,Alpha,0.019153613441222246,0.013643042308782395,23
1,NEUTRO,Fp1,Beta,0.04536343852030155,0.039641205040071334,23
1,NEUTRO,Fp1,Gamma,0.047080347327028475,0.030600791979080746,23
1,NEUTRO,PO5,Delta,0.020393114295256275,0.01764734107528693,23
1,NEUTRO,PO5,Theta,0.020684384963903076,0.014485080762676869,23
1,NEUTRO,PO5,Alpha,0.006494746245576915,0.004641423423296661,23
1,NEUTRO,PO5,Beta,0.013536789502913772,0.008968676038057432,23
1,NEUTRO,PO5,Gamma,0.03883045146691648,0.030645062443688673,23
1,NEUTRO,PO3,Delta,0.0,0.0,23
1,NEUTRO,PO3,Theta,0.0,0.0,23
1,NEUTRO,PO3,Alpha,0.0037051273206342543,0.0012588764409082439,23
1,NEUTRO,PO3,Beta,0.0,0.0,23
1,NEUTRO,PO3,Gamma,0.017453749752119437,0.004296570231916655,23
1,NEUTRO,P1,Delta,0.01779118454880591,0.007985212817330499,23
1,NEUTRO,P1,Theta,0.004844575721306511,0.0033032586149130488,23
1,NEUTRO,P1,Alpha,0.00929256218452913,-0.0011534365797119725,23
1,NEUTRO,P1,Beta,0.03132812331177514,0.01718746707566214,23
1,NEUTRO,P1,Gamma,0.02106024384804846,0.01736282108791857,23
1,NEUTRO,POz,Delta,0.004273719769461895,0.0037350274415103193,23
1,NEUTRO,POz,Theta,0.004036351408261339,0.0038860768589292936,23
1,NEUTRO,POz,Alpha,0.0021944081330611616,0.0011064726734100435,23
1,NEUTRO,POz,Beta,0.00701403742965843,0.004515046151624567,23
1,NEUTRO,POz,Gamma,0.015464617138201785,0.006941812685513003,23
1,NEUTRO,P2,Delta,0.005414856069870333,0.004256325740407151,23
1,NEUTRO,P2,Theta,0.01649927308878436,0.009619641172080274,23
1,NEUTRO,P2,Alpha,0.0011965956127023088,8.373711991770055e-05,23
1,NEUTRO,P2,Beta,0.0025875839091019986,0.0018235712650581804,23
1,NEUTRO,P2,Gamma,0.001061908131091964,-0.0002504265517059722,23
1,NEUTRO,PO4,Delta,0.0019610852236555242,0.00048590385584839637,23
1,NEUTRO,PO4,Theta,0.008716302791386635,0.008357793486547197,23
1,NEUTRO,PO4,Alpha,0.0033873770766743153,0.0024854778437549204,23
1,NEUTRO,PO4,Beta,0.01867466589595263,0.013920568077809125,23
1,NEUTRO,PO4,Gamma,0.014587674897015193,0.0111058539227716,23
1,NEUTRO,CP2,Delta,0.004603967744635476,0.004080713304492513,23
1,NEUTRO,CP2,Theta,0.012094114458781237,0.008639511130404448,23
1,NEUTRO,CP2,Alpha,0.015001447484595507,0.007373884427247744,23
1,NEUTRO,CP2,Beta,0.025221543025773258,0.02367050617501714,23
1,NEUTRO,CP2,Gamma,0.023229715791108232,0.006833638873712733,23
1,NEUTRO,P6,Delta,0.0028817422211741745,0.002289585977401778,23
1,NEUTRO,P6,Theta,0.005629600477183235,0.0035622721777362697,23
1,NEUTRO,P6,Alpha,0.0005508954360803637,0.0004764220002132804,23
1,NEUTRO,P6,Beta,8.446777230096559e-05,5.262306902601436e-05,23
1,NEUTRO,P6,Gamma,0.0028793936846365086,0.002678836860221176,23
1,NEUTRO,PO6,Delta,0.004567720534127176,0.001732024394778333,23
1,NEUTRO,PO6,Theta,0.003454068104386489,0.0017274715857066355,23
1,NEUTRO,PO6,Alpha,0.0,0.0,23
1,NEUTRO,PO6,Beta,0.009051325118750142,0.005622961360755942,23
1,NEUTRO,PO6,Gamma,0.02249952156671427,0.012539840070787726,23
1,NEUTRO,CP6,Delta,0.0,0.0,23
1,NEUTRO,CP6,Theta,0.004907893133783234,0.0033691227592979457,23
1,NEUTRO,CP6,Alpha,4.1023466215052095e-05,9.437917071682435e-06,23
1,NEUTRO,CP6,Beta,0.0020061305911959824,0.0015114849068846457,23
1,NEUTRO,CP6,Gamma,0.0014121766288445125,0.001161896432207187,23
1,NEUTRO,C6,Delta,0.013207600492386822,0.007584844752299353,23
1,NEUTRO,C6,Theta,0.008268632218433065,0.0008003256612538629,23
1,NEUTRO,C6,Alpha,0.0043663038081077,0.004338292546874039,23
1,NEUTRO,C6,Beta,0.01451346166413392,0.005082308224634474,23
1,NEUTRO,C6,Gamma,0.05129286088366558,0.020371167405593183,23
1,NEUTRO,PO8,Delta,0.00451860550031444,0.00078693177758263,23
1,NEUTRO,PO8,Theta,0.012034188757977482,0.008674335870615555,23
1,NEUTRO,PO8,Alpha,0.015830733786173935,0.012903014911977225,23
1,NEUTRO,PO8,Beta,0.009841889153995339,0.008315480168616272,23
1,NEUTRO,PO8,Gamma,0.021999552835683518,0.011544247726353188,23
1,NEUTRO,PO7,Delta,0.0018652709333021199,0.0006960968904378042,23
1,NEUTRO,PO7,Theta,0.0008585049733172171,0.0004089408087042791,23
1,NEUTRO,PO7,Alpha,0.007865683654430272,0.0057561470831286885,23
1,NEUTRO,PO7,Beta,0.023524180067747848,0.015391418287834606,23
1,NEUTRO,PO7,Gamma,0.03162173336861585,0.018563033396103143,23
1,NEUTRO,P5,Delta,0.010223202319395684,0.006259607749015252,23
1,NEUTRO,P5,Theta,0.00023004927920173643,0.00018493571576378887,23
1,NEUTRO,P5,Alpha,0.00658525955545636,0.006083271611559416,23
1,NEUTRO,P5,Beta,0.008142249884451964,0.007794036239507621,23
1,NEUTRO,P5,Gamma,0.0008910381444247183,0.00016602593586036304,23
1,NEUTRO,CP5,Delta,0.0005901283649656769,0.0003444733939049598,23
1,NEUTRO,CP5,Theta,0.016562093963158286,0.00875737615034607,23
1,NEUTRO,CP5,Alpha,0.0006651062078057788,0.000282308177863831,23
1,NEUTRO,CP5,Beta,0.023017978015745504,0.009744978075862698,23
1,NEUTRO,CP5,Gamma,0.01653269873311456,0.007234013714890074,23
1,NEUTRO,CP1,Delta,0.009509047319686097,0.003429072796466229,23
1,NEUTRO,CP1,Theta,0.0,0.0,23
1,NEUTRO,CP1,Alpha,0.0014876928947050838,0.0009752253915768355,23
1,NEUTRO,CP1,Beta,0.008417488987314412,0.006272599386575497,23
1,NEUTRO,CP1,Gamma,0.0014397636077389587,0.0008121999440483896,23
1,NEUTRO,C1,Delta,0.0,0.0,23
1,NEUTRO,C1,Theta,0.0029588742660334425,0.0010028075029144192,23
1,NEUTRO,C1,Alpha,0.005406032783902089,0.004148787875692117,23
1,NEUTRO,C1,Beta,0.008854173201038774,0.006558607773780939,23
1,NEUTRO,C1,Gamma,0.01461767677031967,0.012895064486452768,23
1,NEUTRO,C2,Delta,0.005351998915469751,0.004514986732421666,23
1,NEUTRO,C2,Theta,0.000975543954910307,0.0005021269083706565,23
1,NEUTRO,C2,Alpha,0.0015356079562654072,0.0009471775342503743,23
1,NEUTRO,C2,Beta,0.007994643041139478,0.004787527554419111,23
1,NEUTRO,C2,Gamma,0.005798087101186381,0.004086800411038421,23
1,NEUTRO,FC2,Delta,0.005333531454866327,0.0034650365808081393,23
1,NEUTRO,FC2,Theta,0.0,0.0,23
1,NEUTRO,FC2,Alpha,0.0,0.0,23
1,NEUTRO,FC2,Beta,0.004945952919756944,0.002875212690464768,23
1,NEUTRO,FC2,Gamma,0.008243902066018069,0.00729298364765991,23
1,NEUTRO,FC6,Delta,0.008593185616179957,0.0012683243940297673,23
1,NEUTRO,FC6,Theta,0.0008085676473718783,-0.00021944990625316196,23
1,NEUTRO,FC6,Alpha,0.0,0.0,23
1,NEUTRO,FC6,Beta,0.006415791062967915,0.004753138875652816,23
1,NEUTRO,FC6,Gamma,0.015802825308214828,0.01287535608933127,23
1,NEUTRO,C5,Delta,0.0007629850897415655,9.341428793245323e-05,23
1,NEUTRO,C5,Theta,0.014522223889200537,0.010533514112823873,23
1,NEUTRO,C5,Alpha,0.0024936567172269657,0.0015622362618739356,23
1,NEUTRO,C5,Beta,0.03700901142637429,0.028594877369483095,23
1,NEUTRO,C5,Gamma,0.0216786880178996,0.013548057620921546,23
1,NEUTRO,FC1,Delta,0.00206173287288275,0.0008192765902388042,23
1,NEUTRO,FC1,Theta,0.002016603982939256,0.0010081260651345445,23
1,NEUTRO,FC1,Alpha,0.0010105518802118857,0.00043670621719720236,23
1,NEUTRO,FC1,Beta,0.006175143363893016,0.004716168351491004,23
1,NEUTRO,FC1,Gamma,0.02363979408103389,0.01759397278407443,23
1,NEUTRO,F2,Delta,0.0202297057773769,0.01522177487688852,23
1,NEUTRO,F2,Theta,0.018615849124096338,0.013354940063794193,23
1,NEUTRO,F2,Alpha,0.005435779330299545,0.005370716706089501,23
1,NEUTRO,F2,Beta,0.00962103282814481,0.008961039068806891,23
1,NEUTRO,F2,Gamma,0.029780473655467855,0.02740430129874032,23
1,NEUTRO,F6,Delta,0.019229904637673302,0.012362350396173019,23
1,NEUTRO,F6,Theta,0.003410744931463952,0.0016542465477056968,23
1,NEUTRO,F6,Alpha,0.005779767803718756,0.0036874256392056192,23
1,NEUTRO,F6,Beta,0.017773185977932583,0.014280962241297997,23
1,NEUTRO,F6,Gamma,0.03303067435344412,0.03156952283208197,23
1,NEUTRO,FC5,Delta,0.012280588790144377,0.0099058091765164,23
1,NEUTRO,FC5,Theta,0.015052881135518547,0.012817098995540597,23
1,NEUTRO,FC5,Alpha,0.016097376783431535,0.011829918146164867,23
1,NEUTRO,FC5,Beta,0.042750862180747785,0.038807927481325645,23
1,NEUTRO,FC5,Gamma,0.057276183476861975,0.05294384105914352,23
1,NEUTRO,F1,Delta,0.00313312694213988,0.0021939314090250587,23
1,NEUTRO,F1,Theta,0.0002989849399563381,9.573193464199437e-05,23
1,NEUTRO,F1,Alpha,0.0,0.0,23
1,NEUTRO,F1,Beta,0.0031872146510769175,0.00243644908309735,23
1,NEUTRO,F1,Gamma,0.0036389389786755442,0.002056522953365315,23
1,NEUTRO,AF4,Delta,0.017372745355484352,0.004714230268293342,23
1,NEUTRO,AF4,Theta,0.0016221117075332745,0.0012164282451812025,23
1,NEUTRO,AF4,Alpha,0.009621545536754407,0.007428466230439079,23
1,NEUTRO,AF4,Beta,0.03165309407462518,0.030765186885657884,23
1,NEUTRO,AF4,Gamma,0.03874979054663754,0.027678542427721883,23
1,NEUTRO,AF8,Delta,0.051131379611346395,0.03593066827466512,23
1,NEUTRO,AF8,Theta,0.051585942621468026,0.0430204119448076,23
1,NEUTRO,AF8,Alpha,0.01450146918688615,0.011787076753024274,23
1,NEUTRO,AF8,Beta,0.046236501720798066,0.04373868627696854,23
1,NEUTRO,AF8,Gamma,0.03425127453017335,0.030483326266139824,23
1,NEUTRO,F5,Delta,0.01895915663772461,0.01271353945695093,23
1,NEUTRO,F5,Theta,0.024407350826543255,0.018929738925066667,23
1,NEUTRO,F5,Alpha,0.008083967704980937,0.007294249767713831,23
1,NEUTRO,F5,Beta,0.06636951420528417,0.061687040833608965,23
1,NEUTRO,F5,Gamma,0.045264531423146216,0.041615520941751305,23
1,NEUTRO,AF7,Delta,0.012107147990174311,0.00963629820012689,23
1,NEUTRO,AF7,Theta,0.014701586770385825,0.00903381572157215,23
1,NEUTRO,AF7,Alpha,0.003346712794988655,0.0030003810124301566,23
1,NEUTRO,AF7,Beta,0.049442411636102,0.0430983623712752,23
1,NEUTRO,AF7,Gamma,0.03323920580545255,0.02427669473438713,23
1,NEUTRO,AF3,Delta,0.001431978377790479,0.0007292945075123431,23
1,NEUTRO,AF3,Theta,0.011043974393820665,0.006392856273479151,23
1,NEUTRO,AF3,Alpha,0.0030975881306958926,0.0021926035059935934,23
1,NEUTRO,AF3,Beta,0.025116311759702276,0.022891578960020576,23
1,NEUTRO,AF3,Gamma,0.04772198772593403,0.03746018198394261,23
1,NEUTRO,Fpz,Delta,0.03277043049339735,0.02377233303039335,23
1,NEUTRO,Fpz,Theta,0.008704490969363248,0.007623675575772985,23
1,NEUTRO,Fpz,Alpha,0.015213033652709486,0.013025656798443684,23
1,NEUTRO,Fpz,Beta,0.07424651120852999,0.06852047335627613,23
1,NEUTRO,Fpz,Gamma,0.053188514885973766,0.0455613670422173,23
2,SAD,O2,Delta,0.0,0.0,23
2,SAD,O2,Theta,0.01626925576730922,0.010991158304397383,23
2,SAD,O2,Alpha,0.0038030828243650412,0.002500955317954121,23
2,SAD,O2,Beta,0.042917442977115985,0.03663834940010617,23
2,SAD,O2,Gamma,0.023951523069667486,0.02056635177449885,23
2,SAD,O1,Delta,0.0077875937426297335,0.00546728242574084,23
2,SAD,O1,Theta,0.02304728594641702,0.018796943847502513,23
2,SAD,O1,Alpha,0.010340615970603604,0.0099522304808556,23
2,SAD,O1,Beta,0.04196127817602528,0.03614134745808408,23
2,SAD,O1,Gamma,0.05317998511570268,0.04885851150092524,23
2,SAD,Oz,Delta,0.000447773231467332,0.0003197209106408019,23
2,SAD,Oz,Theta,0.006726917033422317,0.004431997328318904,23
2,SAD,Oz,Alpha,0.004474676711374662,0.0032535577968980183,23
2,SAD,Oz,Beta,0.00624117086858706,0.0038800076223513063,23
2,SAD,Oz,Gamma,0.006746258661605183,0.006549125270319217,23
2,SAD,Pz,Delta,0.0,0.0,23
2,SAD,Pz,Theta,0.0,0.0,23
2,SAD,Pz,Alpha,0.0007891003295477277,0.0003215368321563187,23
2,SAD,Pz,Beta,0.001847091545241054,0.0016123560959996602,23
2,SAD,Pz,Gamma,0.002929584908350203,0.0017810584553385662,23
2,SAD,P4,Delta,0.002539101792657601,0.002312528950089905,23
2,SAD,P4,Theta,0.0004220514029242436,0.0002931061474014783,23
2,SAD,P4,Alpha,0.009966089301220086,0.008590575146696856,23
2,SAD,P4,Beta,0.005038811424817675,0.004896461705780466,23
2,SAD,P4,Gamma,0.0005439657649580432,0.0004745766126880773,23
2,SAD,CP4,Delta,0.0046493533022880585,0.0046281470320027,23
2,SAD,CP4,Theta,0.01589122801330396,0.014235772115628143,23
2,SAD,CP4,Alpha,0.007471363225687758,0.007346622429579552,23
2,SAD,CP4,Beta,0.012495333388181129,0.012477355791829398,23
2,SAD,CP4,Gamma,0.005383530275027182,0.004248896445133104,23
2,SAD,P8,Delta,0.0,0.0,23
2,SAD,P8,Theta,0.0,0.0,23
2,SAD,P8,Alpha,0.005845141231286825,0.0022004443608883745,23
2,SAD,P8,Beta,0.0032996244134846932,-0.00015992362773480627,23
2,SAD,P8,Gamma,0.0026187331131243847,0.0017216586926501656,23
2,SAD,C4,Delta,0.0008539866793985878,-0.00014949233051436952,23
2,SAD,C4,Theta,0.016257109575049035,0.012763008047127693,23
2,SAD,C4,Alpha,0.0,0.0,23
2,SAD,C4,Beta,0.011654271530135455,0.010561917920959075,23
2,SAD,C4,Gamma,0.0031929838539096105,0.001653077312082016,23
2,SAD,TP8,Delta,0.001452004397335627,0.0008874743358827907,23
2,SAD,TP8,Theta,0.00020996754705916495,0.00020607801360232196,23
2,SAD,TP8,Alpha,0.0,0.0,23
2,SAD,TP8,Beta,0.004843149926369096,0.0038537446520689298,23
2,SAD,TP8,Gamma,0.0052206782446873375,0.0027837662277855916,23
2,SAD,T8,Delta,0.0068660307764818644,0.00311324566188092,23
2,SAD,T8,Theta,0.008440445234528504,0.008189303113045342,23
2,SAD,T8,Alpha,0.0,0.0,23
2,SAD,T8,Beta,0.00983358801320992,0.00890385855967315,23
2,SAD,T8,Gamma,0.012222607506091707,0.008853969391431054,23
2,SAD,P7,Delta,0.004186362590868911,0.0017448377175910469,23
2,SAD,P7,Theta,0.0,0.0,23
2,SAD,P7,Alpha,0.0,0.0,23
2,SAD,P7,Beta,0.006158532892360575,0.0024942372196947358,23
2,SAD,P7,Gamma,0.01703047369596439,0.0150823574684526,23
2,SAD,P3,Delta,0.007098616334432286,0.005743377895254518,23
2,SAD,P3,Theta,0.0,0.0,23
2,SAD,P3,Alpha,0.0057269571188721885,0.0052247187444970635,23
2,SAD,P3,Beta,0.011463517356826502,0.009163939317938017,23
2,SAD,P3,Gamma,0.006287693640801568,0.003231024997260387,23
2,SAD,CP3,Delta,0.00828305417795895,0.006989744639366145,23
2,SAD,CP3,Theta,0.0178417889772639,0.015080331964508722,23
2,SAD,CP3,Alpha,0.009100804532445274,0.007711508066164144,23
2,SAD,CP3,Beta,0.023566913914438017,0.02147356978239173,23
2,SAD,CP3,Gamma,0.014324003203037844,0.013039590305989892,23
2,SAD,CPz,Delta,0.00887455481140542,0.005365504690569576,23
2,SAD,CPz,Theta,0.009328740549562859,0.005027412113971825,23
2,SAD,CPz,Alpha,0.010541561046131197,0.00541903877952218,23
2,SAD,CPz,Beta,0.007360175197555614,0.004351565667000004,23
2,SAD,CPz,Gamma,0.006364099414526416,0.004763967493075429,23
2,SAD,Cz,Delta,0.00802116957188832,0.005574514370299609,23
2,SAD,Cz,Theta,0.0020879493593230743,0.0019549888152040474,23
2,SAD,Cz,Alpha,0.003941048597933954,0.0018234526274116365,23
2,SAD,Cz,Beta,0.014889399340462522,0.01182493937919983,23
2,SAD,Cz,Gamma,0.01683057339983465,0.00656559426587367,23
2,SAD,FC4,Delta,0.025100558531720822,0.015113799300472299,23
2,SAD,FC4,Theta,0.006726504745464136,0.0031706738722323273,23
2,SAD,FC4,Alpha,0.001190713194832753,0.0010866940205606554,23
2,SAD,FC4,Beta,0.031518248822754516,0.026972441654613086,23
2,SAD,FC4,Gamma,0.05205069657917141,0.035844716506005646,23
2,SAD,FT8,Delta,0.011637935265188512,0.009720741701727516,23
2,SAD,FT8,Theta,0.03663301698695505,0.034674697168697685,23
2,SAD,FT8,Alpha,0.029406149070136108,0.028159986066811665,23
2,SAD,FT8,Beta,0.06868070784063694,0.06343471485127486,23
2,SAD,FT8,Gamma,0.032056686854615886,0.02736057651921585,23
2,SAD,TP7,Delta,0.003752900943246583,0.003447036993841428,23
2,SAD,TP7,Theta,0.00075573659600505,0.0005968166061098314,23
2,SAD,TP7,Alpha,0.004091584263298115,0.0023198383594854534,23
2,SAD,TP7,Beta,0.016187244588679175,0.004527769501574383,23
2,SAD,TP7,Gamma,0.0033603133255489465,0.001312914805119195,23
2,SAD,C3,Delta,0.004980513295669054,0.004345312880436386,23
2,SAD,C3,Theta,0.019609889359721144,0.0195532247279733,23
2,SAD,C3,Alpha,0.0005363145302116707,0.00045277054541383065,23
2,SAD,C3,Beta,0.0035582402236592975,0.003220125329917167,23
2,SAD,C3,Gamma,0.0,0.0,23
2,SAD,FCz,Delta,0.014336430878345255,0.013713807260874997,23
2,SAD,FCz,Theta,0.016366749385948634,0.014733141375055894,23
2,SAD,FCz,Alpha,0.015248038469138745,0.012590159921576496,23
2,SAD,FCz,Beta,0.021675902425048688,0.014147110414106545,23
2,SAD,FCz,Gamma,0.015334045482118986,0.013626570938441928,23
2,SAD,Fz,Delta,0.007750732441298911,0.005307785937151587,23
2,SAD,Fz,Theta,0.0,0.0,23
2,SAD,Fz,Alpha,0.006449414182687562,0.0025080997758603124,23
2,SAD,Fz,Beta,0.011126887969039856,0.008090304263332026,23
2,SAD,Fz,Gamma,0.0,0.0,23
2,SAD,F4,Delta,0.012053339528608731,0.003681920495657251,23
2,SAD,F4,Theta,0.0021330646761385736,0.001993500365353764,23
2,SAD,F4,Alpha,0.004161753966162035,0.003080818327048747,23
2,SAD,F4,Beta,0.014644356492171513,0.011925867000794177,23
2,SAD,F4,Gamma,0.007618146778908307,0.0033336876398815615,23
2,SAD,F8,Delta,0.015210602908985382,0.009472367000578064,23
2,SAD,F8,Theta,0.009806202720963367,0.008197484594181601,23
2,SAD,F8,Alpha,0.006629792573300417,0.005665440093512597,23
2,SAD,F8,Beta,0.02595902173612858,0.01695791867053642,23
2,SAD,F8,Gamma,0.022991022431768343,0.01174084797056646,23
2,SAD,T7,Delta,0.01896764778384226,0.01820649703733834,23
2,SAD,T7,Theta,0.016542505570749867,0.010095386524907981,23
2,SAD,T7,Alpha,0.010470599219964714,0.009101259616304968,23
2,SAD,T7,Beta,0.04477135317299239,0.03632172520436011,23
2,SAD,T7,Gamma,0.062132718382950765,0.04384104671206757,23
2,SAD,FT7,Delta,0.008416839370671902,0.0072291750608080236,23
2,SAD,FT7,Theta,0.010885886047625668,0.0072752500822338565,23
2,SAD,FT7,Alpha,0.017517708022307538,0.01312742708136137,23
2,SAD,FT7,Beta,0.011442742476717048,0.0100692774811873,23
2,SAD,FT7,Gamma,0.0032911215503268554,0.0018730415765995077,23
2,SAD,FC3,Delta,0.006453094592195242,0.00567040887324552,23
2,SAD,FC3,Theta,0.004187124520851008,0.0010544784480050104,23
2,SAD,FC3,Alpha,0.0,0.0,23
2,SAD,FC3,Beta,0.005539261128695799,0.0036998416647116826,23
2,SAD,FC3,Gamma,0.011866628206195502,0.008633623630738553,23
2,SAD,F3,Delta,0.0,0.0,23
2,SAD,F3,Theta,0.00188186460565039,0.0009473513010720849,23
2,SAD,F3,Alpha,0.006411134290770282,0.006181387784105744,23
2,SAD,F3,Beta,0.0,0.0,23
2,SAD,F3,Gamma,0.01678313456173262,0.010131111007141489,23
2,SAD,Fp2,Delta,0.023942895069660252,0.008245885776842675,23
2,SAD,Fp2,Theta,0.00885335290066428,0.004008567089827736,23
2,SAD,Fp2,Alpha,0.0023454312575299755,0.001961786180949907,23
2,SAD,Fp2,Beta,0.06358915050794232,0.05448496977294469,23
2,SAD,Fp2,Gamma,0.056003552158623834,0.05311989276919311,23
2,SAD,F7,Delta,0.025349451427360913,0.022591908041891203,23
2,SAD,F7,Theta,0.0226728028303231,0.018705665396235603,23
2,SAD,F7,Alpha,0.024364449224000294,0.015773902639373553,23
2,SAD,F7,Beta,0.014331852103423108,0.014064431103685951,23
2,SAD,F7,Gamma,0.014293798934632087,0.01337153382400948,23
2,SAD,Fp1,Delta,0.02281953786104707,0.016524237184575356,23
2,SAD,Fp1,Theta,0.038330098442018005,0.0365067363013361,23
2,SAD,Fp1,Alpha,0.04556726493675934,0.04506023242661383,23
2,SAD,Fp1,Beta,0.045281976712715964,0.039633579797212895,23
2,SAD,Fp1,Gamma,0.040080708784740966,0.027237469586089393,23
2,SAD,PO5,Delta,0.02044120395494172,0.015190563380544532,23
2,SAD,PO5,Theta,0.0169519373937383,0.016666574396824504,23
2,SAD,PO5,Alpha,0.023444030263705933,0.02255108416842361,23
2,SAD,PO5,Beta,0.0437236134371911,0.0321750856882607,23
2,SAD,PO5,Gamma,0.021656850343997076,0.01961036743475971,23
2,SAD,PO3,Delta,0.008289212602403017,0.004382872383808273,23
2,SAD,PO3,Theta,0.016579622430166002,0.01135699801633259,23
2,SAD,PO3,Alpha,0.004684605733951801,0.004070627225232795,23
2,SAD,PO3,Beta,0.0332722931882558,0.028253717622358634,23
2,SAD,PO3,Gamma,0.046666540548823666,0.03199765060037783,23
2,SAD,P1,Delta,0.006607716441103617,0.0027631739049464115,23
2,SAD,P1,Theta,0.0038358967172463015,0.0023431742264744698,23
2,SAD,P1,Alpha,0.00320677902071114,0.0025756303867076114,23
2,SAD,P1,Beta,0.023702429179287138,0.013220828516005773,23
2,SAD,P1,Gamma,0.014047652135275576,0.009259930645062515,23
2,SAD,POz,Delta,0.012162170465674624,0.00861978648730138,23
2,SAD,POz,Theta,0.0012938109600567347,0.0009044458714118125,23
2,SAD,POz,Alpha,0.002265264945153414,0.0011375650090020152,23
2,SAD,POz,Beta,0.014699254978644686,0.01003695043043294,23
2,SAD,POz,Gamma,0.037008155111642856,0.028636119703028557,23
2,SAD,P2,Delta,0.010750040866574053,0.00794738206362041,23
2,SAD,P2,Theta,0.0,0.0,23
2,SAD,P2,Alpha,0.006999030751958053,0.006698888676779612,23
2,SAD,P2,Beta,0.0,0.0,23
2,SAD,P2,Gamma,0.03212905844778882,0.015178222775760076,23
2,SAD,PO4,Delta,0.0,0.0,23
2,SAD,PO4,Theta,0.0,0.0,23
2,SAD,PO4,Alpha,0.0066137560952076,0.004766757822627667,23
2,SAD,PO4,Beta,0.006775122756246491,0.003672833980637989,23
2,SAD,PO4,Gamma,0.012930151843486629,0.01148681083695389,23
2,SAD,CP2,Delta,0.004901571439424881,0.0044494428980664524,23
2,SAD,CP2,Theta,0.01855077732454067,0.017710249905594118,23
2,SAD,CP2,Alpha,0.01481019737763459,0.005294240560654806,23
2,SAD,CP2,Beta,0.03027545830475974,0.02482821745702779,23
2,SAD,CP2,Gamma,0.03173832190041008,0.029218028082227742,23
2,SAD,P6,Delta,0.0,0.0,23
2,SAD,P6,Theta,0.006415714030659205,0.005527205719326226,23
2,SAD,P6,Alpha,0.0037461514279247122,0.0029400574404942863,23
2,SAD,P6,Beta,0.0,0.0,23
2,SAD,P6,Gamma,0.016178576909666863,0.015582525346317289,23
2,SAD,PO6,Delta,0.0,0.0,23
2,SAD,PO6,Theta,0.0009013185912656298,0.0006611113058880835,23
2,SAD,PO6,Alpha,0.0,0.0,23
2,SAD,PO6,Beta,0.00587836150300517,0.005032580065214425,23
2,SAD,PO6,Gamma,0.012207455181345495,0.011077136033044856,23
2,SAD,CP6,Delta,0.0,0.0,23
2,SAD,CP6,Theta,0.01208400663249829,-0.00441579390641771,23
2,SAD,CP6,Alpha,0.013050845184610112,-0.007898495069541182,23
2,SAD,CP6,Beta,0.028737860317226954,0.0043673803912028155,23
2,SAD,CP6,Gamma,0.010163617467278016,-0.001887737631693044,23
2,SAD,C6,Delta,0.007276907926765565,0.005839312116723489,23
2,SAD,C6,Theta,0.01162335958878582,0.009572254178418447,23
2,SAD,C6,Alpha,0.007829050311076608,0.0064045738297457315,23
2,SAD,C6,Beta,0.05803590367459211,0.05417687987055731,23
2,SAD,C6,Gamma,0.06605654778584555,0.05403732397832895,23
2,SAD,PO8,Delta,0.0032188317017095383,0.002108661413430917,23
2,SAD,PO8,Theta,0.0038668145643226265,0.002518715097203322,23
2,SAD,PO8,Alpha,0.0026270620605805396,0.002036321516959002,23
2,SAD,PO8,Beta,0.00043888263887563347,0.0004388408996651236,23
2,SAD,PO8,Gamma,0.01773415137020471,0.012817637137765268,23
2,SAD,PO7,Delta,0.011312510584200124,0.008786405125829238,23
2,SAD,PO7,Theta,0.014247635348589627,0.013328427637227415,23
2,SAD,PO7,Alpha,0.007839421559586841,0.006860846525426182,23
2,SAD,PO7,Beta,0.05476685811932486,0.045485320679468956,23
2,SAD,PO7,Gamma,0.04599303340620338,0.03728792753750077,23
2,SAD,P5,Delta,0.012935305922372098,0.010298474716412686,23
2,SAD,P5,Theta,0.007160834186847009,0.006835289408034156,23
2,SAD,P5,Alpha,0.001377000577913024,0.001283633293675328,23
2,SAD,P5,Beta,0.003974048522477134,0.0029540536916439126,23
2,SAD,P5,Gamma,0.0,0.0,23
2,SAD,CP5,Delta,0.0036992921054370713,0.0030426767761744674,23
2,SAD,CP5,Theta,0.0,0.0,23
2,SAD,CP5,Alpha,0.0,0.0,23
2,SAD,CP5,Beta,0.0024864403585973817,0.0012568817112021658,23
2,SAD,CP5,Gamma,0.010765268471786927,0.009675941661685575,23
2,SAD,CP1,Delta,0.009279825466234865,0.006289128712508021,23
2,SAD,CP1,Theta,0.017191064925649948,0.0032088810285681017,23
2,SAD,CP1,Alpha,0.0,0.0,23
2,SAD,CP1,Beta,0.0031023519009176093,0.0027034287369270245,23
2,SAD,CP1,Gamma,0.0012674366003070732,0.0009279000362111295,23
2,SAD,C1,Delta,0.006599813655200141,0.005172400959843236,23
2,SAD,C1,Theta,0.0035923798226696678,0.003248534234231613,23
2,SAD,C1,Alpha,0.003001550808012147,0.00041400645380562895,23
2,SAD,C1,Beta,0.0004882867179894827,0.0004508947500050279,23
2,SAD,C1,Gamma,0.03724787881542541,0.03243808135464287,23
2,SAD,C2,Delta,0.0067654880939596665,0.005255953126924019,23
2,SAD,C2,Theta,0.0,0.0,23
2,SAD,C2,Alpha,0.0,0.0,23
2,SAD,C2,Beta,0.0026692038570074565,0.0026692038570074565,23
2,SAD,C2,Gamma,0.0018698987995311052,0.0016959514182918092,23
2,SAD,FC2,Delta,0.010444548094092284,0.0022361435493518404,23
2,SAD,FC2,Theta,0.0,0.0,23
2,SAD,FC2,Alpha,0.007939136378815203,0.0029380843675256316,23
2,SAD,FC2,Beta,0.0091307784812328,-0.00105639625777693,23
2,SAD,FC2,Gamma,0.003990090774438666,0.0028977551266096673,23
2,SAD,FC6,Delta,0.0032722238492599587,0.0032428188221617425,23
2,SAD,FC6,Theta,0.0028323621030079344,0.0027580361188638994,23
2,SAD,FC6,Alpha,0.007950653332333127,0.007688882177977245,23
2,SAD,FC6,Beta,0.0021949500464162513,0.0013731531704388677,23
2,SAD,FC6,Gamma,0.015039454731872287,0.012887685859234251,23
2,SAD,C5,Delta,0.0019519209014486236,0.0016755080995117346,23
2,SAD,C5,Theta,0.006502573441905336,0.0044538245710858786,23
2,SAD,C5,Alpha,0.009336932211637412,0.00876116668265614,23
2,SAD,C5,Beta,0.041839213313139244,0.03882889750577667,23
2,SAD,C5,Gamma,0.02784548698330671,0.02407079730382125,23
2,SAD,FC1,Delta,0.0,0.0,23
2,SAD,FC1,Theta,0.0002951208495696834,0.00024577517755890144,23
2,SAD,FC1,Alpha,0.0019780033357632647,0.0006007197100132478,23
2,SAD,FC1,Beta,0.0004927224948190628,0.0004815732472304179,23
2,SAD,FC1,Gamma,0.005621914616796113,-0.001171010006716819,23
2,SAD,F2,Delta,0.009186822506406686,0.0054298618526811195,23
2,SAD,F2,Theta,0.005324221625928919,0.004476402840126717,23
2,SAD,F2,Alpha,0.00881549461456293,0.0076161323244466885,23
2,SAD,F2,Beta,0.024501299775220964,0.02202653247943338,23
2,SAD,F2,Gamma,0.024964918625128656,0.018632945723239303,23
2,SAD,F6,Delta,0.007297399355665347,0.004423693199877477,23
2,SAD,F6,Theta,0.012565824302002456,0.009951915299698558,23
2,SAD,F6,Alpha,0.002145618234147192,0.002145618234147192,23
2,SAD,F6,Beta,0.05158301748628421,0.038050453541728715,23
2,SAD,F6,Gamma,0.02628997184611418,0.025661810513222433,23
2,SAD,FC5,Delta,0.014478383451780376,0.012986812276013305,23
2,SAD,FC5,Theta,0.022932794819206886,0.02166448286158933,23
2,SAD,FC5,Alpha,0.019925072992383913,0.01601777885798467,23
2,SAD,FC5,Beta,0.09120078806838765,0.08536897277034697,23
2,SAD,FC5,Gamma,0.1098759962287113,0.08961453354918512,23
2,SAD,F1,Delta,0.008277002189545982,0.004663248373935851,23
2,SAD,F1,Theta,0.00452566749976954,0.002760404793475765,23
2,SAD,F1,Alpha,0.003798249739582644,0.003417834975992235,23
2,SAD,F1,Beta,0.0,0.0,23
2,SAD,F1,Gamma,0.005941605201753722,-0.0002918554800074566,23
2,SAD,AF4,Delta,0.0222115578560992,0.02018227365947338,23
2,SAD,AF4,Theta,0.005848216784916848,0.0057883358409943075,23
2,SAD,AF4,Alpha,0.0011560338076486445,0.0009791780334307437,23
2,SAD,AF4,Beta,0.04405083310151041,0.015979675674321684,23
2,SAD,AF4,Gamma,0.047832948361315124,0.03303371343684538,23
2,SAD,AF8,Delta,0.03926771995389696,0.03841618179559014,23
2,SAD,AF8,Theta,0.017724122159041837,0.017509924156153062,23
2,SAD,AF8,Alpha,0.0034065423124293665,0.003074980247970043,23
2,SAD,AF8,Beta,0.06760443464888226,0.06491352292776567,23
2,SAD,AF8,Gamma,0.11384631403869289,0.1083476804125131,23
2,SAD,F5,Delta,0.00794563140232203,0.0032568197255535684,23
2,SAD,F5,Theta,0.005405367792007626,0.003224745125408021,23
2,SAD,F5,Alpha,0.018390116739879128,0.014039450021956027,23
2,SAD,F5,Beta,0.032170375578141085,0.02782298036914514,23
2,SAD,F5,Gamma,0.011817813726048098,0.009280927957544392,23
2,SAD,AF7,Delta,0.018225397506054532,0.01505159205766845,23
2,SAD,AF7,Theta,0.0017589634715741884,0.0016971765835131956,23
2,SAD,AF7,Alpha,0.007264333371886409,0.005533369192319874,23
2,SAD,AF7,Beta,0.013565873196240624,0.01158643230816222,23
2,SAD,AF7,Gamma,0.017564468842512178,0.00984014328456072,23
2,SAD,AF3,Delta,0.0,0.0,23
2,SAD,AF3,Theta,0.010385105083545423,0.0052266762025479025,23
2,SAD,AF3,Alpha,0.004250697334062776,0.003192976958957434,23
2,SAD,AF3,Beta,0.03896799263834011,0.01978752961155873,23
2,SAD,AF3,Gamma,0.05461295503963482,0.038850948651540304,23
2,SAD,Fpz,Delta,0.036974866177134524,0.03059381450013168,23
2,SAD,Fpz,Theta,0.035343996558316396,0.031650675187544615,23
2,SAD,Fpz,Alpha,0.021815333902124173,0.02030209018904331,23
2,SAD,Fpz,Beta,0.03841674147997145,0.03347060545414922,23
2,SAD,Fpz,Gamma,0.0804707795706887,0.06457613854108488,23
