subject_id,condition,epoch_idx,label
211-000531,JOY,0,0
211-000531,JOY,1,0
211-000531,JOY,2,0
211-000531,JOY,3,0
211-000531,JOY,4,0
211-000531,JOY,5,0
211-000531,JOY,6,0
211-000531,JOY,7,0
211-000531,JOY,8,0
211-000531,JOY,9,0
211-000531,JOY,10,0
211-000531,JOY,11,0
211-000531,JOY,12,0
211-000531,JOY,13,0
211-000531,JOY,14,0
211-000531,JOY,15,0
211-000531,JOY,16,0
211-000531,JOY,17,0
211-000531,JOY,18,0
211-000531,JOY,19,0
211-000531,JOY,20,0
211-000531,JOY,21,0
211-000531,JOY,22,0
211-000531,JOY,23,0
211-000531,JOY,24,0
211-000531,JOY,25,0
211-000531,JOY,26,0
211-000531,JOY,27,0
211-000531,JOY,28,0
211-000531,JOY,29,0
211-000531,JOY,30,0
211-000531,JOY,31,0
211-000531,JOY,32,0
211-000531,JOY,33,0
211-000531,JOY,34,0
211-000531,NEUTRO,0,1
211-000531,NEUTRO,1,1
211-000531,NEUTRO,2,1
211-000531,NEUTRO,3,1
211-000531,NEUTRO,4,1
211-000531,NEUTRO,5,1
211-000531,NEUTRO,6,1
211-000531,NEUTRO,7,1
211-000531,NEUTRO,8,1
211-000531,NEUTRO,9,1
211-000531,NEUTRO,10,1
211-000531,NEUTRO,11,1
211-000531,NEUTRO,12,1
211-000531,NEUTRO,13,1
211-000531,NEUTRO,14,1
211-000531,NEUTRO,15,1
211-000531,NEUTRO,16,1
211-000531,NEUTRO,17,1
211-000531,SAD,0,2
211-000531,SAD,1,2
211-000531,SAD,2,2
211-000531,SAD,3,2
211-000531,SAD,4,2
211-000531,SAD,5,2
211-000531,SAD,6,2
211-000531,SAD,7,2
211-000531,SAD,8,2
211-000532,JOY,0,0
211-000532,JOY,1,0
211-000532,JOY,2,0
211-000532,JOY,3,0
211-000532,JOY,4,0
211-000532,JOY,5,0
211-000532,JOY,6,0
211-000532,JOY,7,0
211-000532,JOY,8,0
211-000532,JOY,9,0
211-000532,JOY,10,0
211-000532,JOY,11,0
211-000532,JOY,12,0
211-000532,JOY,13,0
211-000532,JOY,14,0
211-000532,JOY,15,0
211-000532,JOY,16,0
211-000532,JOY,17,0
211-000532,JOY,18,0
211-000532,JOY,19,0
211-000532,JOY,20,0
211-000532,JOY,21,0
211-000532,JOY,22,0
211-000532,JOY,23,0
211-000532,JOY,24,0
211-000532,JOY,25,0
211-000532,JOY,26,0
211-000532,JOY,27,0
211-000532,JOY,28,0
211-000532,JOY,29,0
211-000532,JOY,30,0
211-000532,JOY,31,0
211-000532,JOY,32,0
211-000532,JOY,33,0
211-000532,JOY,34,0
211-000532,JOY,35,0
211-000532,JOY,36,0
211-000532,JOY,37,0
211-000532,JOY,38,0
211-000532,JOY,39,0
211-000532,JOY,40,0
211-000532,JOY,41,0
211-000532,JOY,42,0
211-000532,JOY,43,0
211-000532,JOY,44,0
211-000532,JOY,45,0
211-000532,JOY,46,0
211-000532,JOY,47,0
211-000532,JOY,48,0
211-000532,NEUTRO,0,1
211-000532,NEUTRO,1,1
211-000532,NEUTRO,2,1
211-000532,NEUTRO,3,1
211-000532,NEUTRO,4,1
211-000532,NEUTRO,5,1
211-000532,NEUTRO,6,1
211-000532,NEUTRO,7,1
211-000532,NEUTRO,8,1
211-000532,NEUTRO,9,1
211-000532,NEUTRO,10,1
211-000532,NEUTRO,11,1
211-000532,NEUTRO,12,1
211-000532,NEUTRO,13,1
211-000532,NEUTRO,14,1
211-000532,NEUTRO,15,1
211-000532,NEUTRO,16,1
211-000532,NEUTRO,17,1
211-000532,NEUTRO,18,1
211-000532,NEUTRO,19,1
211-000532,NEUTRO,20,1
211-000532,NEUTRO,21,1
211-000532,NEUTRO,22,1
211-000532,NEUTRO,23,1
211-000532,NEUTRO,24,1
211-000532,NEUTRO,25,1
211-000532,NEUTRO,26,1
211-000532,NEUTRO,27,1
211-000532,NEUTRO,28,1
211-000532,NEUTRO,29,1
211-000532,NEUTRO,30,1
211-000532,NEUTRO,31,1
211-000532,NEUTRO,32,1
211-000532,NEUTRO,33,1
211-000532,NEUTRO,34,1
211-000532,NEUTRO,35,1
211-000532,NEUTRO,36,1
211-000532,NEUTRO,37,1
211-000532,NEUTRO,38,1
211-000532,NEUTRO,39,1
211-000532,NEUTRO,40,1
211-000532,NEUTRO,41,1
211-000532,NEUTRO,42,1
211-000532,NEUTRO,43,1
211-000532,NEUTRO,44,1
211-000532,NEUTRO,45,1
211-000532,NEUTRO,46,1
211-000532,SAD,0,2
211-000532,SAD,1,2
211-000532,SAD,2,2
211-000532,SAD,3,2
211-000532,SAD,4,2
211-000532,SAD,5,2
211-000532,SAD,6,2
211-000532,SAD,7,2
211-000532,SAD,8,2
211-000532,SAD,9,2
211-000532,SAD,10,2
211-000532,SAD,11,2
211-000532,SAD,12,2
211-000532,SAD,13,2
211-000532,SAD,14,2
211-000532,SAD,15,2
211-000532,SAD,16,2
211-000532,SAD,17,2
211-000532,SAD,18,2
211-000532,SAD,19,2
211-000532,SAD,20,2
211-000532,SAD,21,2
211-000532,SAD,22,2
211-000532,SAD,23,2
211-000532,SAD,24,2
211-000532,SAD,25,2
211-000532,SAD,26,2
211-000532,SAD,27,2
211-000532,SAD,28,2
211-000532,SAD,29,2
211-000532,SAD,30,2
211-000532,SAD,31,2
211-000532,SAD,32,2
211-000532,SAD,33,2
211-000532,SAD,34,2
211-000532,SAD,35,2
211-000532,SAD,36,2
211-000532,SAD,37,2
211-000532,SAD,38,2
211-000532,SAD,39,2
211-000532,SAD,40,2
211-000532,SAD,41,2
211-000532,SAD,42,2
211-000532,SAD,43,2
211-000532,SAD,44,2
211-000532,SAD,45,2
211-000532,SAD,46,2
211-000532,SAD,47,2
211-000533,JOY,0,0
211-000533,JOY,1,0
211-000533,JOY,2,0
211-000533,JOY,3,0
211-000533,JOY,4,0
211-000533,JOY,5,0
211-000533,JOY,6,0
211-000533,JOY,7,0
211-000533,JOY,8,0
211-000533,JOY,9,0
211-000533,JOY,10,0
211-000533,JOY,11,0
211-000533,JOY,12,0
211-000533,JOY,13,0
211-000533,JOY,14,0
211-000533,JOY,15,0
211-000533,JOY,16,0
211-000533,JOY,17,0
211-000533,JOY,18,0
211-000533,JOY,19,0
211-000533,JOY,20,0
211-000533,JOY,21,0
211-000533,JOY,22,0
211-000533,JOY,23,0
211-000533,JOY,24,0
211-000533,JOY,25,0
211-000533,JOY,26,0
211-000533,JOY,27,0
211-000533,JOY,28,0
211-000533,JOY,29,0
211-000533,JOY,30,0
211-000533,JOY,31,0
211-000533,JOY,32,0
211-000533,JOY,33,0
211-000533,JOY,34,0
211-000533,JOY,35,0
211-000533,JOY,36,0
211-000533,JOY,37,0
211-000533,JOY,38,0
211-000533,JOY,39,0
211-000533,JOY,40,0
211-000533,JOY,41,0
211-000533,JOY,42,0
211-000533,JOY,43,0
211-000533,JOY,44,0
211-000533,NEUTRO,0,1
211-000533,NEUTRO,1,1
211-000533,NEUTRO,2,1
211-000533,NEUTRO,3,1
211-000533,NEUTRO,4,1
211-000533,NEUTRO,5,1
211-000533,NEUTRO,6,1
211-000533,NEUTRO,7,1
211-000533,NEUTRO,8,1
211-000533,NEUTRO,9,1
211-000533,NEUTRO,10,1
211-000533,NEUTRO,11,1
211-000533,NEUTRO,12,1
211-000533,NEUTRO,13,1
211-000533,NEUTRO,14,1
211-000533,NEUTRO,15,1
211-000533,NEUTRO,16,1
211-000533,NEUTRO,17,1
211-000533,NEUTRO,18,1
211-000533,NEUTRO,19,1
211-000533,NEUTRO,20,1
211-000533,NEUTRO,21,1
211-000533,NEUTRO,22,1
211-000533,NEUTRO,23,1
211-000533,NEUTRO,24,1
211-000533,NEUTRO,25,1
211-000533,NEUTRO,26,1
211-000533,NEUTRO,27,1
211-000533,NEUTRO,28,1
211-000533,NEUTRO,29,1
211-000533,NEUTRO,30,1
211-000533,NEUTRO,31,1
211-000533,NEUTRO,32,1
211-000533,NEUTRO,33,1
211-000533,NEUTRO,34,1
211-000533,NEUTRO,35,1
211-000533,NEUTRO,36,1
211-000533,NEUTRO,37,1
211-000533,NEUTRO,38,1
211-000533,NEUTRO,39,1
211-000533,NEUTRO,40,1
211-000533,NEUTRO,41,1
211-000533,NEUTRO,42,1
211-000533,NEUTRO,43,1
211-000533,NEUTRO,44,1
211-000533,SAD,0,2
211-000533,SAD,1,2
211-000533,SAD,2,2
211-000533,SAD,3,2
211-000533,SAD,4,2
211-000533,SAD,5,2
211-000533,SAD,6,2
211-000533,SAD,7,2
211-000533,SAD,8,2
211-000533,SAD,9,2
211-000533,SAD,10,2
211-000533,SAD,11,2
211-000533,SAD,12,2
211-000533,SAD,13,2
211-000533,SAD,14,2
211-000533,SAD,15,2
211-000533,SAD,16,2
211-000533,SAD,17,2
211-000533,SAD,18,2
211-000533,SAD,19,2
211-000533,SAD,20,2
211-000533,SAD,21,2
211-000533,SAD,22,2
211-000533,SAD,23,2
211-000533,SAD,24,2
211-000533,SAD,25,2
211-000533,SAD,26,2
211-000533,SAD,27,2
211-000533,SAD,28,2
211-000533,SAD,29,2
211-000533,SAD,30,2
211-000533,SAD,31,2
211-000533,SAD,32,2
211-000533,SAD,33,2
211-000533,SAD,34,2
211-000533,SAD,35,2
211-000533,SAD,36,2
211-000533,SAD,37,2
211-000533,SAD,38,2
211-000533,SAD,39,2
211-000533,SAD,40,2
211-000533,SAD,41,2
211-000533,SAD,42,2
211-000533,SAD,43,2
211-000533,SAD,44,2
211-000533,SAD,45,2
211-000533,SAD,46,2
211-000533,SAD,47,2
211-000535,JOY,0,0
211-000535,JOY,1,0
211-000535,JOY,2,0
211-000535,JOY,3,0
211-000535,JOY,4,0
211-000535,JOY,5,0
211-000535,JOY,6,0
211-000535,JOY,7,0
211-000535,JOY,8,0
211-000535,JOY,9,0
211-000535,JOY,10,0
211-000535,JOY,11,0
211-000535,JOY,12,0
211-000535,JOY,13,0
211-000535,JOY,14,0
211-000535,JOY,15,0
211-000535,JOY,16,0
211-000535,JOY,17,0
211-000535,JOY,18,0
211-000535,JOY,19,0
211-000535,JOY,20,0
211-000535,JOY,21,0
211-000535,JOY,22,0
211-000535,JOY,23,0
211-000535,JOY,24,0
211-000535,JOY,25,0
211-000535,JOY,26,0
211-000535,JOY,27,0
211-000535,JOY,28,0
211-000535,JOY,29,0
211-000535,JOY,30,0
211-000535,JOY,31,0
211-000535,JOY,32,0
211-000535,JOY,33,0
211-000535,JOY,34,0
211-000535,JOY,35,0
211-000535,JOY,36,0
211-000535,JOY,37,0
211-000535,JOY,38,0
211-000535,JOY,39,0
211-000535,JOY,40,0
211-000535,JOY,41,0
211-000535,JOY,42,0
211-000535,JOY,43,0
211-000535,JOY,44,0
211-000535,NEUTRO,0,1
211-000535,NEUTRO,1,1
211-000535,NEUTRO,2,1
211-000535,NEUTRO,3,1
211-000535,NEUTRO,4,1
211-000535,NEUTRO,5,1
211-000535,NEUTRO,6,1
211-000535,NEUTRO,7,1
211-000535,NEUTRO,8,1
211-000535,NEUTRO,9,1
211-000535,NEUTRO,10,1
211-000535,NEUTRO,11,1
211-000535,NEUTRO,12,1
211-000535,NEUTRO,13,1
211-000535,NEUTRO,14,1
211-000535,NEUTRO,15,1
211-000535,NEUTRO,16,1
211-000535,NEUTRO,17,1
211-000535,NEUTRO,18,1
211-000535,NEUTRO,19,1
211-000535,NEUTRO,20,1
211-000535,NEUTRO,21,1
211-000535,NEUTRO,22,1
211-000535,NEUTRO,23,1
211-000535,NEUTRO,24,1
211-000535,NEUTRO,25,1
211-000535,NEUTRO,26,1
211-000535,NEUTRO,27,1
211-000535,SAD,0,2
211-000535,SAD,1,2
211-000535,SAD,2,2
211-000535,SAD,3,2
211-000535,SAD,4,2
211-000535,SAD,5,2
211-000535,SAD,6,2
211-000535,SAD,7,2
211-000535,SAD,8,2
211-000535,SAD,9,2
211-000535,SAD,10,2
211-000535,SAD,11,2
211-000535,SAD,12,2
211-000535,SAD,13,2
211-000535,SAD,14,2
211-000535,SAD,15,2
211-000535,SAD,16,2
211-000535,SAD,17,2
211-000535,SAD,18,2
211-000535,SAD,19,2
211-000535,SAD,20,2
211-000535,SAD,21,2
211-000535,SAD,22,2
211-000535,SAD,23,2
211-000535,SAD,24,2
211-000535,SAD,25,2
211-000535,SAD,26,2
211-000535,SAD,27,2
211-000536,JOY,0,0
211-000536,JOY,1,0
211-000536,JOY,2,0
211-000536,JOY,3,0
211-000536,JOY,4,0
211-000536,JOY,5,0
211-000536,JOY,6,0
211-000536,JOY,7,0
211-000536,JOY,8,0
211-000536,JOY,9,0
211-000536,JOY,10,0
211-000536,JOY,11,0
211-000536,JOY,12,0
211-000536,JOY,13,0
211-000536,JOY,14,0
211-000536,JOY,15,0
211-000536,JOY,16,0
211-000536,JOY,17,0
211-000536,JOY,18,0
211-000536,JOY,19,0
211-000536,JOY,20,0
211-000536,JOY,21,0
211-000536,JOY,22,0
211-000536,JOY,23,0
211-000536,JOY,24,0
211-000536,JOY,25,0
211-000536,JOY,26,0
211-000536,JOY,27,0
211-000536,JOY,28,0
211-000536,JOY,29,0
211-000536,JOY,30,0
211-000536,JOY,31,0
211-000536,JOY,32,0
211-000536,JOY,33,0
211-000536,JOY,34,0
211-000536,JOY,35,0
211-000536,JOY,36,0
211-000536,JOY,37,0
211-000536,JOY,38,0
211-000536,JOY,39,0
211-000536,JOY,40,0
211-000536,JOY,41,0
211-000536,JOY,42,0
211-000536,JOY,43,0
211-000536,JOY,44,0
211-000536,JOY,45,0
211-000536,JOY,46,0
211-000536,NEUTRO,0,1
211-000536,NEUTRO,1,1
211-000536,NEUTRO,2,1
211-000536,NEUTRO,3,1
211-000536,NEUTRO,4,1
211-000536,NEUTRO,5,1
211-000536,NEUTRO,6,1
211-000536,NEUTRO,7,1
211-000536,NEUTRO,8,1
211-000536,NEUTRO,9,1
211-000536,NEUTRO,10,1
211-000536,NEUTRO,11,1
211-000536,NEUTRO,12,1
211-000536,NEUTRO,13,1
211-000536,NEUTRO,14,1
211-000536,NEUTRO,15,1
211-000536,NEUTRO,16,1
211-000536,NEUTRO,17,1
211-000536,NEUTRO,18,1
211-000536,NEUTRO,19,1
211-000536,NEUTRO,20,1
211-000536,NEUTRO,21,1
211-000536,NEUTRO,22,1
211-000536,NEUTRO,23,1
211-000536,NEUTRO,24,1
211-000536,NEUTRO,25,1
211-000536,NEUTRO,26,1
211-000536,NEUTRO,27,1
211-000536,NEUTRO,28,1
211-000536,NEUTRO,29,1
211-000536,NEUTRO,30,1
211-000536,NEUTRO,31,1
211-000536,NEUTRO,32,1
211-000536,NEUTRO,33,1
211-000536,NEUTRO,34,1
211-000536,NEUTRO,35,1
211-000536,NEUTRO,36,1
211-000536,NEUTRO,37,1
211-000536,NEUTRO,38,1
211-000536,NEUTRO,39,1
211-000536,NEUTRO,40,1
211-000536,NEUTRO,41,1
211-000536,NEUTRO,42,1
211-000536,NEUTRO,43,1
211-000536,NEUTRO,44,1
211-000536,NEUTRO,45,1
211-000536,SAD,0,2
211-000536,SAD,1,2
211-000536,SAD,2,2
211-000536,SAD,3,2
211-000536,SAD,4,2
211-000536,SAD,5,2
211-000536,SAD,6,2
211-000536,SAD,7,2
211-000536,SAD,8,2
211-000536,SAD,9,2
211-000536,SAD,10,2
211-000536,SAD,11,2
211-000536,SAD,12,2
211-000536,SAD,13,2
211-000536,SAD,14,2
211-000536,SAD,15,2
211-000536,SAD,16,2
211-000536,SAD,17,2
211-000536,SAD,18,2
211-000536,SAD,19,2
211-000536,SAD,20,2
211-000536,SAD,21,2
211-000536,SAD,22,2
211-000536,SAD,23,2
211-000536,SAD,24,2
211-000536,SAD,25,2
211-000536,SAD,26,2
211-000536,SAD,27,2
211-000536,SAD,28,2
211-000536,SAD,29,2
211-000536,SAD,30,2
211-000537,JOY,0,0
211-000537,JOY,1,0
211-000537,JOY,2,0
211-000537,JOY,3,0
211-000537,JOY,4,0
211-000537,JOY,5,0
211-000537,JOY,6,0
211-000537,JOY,7,0
211-000537,JOY,8,0
211-000537,JOY,9,0
211-000537,JOY,10,0
211-000537,JOY,11,0
211-000537,JOY,12,0
211-000537,JOY,13,0
211-000537,JOY,14,0
211-000537,JOY,15,0
211-000537,JOY,16,0
211-000537,JOY,17,0
211-000537,JOY,18,0
211-000537,JOY,19,0
211-000537,JOY,20,0
211-000537,JOY,21,0
211-000537,JOY,22,0
211-000537,JOY,23,0
211-000537,JOY,24,0
211-000537,JOY,25,0
211-000537,JOY,26,0
211-000537,JOY,27,0
211-000537,JOY,28,0
211-000537,JOY,29,0
211-000537,JOY,30,0
211-000537,JOY,31,0
211-000537,JOY,32,0
211-000537,JOY,33,0
211-000537,JOY,34,0
211-000537,JOY,35,0
211-000537,JOY,36,0
211-000537,JOY,37,0
211-000537,JOY,38,0
211-000537,JOY,39,0
211-000537,JOY,40,0
211-000537,JOY,41,0
211-000537,NEUTRO,0,1
211-000537,NEUTRO,1,1
211-000537,NEUTRO,2,1
211-000537,NEUTRO,3,1
211-000537,NEUTRO,4,1
211-000537,NEUTRO,5,1
211-000537,NEUTRO,6,1
211-000537,NEUTRO,7,1
211-000537,NEUTRO,8,1
211-000537,NEUTRO,9,1
211-000537,NEUTRO,10,1
211-000537,NEUTRO,11,1
211-000537,NEUTRO,12,1
211-000537,NEUTRO,13,1
211-000537,NEUTRO,14,1
211-000537,NEUTRO,15,1
211-000537,NEUTRO,16,1
211-000537,NEUTRO,17,1
211-000537,NEUTRO,18,1
211-000537,NEUTRO,19,1
211-000537,NEUTRO,20,1
211-000537,NEUTRO,21,1
211-000537,NEUTRO,22,1
211-000537,NEUTRO,23,1
211-000537,NEUTRO,24,1
211-000537,NEUTRO,25,1
211-000537,NEUTRO,26,1
211-000537,NEUTRO,27,1
211-000537,NEUTRO,28,1
211-000537,NEUTRO,29,1
211-000537,NEUTRO,30,1
211-000537,NEUTRO,31,1
211-000537,NEUTRO,32,1
211-000537,NEUTRO,33,1
211-000537,NEUTRO,34,1
211-000537,NEUTRO,35,1
211-000537,NEUTRO,36,1
211-000537,NEUTRO,37,1
211-000537,NEUTRO,38,1
211-000537,NEUTRO,39,1
211-000537,NEUTRO,40,1
211-000537,NEUTRO,41,1
211-000537,SAD,0,2
211-000537,SAD,1,2
211-000537,SAD,2,2
211-000537,SAD,3,2
211-000537,SAD,4,2
211-000537,SAD,5,2
211-000537,SAD,6,2
211-000537,SAD,7,2
211-000537,SAD,8,2
211-000537,SAD,9,2
211-000537,SAD,10,2
211-000537,SAD,11,2
211-000537,SAD,12,2
211-000537,SAD,13,2
211-000537,SAD,14,2
211-000537,SAD,15,2
211-000537,SAD,16,2
211-000537,SAD,17,2
211-000537,SAD,18,2
211-000537,SAD,19,2
211-000537,SAD,20,2
211-000537,SAD,21,2
211-000537,SAD,22,2
211-000537,SAD,23,2
211-000537,SAD,24,2
211-000537,SAD,25,2
211-000537,SAD,26,2
211-000537,SAD,27,2
211-000537,SAD,28,2
211-000537,SAD,29,2
211-000537,SAD,30,2
211-000537,SAD,31,2
211-000537,SAD,32,2
211-000537,SAD,33,2
211-000537,SAD,34,2
211-000537,SAD,35,2
211-000537,SAD,36,2
211-000537,SAD,37,2
211-000537,SAD,38,2
211-000537,SAD,39,2
211-000537,SAD,40,2
211-000537,SAD,41,2
211-000537,SAD,42,2
211-000537,SAD,43,2
211-000537,SAD,44,2
211-000537,SAD,45,2
211-000537,SAD,46,2
211-000539,JOY,0,0
211-000539,JOY,1,0
211-000539,JOY,2,0
211-000539,JOY,3,0
211-000539,JOY,4,0
211-000539,JOY,5,0
211-000539,JOY,6,0
211-000539,JOY,7,0
211-000539,JOY,8,0
211-000539,JOY,9,0
211-000539,JOY,10,0
211-000539,JOY,11,0
211-000539,JOY,12,0
211-000539,JOY,13,0
211-000539,JOY,14,0
211-000539,JOY,15,0
211-000539,JOY,16,0
211-000539,JOY,17,0
211-000539,JOY,18,0
211-000539,JOY,19,0
211-000539,JOY,20,0
211-000539,JOY,21,0
211-000539,JOY,22,0
211-000539,JOY,23,0
211-000539,JOY,24,0
211-000539,JOY,25,0
211-000539,JOY,26,0
211-000539,JOY,27,0
211-000539,JOY,28,0
211-000539,JOY,29,0
211-000539,JOY,30,0
211-000539,JOY,31,0
211-000539,JOY,32,0
211-000539,JOY,33,0
211-000539,JOY,34,0
211-000539,JOY,35,0
211-000539,JOY,36,0
211-000539,JOY,37,0
211-000539,JOY,38,0
211-000539,JOY,39,0
211-000539,JOY,40,0
211-000539,JOY,41,0
211-000539,JOY,42,0
211-000539,JOY,43,0
211-000539,JOY,44,0
211-000539,JOY,45,0
211-000539,JOY,46,0
211-000539,JOY,47,0
211-000539,JOY,48,0
211-000539,NEUTRO,0,1
211-000539,NEUTRO,1,1
211-000539,NEUTRO,2,1
211-000539,NEUTRO,3,1
211-000539,NEUTRO,4,1
211-000539,NEUTRO,5,1
211-000539,NEUTRO,6,1
211-000539,NEUTRO,7,1
211-000539,NEUTRO,8,1
211-000539,NEUTRO,9,1
211-000539,NEUTRO,10,1
211-000539,NEUTRO,11,1
211-000539,NEUTRO,12,1
211-000539,NEUTRO,13,1
211-000539,NEUTRO,14,1
211-000539,NEUTRO,15,1
211-000539,NEUTRO,16,1
211-000539,NEUTRO,17,1
211-000539,NEUTRO,18,1
211-000539,NEUTRO,19,1
211-000539,NEUTRO,20,1
211-000539,NEUTRO,21,1
211-000539,NEUTRO,22,1
211-000539,NEUTRO,23,1
211-000539,NEUTRO,24,1
211-000539,NEUTRO,25,1
211-000539,NEUTRO,26,1
211-000539,NEUTRO,27,1
211-000539,NEUTRO,28,1
211-000539,NEUTRO,29,1
211-000539,NEUTRO,30,1
211-000539,NEUTRO,31,1
211-000539,NEUTRO,32,1
211-000539,NEUTRO,33,1
211-000539,NEUTRO,34,1
211-000539,NEUTRO,35,1
211-000539,NEUTRO,36,1
211-000539,NEUTRO,37,1
211-000539,NEUTRO,38,1
211-000539,NEUTRO,39,1
211-000539,NEUTRO,40,1
211-000539,NEUTRO,41,1
211-000539,NEUTRO,42,1
211-000539,NEUTRO,43,1
211-000539,SAD,0,2
211-000539,SAD,1,2
211-000539,SAD,2,2
211-000539,SAD,3,2
211-000539,SAD,4,2
211-000539,SAD,5,2
211-000539,SAD,6,2
211-000539,SAD,7,2
211-000539,SAD,8,2
211-000539,SAD,9,2
211-000539,SAD,10,2
211-000539,SAD,11,2
211-000539,SAD,12,2
211-000539,SAD,13,2
211-000539,SAD,14,2
211-000539,SAD,15,2
211-000539,SAD,16,2
211-000539,SAD,17,2
211-000539,SAD,18,2
211-000539,SAD,19,2
211-000539,SAD,20,2
211-000539,SAD,21,2
211-000539,SAD,22,2
211-000539,SAD,23,2
211-000539,SAD,24,2
211-000539,SAD,25,2
211-000539,SAD,26,2
211-000539,SAD,27,2
211-000539,SAD,28,2
211-000539,SAD,29,2
211-000539,SAD,30,2
211-000539,SAD,31,2
211-000539,SAD,32,2
211-000539,SAD,33,2
211-000539,SAD,34,2
211-000539,SAD,35,2
211-000539,SAD,36,2
211-000539,SAD,37,2
211-000539,SAD,38,2
211-000540,JOY,0,0
211-000540,JOY,1,0
211-000540,JOY,2,0
211-000540,JOY,3,0
211-000540,JOY,4,0
211-000540,JOY,5,0
211-000540,JOY,6,0
211-000540,JOY,7,0
211-000540,JOY,8,0
211-000540,JOY,9,0
211-000540,JOY,10,0
211-000540,JOY,11,0
211-000540,JOY,12,0
211-000540,JOY,13,0
211-000540,JOY,14,0
211-000540,JOY,15,0
211-000540,JOY,16,0
211-000540,JOY,17,0
211-000540,JOY,18,0
211-000540,JOY,19,0
211-000540,JOY,20,0
211-000540,JOY,21,0
211-000540,JOY,22,0
211-000540,JOY,23,0
211-000540,JOY,24,0
211-000540,JOY,25,0
211-000540,JOY,26,0
211-000540,JOY,27,0
211-000540,JOY,28,0
211-000540,JOY,29,0
211-000540,JOY,30,0
211-000540,JOY,31,0
211-000540,JOY,32,0
211-000540,JOY,33,0
211-000540,JOY,34,0
211-000540,JOY,35,0
211-000540,JOY,36,0
211-000540,JOY,37,0
211-000540,JOY,38,0
211-000540,JOY,39,0
211-000540,JOY,40,0
211-000540,JOY,41,0
211-000540,JOY,42,0
211-000540,JOY,43,0
211-000540,JOY,44,0
211-000540,JOY,45,0
211-000540,JOY,46,0
211-000540,JOY,47,0
211-000540,JOY,48,0
211-000540,NEUTRO,0,1
211-000540,NEUTRO,1,1
211-000540,NEUTRO,2,1
211-000540,NEUTRO,3,1
211-000540,NEUTRO,4,1
211-000540,NEUTRO,5,1
211-000540,NEUTRO,6,1
211-000540,NEUTRO,7,1
211-000540,NEUTRO,8,1
211-000540,NEUTRO,9,1
211-000540,NEUTRO,10,1
211-000540,NEUTRO,11,1
211-000540,NEUTRO,12,1
211-000540,NEUTRO,13,1
211-000540,NEUTRO,14,1
211-000540,NEUTRO,15,1
211-000540,NEUTRO,16,1
211-000540,NEUTRO,17,1
211-000540,NEUTRO,18,1
211-000540,NEUTRO,19,1
211-000540,NEUTRO,20,1
211-000540,NEUTRO,21,1
211-000540,NEUTRO,22,1
211-000540,NEUTRO,23,1
211-000540,NEUTRO,24,1
211-000540,NEUTRO,25,1
211-000540,NEUTRO,26,1
211-000540,NEUTRO,27,1
211-000540,NEUTRO,28,1
211-000540,NEUTRO,29,1
211-000540,NEUTRO,30,1
211-000540,NEUTRO,31,1
211-000540,NEUTRO,32,1
211-000540,SAD,0,2
211-000540,SAD,1,2
211-000540,SAD,2,2
211-000540,SAD,3,2
211-000540,SAD,4,2
211-000540,SAD,5,2
211-000540,SAD,6,2
211-000540,SAD,7,2
211-000540,SAD,8,2
211-000540,SAD,9,2
211-000540,SAD,10,2
211-000540,SAD,11,2
211-000540,SAD,12,2
211-000540,SAD,13,2
211-000540,SAD,14,2
211-000540,SAD,15,2
211-000540,SAD,16,2
211-000540,SAD,17,2
211-000540,SAD,18,2
211-000540,SAD,19,2
211-000541,JOY,0,0
211-000541,JOY,1,0
211-000541,JOY,2,0
211-000541,JOY,3,0
211-000541,JOY,4,0
211-000541,JOY,5,0
211-000541,JOY,6,0
211-000541,JOY,7,0
211-000541,JOY,8,0
211-000541,JOY,9,0
211-000541,JOY,10,0
211-000541,JOY,11,0
211-000541,JOY,12,0
211-000541,JOY,13,0
211-000541,JOY,14,0
211-000541,JOY,15,0
211-000541,JOY,16,0
211-000541,JOY,17,0
211-000541,JOY,18,0
211-000541,JOY,19,0
211-000541,JOY,20,0
211-000541,JOY,21,0
211-000541,JOY,22,0
211-000541,JOY,23,0
211-000541,JOY,24,0
211-000541,JOY,25,0
211-000541,JOY,26,0
211-000541,JOY,27,0
211-000541,JOY,28,0
211-000541,JOY,29,0
211-000541,JOY,30,0
211-000541,JOY,31,0
211-000541,JOY,32,0
211-000541,JOY,33,0
211-000541,JOY,34,0
211-000541,JOY,35,0
211-000541,JOY,36,0
211-000541,JOY,37,0
211-000541,JOY,38,0
211-000541,JOY,39,0
211-000541,JOY,40,0
211-000541,NEUTRO,0,1
211-000541,NEUTRO,1,1
211-000541,NEUTRO,2,1
211-000541,NEUTRO,3,1
211-000541,NEUTRO,4,1
211-000541,NEUTRO,5,1
211-000541,NEUTRO,6,1
211-000541,NEUTRO,7,1
211-000541,NEUTRO,8,1
211-000541,NEUTRO,9,1
211-000541,NEUTRO,10,1
211-000541,NEUTRO,11,1
211-000541,NEUTRO,12,1
211-000541,NEUTRO,13,1
211-000541,NEUTRO,14,1
211-000541,NEUTRO,15,1
211-000541,NEUTRO,16,1
211-000541,NEUTRO,17,1
211-000541,NEUTRO,18,1
211-000541,NEUTRO,19,1
211-000541,NEUTRO,20,1
211-000541,NEUTRO,21,1
211-000541,NEUTRO,22,1
211-000541,NEUTRO,23,1
211-000541,NEUTRO,24,1
211-000541,NEUTRO,25,1
211-000541,NEUTRO,26,1
211-000541,NEUTRO,27,1
211-000541,NEUTRO,28,1
211-000541,NEUTRO,29,1
211-000541,NEUTRO,30,1
211-000541,NEUTRO,31,1
211-000541,NEUTRO,32,1
211-000541,NEUTRO,33,1
211-000541,NEUTRO,34,1
211-000541,NEUTRO,35,1
211-000541,NEUTRO,36,1
211-000541,NEUTRO,37,1
211-000541,NEUTRO,38,1
211-000541,NEUTRO,39,1
211-000541,SAD,0,2
211-000541,SAD,1,2
211-000541,SAD,2,2
211-000541,SAD,3,2
211-000541,SAD,4,2
211-000541,SAD,5,2
211-000541,SAD,6,2
211-000541,SAD,7,2
211-000541,SAD,8,2
211-000541,SAD,9,2
211-000541,SAD,10,2
211-000541,SAD,11,2
211-000541,SAD,12,2
211-000541,SAD,13,2
211-000541,SAD,14,2
211-000541,SAD,15,2
211-000541,SAD,16,2
211-000541,SAD,17,2
211-000541,SAD,18,2
211-000541,SAD,19,2
211-000541,SAD,20,2
211-000541,SAD,21,2
211-000541,SAD,22,2
211-000541,SAD,23,2
211-000541,SAD,24,2
211-000541,SAD,25,2
211-000541,SAD,26,2
211-000541,SAD,27,2
211-000541,SAD,28,2
211-000541,SAD,29,2
211-000541,SAD,30,2
211-000541,SAD,31,2
211-000541,SAD,32,2
211-000541,SAD,33,2
211-000541,SAD,34,2
211-000541,SAD,35,2
211-000541,SAD,36,2
211-000541,SAD,37,2
211-000541,SAD,38,2
211-000541,SAD,39,2
211-000541,SAD,40,2
211-000541,SAD,41,2
211-000541,SAD,42,2
211-000541,SAD,43,2
211-000541,SAD,44,2
211-000541,SAD,45,2
211-000542,JOY,0,0
211-000542,JOY,1,0
211-000542,JOY,2,0
211-000542,JOY,3,0
211-000542,JOY,4,0
211-000542,JOY,5,0
211-000542,JOY,6,0
211-000542,JOY,7,0
211-000542,JOY,8,0
211-000542,JOY,9,0
211-000542,JOY,10,0
211-000542,JOY,11,0
211-000542,JOY,12,0
211-000542,JOY,13,0
211-000542,JOY,14,0
211-000542,JOY,15,0
211-000542,JOY,16,0
211-000542,JOY,17,0
211-000542,JOY,18,0
211-000542,JOY,19,0
211-000542,JOY,20,0
211-000542,JOY,21,0
211-000542,JOY,22,0
211-000542,JOY,23,0
211-000542,JOY,24,0
211-000542,JOY,25,0
211-000542,JOY,26,0
211-000542,JOY,27,0
211-000542,JOY,28,0
211-000542,JOY,29,0
211-000542,JOY,30,0
211-000542,JOY,31,0
211-000542,JOY,32,0
211-000542,JOY,33,0
211-000542,JOY,34,0
211-000542,JOY,35,0
211-000542,JOY,36,0
211-000542,JOY,37,0
211-000542,JOY,38,0
211-000542,JOY,39,0
211-000542,JOY,40,0
211-000542,JOY,41,0
211-000542,JOY,42,0
211-000542,JOY,43,0
211-000542,JOY,44,0
211-000542,JOY,45,0
211-000542,NEUTRO,0,1
211-000542,NEUTRO,1,1
211-000542,NEUTRO,2,1
211-000542,NEUTRO,3,1
211-000542,NEUTRO,4,1
211-000542,NEUTRO,5,1
211-000542,NEUTRO,6,1
211-000542,NEUTRO,7,1
211-000542,NEUTRO,8,1
211-000542,NEUTRO,9,1
211-000542,NEUTRO,10,1
211-000542,NEUTRO,11,1
211-000542,NEUTRO,12,1
211-000542,NEUTRO,13,1
211-000542,NEUTRO,14,1
211-000542,NEUTRO,15,1
211-000542,NEUTRO,16,1
211-000542,NEUTRO,17,1
211-000542,NEUTRO,18,1
211-000542,NEUTRO,19,1
211-000542,NEUTRO,20,1
211-000542,NEUTRO,21,1
211-000542,NEUTRO,22,1
211-000542,NEUTRO,23,1
211-000542,NEUTRO,24,1
211-000542,NEUTRO,25,1
211-000542,NEUTRO,26,1
211-000542,NEUTRO,27,1
211-000542,SAD,0,2
211-000542,SAD,1,2
211-000542,SAD,2,2
211-000542,SAD,3,2
211-000542,SAD,4,2
211-000542,SAD,5,2
211-000542,SAD,6,2
211-000542,SAD,7,2
211-000542,SAD,8,2
211-000542,SAD,9,2
211-000542,SAD,10,2
211-000542,SAD,11,2
211-000543,JOY,0,0
211-000543,JOY,1,0
211-000543,JOY,2,0
211-000543,JOY,3,0
211-000543,JOY,4,0
211-000543,JOY,5,0
211-000543,JOY,6,0
211-000543,JOY,7,0
211-000543,JOY,8,0
211-000543,JOY,9,0
211-000543,JOY,10,0
211-000543,JOY,11,0
211-000543,JOY,12,0
211-000543,JOY,13,0
211-000543,JOY,14,0
211-000543,JOY,15,0
211-000543,JOY,16,0
211-000543,JOY,17,0
211-000543,JOY,18,0
211-000543,JOY,19,0
211-000543,JOY,20,0
211-000543,JOY,21,0
211-000543,JOY,22,0
211-000543,JOY,23,0
211-000543,JOY,24,0
211-000543,JOY,25,0
211-000543,JOY,26,0
211-000543,JOY,27,0
211-000543,JOY,28,0
211-000543,JOY,29,0
211-000543,JOY,30,0
211-000543,JOY,31,0
211-000543,JOY,32,0
211-000543,JOY,33,0
211-000543,JOY,34,0
211-000543,JOY,35,0
211-000543,JOY,36,0
211-000543,JOY,37,0
211-000543,JOY,38,0
211-000543,JOY,39,0
211-000543,JOY,40,0
211-000543,JOY,41,0
211-000543,JOY,42,0
211-000543,JOY,43,0
211-000543,JOY,44,0
211-000543,JOY,45,0
211-000543,JOY,46,0
211-000543,JOY,47,0
211-000543,JOY,48,0
211-000543,NEUTRO,0,1
211-000543,NEUTRO,1,1
211-000543,NEUTRO,2,1
211-000543,NEUTRO,3,1
211-000543,NEUTRO,4,1
211-000543,NEUTRO,5,1
211-000543,NEUTRO,6,1
211-000543,NEUTRO,7,1
211-000543,NEUTRO,8,1
211-000543,NEUTRO,9,1
211-000543,NEUTRO,10,1
211-000543,NEUTRO,11,1
211-000543,NEUTRO,12,1
211-000543,NEUTRO,13,1
211-000543,NEUTRO,14,1
211-000543,NEUTRO,15,1
211-000543,NEUTRO,16,1
211-000543,NEUTRO,17,1
211-000543,NEUTRO,18,1
211-000543,NEUTRO,19,1
211-000543,NEUTRO,20,1
211-000543,NEUTRO,21,1
211-000543,NEUTRO,22,1
211-000543,NEUTRO,23,1
211-000543,NEUTRO,24,1
211-000543,NEUTRO,25,1
211-000543,NEUTRO,26,1
211-000543,NEUTRO,27,1
211-000543,NEUTRO,28,1
211-000543,NEUTRO,29,1
211-000543,NEUTRO,30,1
211-000543,NEUTRO,31,1
211-000543,NEUTRO,32,1
211-000543,NEUTRO,33,1
211-000543,NEUTRO,34,1
211-000543,NEUTRO,35,1
211-000543,NEUTRO,36,1
211-000543,NEUTRO,37,1
211-000543,NEUTRO,38,1
211-000543,NEUTRO,39,1
211-000543,NEUTRO,40,1
211-000543,NEUTRO,41,1
211-000543,NEUTRO,42,1
211-000543,NEUTRO,43,1
211-000543,NEUTRO,44,1
211-000543,SAD,0,2
211-000543,SAD,1,2
211-000543,SAD,2,2
211-000543,SAD,3,2
211-000543,SAD,4,2
211-000543,SAD,5,2
211-000543,SAD,6,2
211-000543,SAD,7,2
211-000543,SAD,8,2
211-000543,SAD,9,2
211-000543,SAD,10,2
211-000543,SAD,11,2
211-000543,SAD,12,2
211-000543,SAD,13,2
211-000543,SAD,14,2
211-000543,SAD,15,2
211-000543,SAD,16,2
211-000543,SAD,17,2
211-000543,SAD,18,2
211-000543,SAD,19,2
211-000543,SAD,20,2
211-000543,SAD,21,2
211-000543,SAD,22,2
211-000543,SAD,23,2
211-000543,SAD,24,2
211-000543,SAD,25,2
211-000543,SAD,26,2
211-000543,SAD,27,2
211-000543,SAD,28,2
211-000543,SAD,29,2
211-000543,SAD,30,2
211-000543,SAD,31,2
211-000543,SAD,32,2
211-000543,SAD,33,2
211-000543,SAD,34,2
211-000543,SAD,35,2
211-000543,SAD,36,2
211-000543,SAD,37,2
211-000543,SAD,38,2
211-000543,SAD,39,2
211-000543,SAD,40,2
211-000543,SAD,41,2
211-000543,SAD,42,2
211-000543,SAD,43,2
211-000543,SAD,44,2
211-000543,SAD,45,2
211-000543,SAD,46,2
211-000544,JOY,0,0
211-000544,JOY,1,0
211-000544,JOY,2,0
211-000544,JOY,3,0
211-000544,JOY,4,0
211-000544,JOY,5,0
211-000544,JOY,6,0
211-000544,JOY,7,0
211-000544,JOY,8,0
211-000544,JOY,9,0
211-000544,JOY,10,0
211-000544,JOY,11,0
211-000544,JOY,12,0
211-000544,JOY,13,0
211-000544,JOY,14,0
211-000544,JOY,15,0
211-000544,JOY,16,0
211-000544,JOY,17,0
211-000544,JOY,18,0
211-000544,JOY,19,0
211-000544,JOY,20,0
211-000544,JOY,21,0
211-000544,JOY,22,0
211-000544,JOY,23,0
211-000544,JOY,24,0
211-000544,JOY,25,0
211-000544,JOY,26,0
211-000544,NEUTRO,0,1
211-000544,NEUTRO,1,1
211-000544,NEUTRO,2,1
211-000544,NEUTRO,3,1
211-000544,NEUTRO,4,1
211-000544,NEUTRO,5,1
211-000544,NEUTRO,6,1
211-000544,NEUTRO,7,1
211-000544,NEUTRO,8,1
211-000544,NEUTRO,9,1
211-000544,NEUTRO,10,1
211-000544,NEUTRO,11,1
211-000544,NEUTRO,12,1
211-000544,NEUTRO,13,1
211-000544,NEUTRO,14,1
211-000544,NEUTRO,15,1
211-000544,NEUTRO,16,1
211-000544,NEUTRO,17,1
211-000544,NEUTRO,18,1
211-000544,NEUTRO,19,1
211-000544,NEUTRO,20,1
211-000544,NEUTRO,21,1
211-000544,NEUTRO,22,1
211-000544,NEUTRO,23,1
211-000544,NEUTRO,24,1
211-000544,NEUTRO,25,1
211-000544,NEUTRO,26,1
211-000544,NEUTRO,27,1
211-000544,NEUTRO,28,1
211-000544,NEUTRO,29,1
211-000544,NEUTRO,30,1
211-000544,NEUTRO,31,1
211-000544,NEUTRO,32,1
211-000544,NEUTRO,33,1
211-000544,NEUTRO,34,1
211-000544,NEUTRO,35,1
211-000544,NEUTRO,36,1
211-000544,NEUTRO,37,1
211-000544,NEUTRO,38,1
211-000544,NEUTRO,39,1
211-000544,NEUTRO,40,1
211-000544,NEUTRO,41,1
211-000544,NEUTRO,42,1
211-000544,NEUTRO,43,1
211-000544,NEUTRO,44,1
211-000544,NEUTRO,45,1
211-000544,SAD,0,2
211-000544,SAD,1,2
211-000544,SAD,2,2
211-000544,SAD,3,2
211-000544,SAD,4,2
211-000544,SAD,5,2
211-000544,SAD,6,2
211-000544,SAD,7,2
211-000544,SAD,8,2
211-000544,SAD,9,2
211-000544,SAD,10,2
211-000544,SAD,11,2
211-000544,SAD,12,2
211-000544,SAD,13,2
211-000544,SAD,14,2
211-000544,SAD,15,2
211-000544,SAD,16,2
211-000544,SAD,17,2
211-000544,SAD,18,2
211-000544,SAD,19,2
211-000544,SAD,20,2
211-000544,SAD,21,2
211-000544,SAD,22,2
211-000544,SAD,23,2
211-000544,SAD,24,2
211-000544,SAD,25,2
211-000544,SAD,26,2
211-000544,SAD,27,2
211-000544,SAD,28,2
211-000544,SAD,29,2
211-000544,SAD,30,2
211-000544,SAD,31,2
211-000544,SAD,32,2
211-000544,SAD,33,2
211-000544,SAD,34,2
211-000544,SAD,35,2
211-000544,SAD,36,2
211-000544,SAD,37,2
211-000544,SAD,38,2
211-000544,SAD,39,2
211-000544,SAD,40,2
211-000544,SAD,41,2
211-000544,SAD,42,2
211-000544,SAD,43,2
211-000544,SAD,44,2
211-000544,SAD,45,2
211-000544,SAD,46,2
211-000545,JOY,0,0
211-000545,JOY,1,0
211-000545,JOY,2,0
211-000545,JOY,3,0
211-000545,JOY,4,0
211-000545,JOY,5,0
211-000545,JOY,6,0
211-000545,JOY,7,0
211-000545,JOY,8,0
211-000545,JOY,9,0
211-000545,JOY,10,0
211-000545,JOY,11,0
211-000545,JOY,12,0
211-000545,JOY,13,0
211-000545,JOY,14,0
211-000545,JOY,15,0
211-000545,JOY,16,0
211-000545,JOY,17,0
211-000545,JOY,18,0
211-000545,JOY,19,0
211-000545,JOY,20,0
211-000545,JOY,21,0
211-000545,JOY,22,0
211-000545,JOY,23,0
211-000545,JOY,24,0
211-000545,JOY,25,0
211-000545,JOY,26,0
211-000545,JOY,27,0
211-000545,JOY,28,0
211-000545,JOY,29,0
211-000545,JOY,30,0
211-000545,JOY,31,0
211-000545,JOY,32,0
211-000545,JOY,33,0
211-000545,JOY,34,0
211-000545,JOY,35,0
211-000545,JOY,36,0
211-000545,JOY,37,0
211-000545,JOY,38,0
211-000545,JOY,39,0
211-000545,JOY,40,0
211-000545,JOY,41,0
211-000545,JOY,42,0
211-000545,JOY,43,0
211-000545,NEUTRO,0,1
211-000545,NEUTRO,1,1
211-000545,NEUTRO,2,1
211-000545,NEUTRO,3,1
211-000545,NEUTRO,4,1
211-000545,NEUTRO,5,1
211-000545,NEUTRO,6,1
211-000545,NEUTRO,7,1
211-000545,NEUTRO,8,1
211-000545,NEUTRO,9,1
211-000545,NEUTRO,10,1
211-000545,NEUTRO,11,1
211-000545,NEUTRO,12,1
211-000545,NEUTRO,13,1
211-000545,NEUTRO,14,1
211-000545,NEUTRO,15,1
211-000545,NEUTRO,16,1
211-000545,NEUTRO,17,1
211-000545,NEUTRO,18,1
211-000545,NEUTRO,19,1
211-000545,NEUTRO,20,1
211-000545,NEUTRO,21,1
211-000545,NEUTRO,22,1
211-000545,SAD,0,2
211-000545,SAD,1,2
211-000545,SAD,2,2
211-000545,SAD,3,2
211-000545,SAD,4,2
211-000545,SAD,5,2
211-000545,SAD,6,2
211-000545,SAD,7,2
211-000545,SAD,8,2
211-000545,SAD,9,2
211-000545,SAD,10,2
211-000545,SAD,11,2
211-000545,SAD,12,2
211-000545,SAD,13,2
211-000545,SAD,14,2
211-000545,SAD,15,2
211-000545,SAD,16,2
211-000545,SAD,17,2
211-000545,SAD,18,2
211-000545,SAD,19,2
211-000545,SAD,20,2
211-000545,SAD,21,2
211-000545,SAD,22,2
211-000545,SAD,23,2
211-000545,SAD,24,2
211-000545,SAD,25,2
211-000545,SAD,26,2
211-000545,SAD,27,2
211-000545,SAD,28,2
211-000546,JOY,0,0
211-000546,JOY,1,0
211-000546,JOY,2,0
211-000546,JOY,3,0
211-000546,JOY,4,0
211-000546,JOY,5,0
211-000546,JOY,6,0
211-000546,JOY,7,0
211-000546,JOY,8,0
211-000546,JOY,9,0
211-000546,JOY,10,0
211-000546,JOY,11,0
211-000546,JOY,12,0
211-000546,JOY,13,0
211-000546,JOY,14,0
211-000546,JOY,15,0
211-000546,JOY,16,0
211-000546,JOY,17,0
211-000546,JOY,18,0
211-000546,JOY,19,0
211-000546,JOY,20,0
211-000546,JOY,21,0
211-000546,JOY,22,0
211-000546,JOY,23,0
211-000546,JOY,24,0
211-000546,JOY,25,0
211-000546,JOY,26,0
211-000546,JOY,27,0
211-000546,JOY,28,0
211-000546,JOY,29,0
211-000546,JOY,30,0
211-000546,JOY,31,0
211-000546,JOY,32,0
211-000546,JOY,33,0
211-000546,JOY,34,0
211-000546,JOY,35,0
211-000546,JOY,36,0
211-000546,JOY,37,0
211-000546,JOY,38,0
211-000546,JOY,39,0
211-000546,JOY,40,0
211-000546,JOY,41,0
211-000546,JOY,42,0
211-000546,JOY,43,0
211-000546,JOY,44,0
211-000546,JOY,45,0
211-000546,JOY,46,0
211-000546,JOY,47,0
211-000546,NEUTRO,0,1
211-000546,NEUTRO,1,1
211-000546,NEUTRO,2,1
211-000546,NEUTRO,3,1
211-000546,NEUTRO,4,1
211-000546,NEUTRO,5,1
211-000546,NEUTRO,6,1
211-000546,NEUTRO,7,1
211-000546,NEUTRO,8,1
211-000546,NEUTRO,9,1
211-000546,NEUTRO,10,1
211-000546,NEUTRO,11,1
211-000546,NEUTRO,12,1
211-000546,NEUTRO,13,1
211-000546,NEUTRO,14,1
211-000546,NEUTRO,15,1
211-000546,NEUTRO,16,1
211-000546,NEUTRO,17,1
211-000546,NEUTRO,18,1
211-000546,NEUTRO,19,1
211-000546,NEUTRO,20,1
211-000546,NEUTRO,21,1
211-000546,NEUTRO,22,1
211-000546,NEUTRO,23,1
211-000546,NEUTRO,24,1
211-000546,NEUTRO,25,1
211-000546,NEUTRO,26,1
211-000546,NEUTRO,27,1
211-000546,NEUTRO,28,1
211-000546,NEUTRO,29,1
211-000546,NEUTRO,30,1
211-000546,NEUTRO,31,1
211-000546,NEUTRO,32,1
211-000546,NEUTRO,33,1
211-000546,NEUTRO,34,1
211-000546,NEUTRO,35,1
211-000546,NEUTRO,36,1
211-000546,NEUTRO,37,1
211-000546,NEUTRO,38,1
211-000546,NEUTRO,39,1
211-000546,NEUTRO,40,1
211-000546,NEUTRO,41,1
211-000546,NEUTRO,42,1
211-000546,NEUTRO,43,1
211-000546,NEUTRO,44,1
211-000546,NEUTRO,45,1
211-000546,NEUTRO,46,1
211-000546,SAD,0,2
211-000546,SAD,1,2
211-000546,SAD,2,2
211-000546,SAD,3,2
211-000546,SAD,4,2
211-000546,SAD,5,2
211-000546,SAD,6,2
211-000546,SAD,7,2
211-000546,SAD,8,2
211-000546,SAD,9,2
211-000546,SAD,10,2
211-000546,SAD,11,2
211-000546,SAD,12,2
211-000546,SAD,13,2
211-000546,SAD,14,2
211-000546,SAD,15,2
211-000546,SAD,16,2
211-000546,SAD,17,2
211-000546,SAD,18,2
211-000546,SAD,19,2
211-000546,SAD,20,2
211-000546,SAD,21,2
211-000546,SAD,22,2
211-000546,SAD,23,2
211-000546,SAD,24,2
211-000546,SAD,25,2
211-000546,SAD,26,2
211-000546,SAD,27,2
211-000546,SAD,28,2
211-000546,SAD,29,2
211-000546,SAD,30,2
211-000546,SAD,31,2
211-000546,SAD,32,2
211-000546,SAD,33,2
211-000546,SAD,34,2
211-000546,SAD,35,2
211-000546,SAD,36,2
211-000546,SAD,37,2
211-000546,SAD,38,2
211-000546,SAD,39,2
211-000546,SAD,40,2
211-000546,SAD,41,2
211-000546,SAD,42,2
211-000546,SAD,43,2
211-000546,SAD,44,2
211-000546,SAD,45,2
211-000547,JOY,0,0
211-000547,JOY,1,0
211-000547,JOY,2,0
211-000547,JOY,3,0
211-000547,JOY,4,0
211-000547,JOY,5,0
211-000547,JOY,6,0
211-000547,JOY,7,0
211-000547,JOY,8,0
211-000547,JOY,9,0
211-000547,JOY,10,0
211-000547,JOY,11,0
211-000547,JOY,12,0
211-000547,JOY,13,0
211-000547,JOY,14,0
211-000547,JOY,15,0
211-000547,JOY,16,0
211-000547,JOY,17,0
211-000547,JOY,18,0
211-000547,JOY,19,0
211-000547,JOY,20,0
211-000547,JOY,21,0
211-000547,JOY,22,0
211-000547,JOY,23,0
211-000547,JOY,24,0
211-000547,JOY,25,0
211-000547,JOY,26,0
211-000547,JOY,27,0
211-000547,JOY,28,0
211-000547,JOY,29,0
211-000547,JOY,30,0
211-000547,JOY,31,0
211-000547,JOY,32,0
211-000547,JOY,33,0
211-000547,JOY,34,0
211-000547,JOY,35,0
211-000547,JOY,36,0
211-000547,JOY,37,0
211-000547,JOY,38,0
211-000547,JOY,39,0
211-000547,JOY,40,0
211-000547,JOY,41,0
211-000547,JOY,42,0
211-000547,JOY,43,0
211-000547,JOY,44,0
211-000547,JOY,45,0
211-000547,JOY,46,0
211-000547,JOY,47,0
211-000547,JOY,48,0
211-000547,NEUTRO,0,1
211-000547,NEUTRO,1,1
211-000547,NEUTRO,2,1
211-000547,NEUTRO,3,1
211-000547,NEUTRO,4,1
211-000547,NEUTRO,5,1
211-000547,NEUTRO,6,1
211-000547,NEUTRO,7,1
211-000547,NEUTRO,8,1
211-000547,NEUTRO,9,1
211-000547,NEUTRO,10,1
211-000547,NEUTRO,11,1
211-000547,NEUTRO,12,1
211-000547,NEUTRO,13,1
211-000547,NEUTRO,14,1
211-000547,NEUTRO,15,1
211-000547,NEUTRO,16,1
211-000547,NEUTRO,17,1
211-000547,NEUTRO,18,1
211-000547,NEUTRO,19,1
211-000547,NEUTRO,20,1
211-000547,NEUTRO,21,1
211-000547,NEUTRO,22,1
211-000547,NEUTRO,23,1
211-000547,NEUTRO,24,1
211-000547,NEUTRO,25,1
211-000547,NEUTRO,26,1
211-000547,NEUTRO,27,1
211-000547,NEUTRO,28,1
211-000547,NEUTRO,29,1
211-000547,NEUTRO,30,1
211-000547,NEUTRO,31,1
211-000547,NEUTRO,32,1
211-000547,NEUTRO,33,1
211-000547,NEUTRO,34,1
211-000547,NEUTRO,35,1
211-000547,NEUTRO,36,1
211-000547,NEUTRO,37,1
211-000547,NEUTRO,38,1
211-000547,NEUTRO,39,1
211-000547,NEUTRO,40,1
211-000547,NEUTRO,41,1
211-000547,NEUTRO,42,1
211-000547,NEUTRO,43,1
211-000547,NEUTRO,44,1
211-000547,NEUTRO,45,1
211-000547,NEUTRO,46,1
211-000547,SAD,0,2
211-000547,SAD,1,2
211-000547,SAD,2,2
211-000547,SAD,3,2
211-000547,SAD,4,2
211-000547,SAD,5,2
211-000547,SAD,6,2
211-000547,SAD,7,2
211-000547,SAD,8,2
211-000547,SAD,9,2
211-000547,SAD,10,2
211-000547,SAD,11,2
211-000547,SAD,12,2
211-000547,SAD,13,2
211-000547,SAD,14,2
211-000547,SAD,15,2
211-000547,SAD,16,2
211-000547,SAD,17,2
211-000547,SAD,18,2
211-000547,SAD,19,2
211-000547,SAD,20,2
211-000547,SAD,21,2
211-000547,SAD,22,2
211-000547,SAD,23,2
211-000547,SAD,24,2
211-000547,SAD,25,2
211-000547,SAD,26,2
211-000547,SAD,27,2
211-000547,SAD,28,2
211-000547,SAD,29,2
211-000547,SAD,30,2
211-000547,SAD,31,2
211-000547,SAD,32,2
211-000547,SAD,33,2
211-000547,SAD,34,2
211-000547,SAD,35,2
211-000547,SAD,36,2
211-000547,SAD,37,2
211-000547,SAD,38,2
211-000547,SAD,39,2
211-000547,SAD,40,2
211-000547,SAD,41,2
211-000547,SAD,42,2
211-000547,SAD,43,2
211-000547,SAD,44,2
211-000547,SAD,45,2
211-000547,SAD,46,2
211-000547,SAD,47,2
211-000548,JOY,0,0
211-000548,JOY,1,0
211-000548,JOY,2,0
211-000548,JOY,3,0
211-000548,JOY,4,0
211-000548,JOY,5,0
211-000548,JOY,6,0
211-000548,JOY,7,0
211-000548,JOY,8,0
211-000548,JOY,9,0
211-000548,JOY,10,0
211-000548,JOY,11,0
211-000548,JOY,12,0
211-000548,JOY,13,0
211-000548,JOY,14,0
211-000548,JOY,15,0
211-000548,JOY,16,0
211-000548,JOY,17,0
211-000548,JOY,18,0
211-000548,JOY,19,0
211-000548,JOY,20,0
211-000548,JOY,21,0
211-000548,JOY,22,0
211-000548,JOY,23,0
211-000548,JOY,24,0
211-000548,JOY,25,0
211-000548,JOY,26,0
211-000548,JOY,27,0
211-000548,JOY,28,0
211-000548,JOY,29,0
211-000548,JOY,30,0
211-000548,JOY,31,0
211-000548,JOY,32,0
211-000548,JOY,33,0
211-000548,JOY,34,0
211-000548,JOY,35,0
211-000548,JOY,36,0
211-000548,NEUTRO,0,1
211-000548,NEUTRO,1,1
211-000548,NEUTRO,2,1
211-000548,NEUTRO,3,1
211-000548,NEUTRO,4,1
211-000548,NEUTRO,5,1
211-000548,NEUTRO,6,1
211-000548,NEUTRO,7,1
211-000548,NEUTRO,8,1
211-000548,NEUTRO,9,1
211-000548,NEUTRO,10,1
211-000548,NEUTRO,11,1
211-000548,NEUTRO,12,1
211-000548,NEUTRO,13,1
211-000548,NEUTRO,14,1
211-000548,NEUTRO,15,1
211-000548,NEUTRO,16,1
211-000548,NEUTRO,17,1
211-000548,NEUTRO,18,1
211-000548,NEUTRO,19,1
211-000548,NEUTRO,20,1
211-000548,NEUTRO,21,1
211-000548,NEUTRO,22,1
211-000548,NEUTRO,23,1
211-000548,NEUTRO,24,1
211-000548,NEUTRO,25,1
211-000548,NEUTRO,26,1
211-000548,NEUTRO,27,1
211-000548,NEUTRO,28,1
211-000548,NEUTRO,29,1
211-000548,NEUTRO,30,1
211-000548,NEUTRO,31,1
211-000548,NEUTRO,32,1
211-000548,NEUTRO,33,1
211-000548,NEUTRO,34,1
211-000548,NEUTRO,35,1
211-000548,NEUTRO,36,1
211-000548,NEUTRO,37,1
211-000548,NEUTRO,38,1
211-000548,SAD,0,2
211-000548,SAD,1,2
211-000548,SAD,2,2
211-000548,SAD,3,2
211-000548,SAD,4,2
211-000548,SAD,5,2
211-000548,SAD,6,2
211-000548,SAD,7,2
211-000548,SAD,8,2
211-000548,SAD,9,2
211-000548,SAD,10,2
211-000548,SAD,11,2
211-000548,SAD,12,2
211-000548,SAD,13,2
211-000548,SAD,14,2
211-000548,SAD,15,2
211-000548,SAD,16,2
211-000548,SAD,17,2
211-000548,SAD,18,2
211-000548,SAD,19,2
211-000548,SAD,20,2
211-000548,SAD,21,2
211-000548,SAD,22,2
211-000548,SAD,23,2
211-000548,SAD,24,2
211-000548,SAD,25,2
211-000548,SAD,26,2
211-000548,SAD,27,2
211-000548,SAD,28,2
211-000548,SAD,29,2
211-000549,JOY,0,0
211-000549,JOY,1,0
211-000549,JOY,2,0
211-000549,JOY,3,0
211-000549,JOY,4,0
211-000549,JOY,5,0
211-000549,JOY,6,0
211-000549,JOY,7,0
211-000549,JOY,8,0
211-000549,JOY,9,0
211-000549,JOY,10,0
211-000549,JOY,11,0
211-000549,JOY,12,0
211-000549,JOY,13,0
211-000549,JOY,14,0
211-000549,JOY,15,0
211-000549,JOY,16,0
211-000549,JOY,17,0
211-000549,JOY,18,0
211-000549,JOY,19,0
211-000549,JOY,20,0
211-000549,JOY,21,0
211-000549,JOY,22,0
211-000549,JOY,23,0
211-000549,JOY,24,0
211-000549,JOY,25,0
211-000549,JOY,26,0
211-000549,JOY,27,0
211-000549,JOY,28,0
211-000549,JOY,29,0
211-000549,JOY,30,0
211-000549,JOY,31,0
211-000549,JOY,32,0
211-000549,JOY,33,0
211-000549,JOY,34,0
211-000549,JOY,35,0
211-000549,JOY,36,0
211-000549,JOY,37,0
211-000549,JOY,38,0
211-000549,JOY,39,0
211-000549,JOY,40,0
211-000549,JOY,41,0
211-000549,JOY,42,0
211-000549,JOY,43,0
211-000549,JOY,44,0
211-000549,JOY,45,0
211-000549,NEUTRO,0,1
211-000549,NEUTRO,1,1
211-000549,NEUTRO,2,1
211-000549,NEUTRO,3,1
211-000549,NEUTRO,4,1
211-000549,NEUTRO,5,1
211-000549,NEUTRO,6,1
211-000549,NEUTRO,7,1
211-000549,NEUTRO,8,1
211-000549,NEUTRO,9,1
211-000549,NEUTRO,10,1
211-000549,NEUTRO,11,1
211-000549,NEUTRO,12,1
211-000549,NEUTRO,13,1
211-000549,NEUTRO,14,1
211-000549,NEUTRO,15,1
211-000549,NEUTRO,16,1
211-000549,NEUTRO,17,1
211-000549,NEUTRO,18,1
211-000549,NEUTRO,19,1
211-000549,NEUTRO,20,1
211-000549,NEUTRO,21,1
211-000549,NEUTRO,22,1
211-000549,NEUTRO,23,1
211-000549,NEUTRO,24,1
211-000549,NEUTRO,25,1
211-000549,NEUTRO,26,1
211-000549,NEUTRO,27,1
211-000549,NEUTRO,28,1
211-000549,NEUTRO,29,1
211-000549,NEUTRO,30,1
211-000549,NEUTRO,31,1
211-000549,NEUTRO,32,1
211-000549,NEUTRO,33,1
211-000549,NEUTRO,34,1
211-000549,NEUTRO,35,1
211-000549,NEUTRO,36,1
211-000549,NEUTRO,37,1
211-000549,NEUTRO,38,1
211-000549,NEUTRO,39,1
211-000549,NEUTRO,40,1
211-000549,NEUTRO,41,1
211-000549,NEUTRO,42,1
211-000549,NEUTRO,43,1
211-000549,NEUTRO,44,1
211-000549,NEUTRO,45,1
211-000549,SAD,0,2
211-000549,SAD,1,2
211-000549,SAD,2,2
211-000549,SAD,3,2
211-000549,SAD,4,2
211-000549,SAD,5,2
211-000549,SAD,6,2
211-000549,SAD,7,2
211-000549,SAD,8,2
211-000549,SAD,9,2
211-000549,SAD,10,2
211-000549,SAD,11,2
211-000549,SAD,12,2
211-000549,SAD,13,2
211-000549,SAD,14,2
211-000549,SAD,15,2
211-000549,SAD,16,2
211-000549,SAD,17,2
211-000549,SAD,18,2
211-000549,SAD,19,2
211-000549,SAD,20,2
211-000549,SAD,21,2
211-000549,SAD,22,2
211-000549,SAD,23,2
211-000549,SAD,24,2
211-000549,SAD,25,2
211-000549,SAD,26,2
211-000549,SAD,27,2
211-000549,SAD,28,2
211-000549,SAD,29,2
211-000549,SAD,30,2
211-000549,SAD,31,2
211-000549,SAD,32,2
211-000549,SAD,33,2
211-000549,SAD,34,2
211-000549,SAD,35,2
211-000549,SAD,36,2
211-000549,SAD,37,2
211-000549,SAD,38,2
211-000549,SAD,39,2
211-000549,SAD,40,2
211-000549,SAD,41,2
211-000549,SAD,42,2
211-000549,SAD,43,2
211-000549,SAD,44,2
211-000549,SAD,45,2
211-000549,SAD,46,2
211-000550,JOY,0,0
211-000550,JOY,1,0
211-000550,JOY,2,0
211-000550,JOY,3,0
211-000550,JOY,4,0
211-000550,JOY,5,0
211-000550,JOY,6,0
211-000550,JOY,7,0
211-000550,JOY,8,0
211-000550,JOY,9,0
211-000550,JOY,10,0
211-000550,JOY,11,0
211-000550,JOY,12,0
211-000550,JOY,13,0
211-000550,JOY,14,0
211-000550,JOY,15,0
211-000550,JOY,16,0
211-000550,JOY,17,0
211-000550,JOY,18,0
211-000550,JOY,19,0
211-000550,JOY,20,0
211-000550,JOY,21,0
211-000550,JOY,22,0
211-000550,JOY,23,0
211-000550,JOY,24,0
211-000550,JOY,25,0
211-000550,JOY,26,0
211-000550,JOY,27,0
211-000550,JOY,28,0
211-000550,JOY,29,0
211-000550,JOY,30,0
211-000550,JOY,31,0
211-000550,JOY,32,0
211-000550,JOY,33,0
211-000550,JOY,34,0
211-000550,JOY,35,0
211-000550,JOY,36,0
211-000550,NEUTRO,0,1
211-000550,NEUTRO,1,1
211-000550,NEUTRO,2,1
211-000550,NEUTRO,3,1
211-000550,NEUTRO,4,1
211-000550,NEUTRO,5,1
211-000550,NEUTRO,6,1
211-000550,NEUTRO,7,1
211-000550,NEUTRO,8,1
211-000550,NEUTRO,9,1
211-000550,NEUTRO,10,1
211-000550,NEUTRO,11,1
211-000550,NEUTRO,12,1
211-000550,NEUTRO,13,1
211-000550,SAD,0,2
211-000550,SAD,1,2
211-000550,SAD,2,2
211-000550,SAD,3,2
211-000550,SAD,4,2
211-000550,SAD,5,2
211-000550,SAD,6,2
211-000550,SAD,7,2
211-000550,SAD,8,2
211-000550,SAD,9,2
211-000550,SAD,10,2
211-000550,SAD,11,2
211-000550,SAD,12,2
211-000550,SAD,13,2
211-000550,SAD,14,2
211-000550,SAD,15,2
211-000550,SAD,16,2
211-000550,SAD,17,2
211-000550,SAD,18,2
211-000550,SAD,19,2
211-000550,SAD,20,2
211-000550,SAD,21,2
211-000550,SAD,22,2
211-000550,SAD,23,2
211-000550,SAD,24,2
211-000550,SAD,25,2
211-000550,SAD,26,2
211-000550,SAD,27,2
211-000550,SAD,28,2
211-000550,SAD,29,2
211-000552,JOY,0,0
211-000552,JOY,1,0
211-000552,JOY,2,0
211-000552,JOY,3,0
211-000552,JOY,4,0
211-000552,JOY,5,0
211-000552,JOY,6,0
211-000552,JOY,7,0
211-000552,JOY,8,0
211-000552,JOY,9,0
211-000552,JOY,10,0
211-000552,JOY,11,0
211-000552,JOY,12,0
211-000552,JOY,13,0
211-000552,JOY,14,0
211-000552,JOY,15,0
211-000552,JOY,16,0
211-000552,JOY,17,0
211-000552,JOY,18,0
211-000552,JOY,19,0
211-000552,JOY,20,0
211-000552,JOY,21,0
211-000552,JOY,22,0
211-000552,JOY,23,0
211-000552,JOY,24,0
211-000552,JOY,25,0
211-000552,JOY,26,0
211-000552,JOY,27,0
211-000552,JOY,28,0
211-000552,JOY,29,0
211-000552,JOY,30,0
211-000552,JOY,31,0
211-000552,JOY,32,0
211-000552,JOY,33,0
211-000552,JOY,34,0
211-000552,JOY,35,0
211-000552,NEUTRO,0,1
211-000552,NEUTRO,1,1
211-000552,NEUTRO,2,1
211-000552,NEUTRO,3,1
211-000552,NEUTRO,4,1
211-000552,NEUTRO,5,1
211-000552,NEUTRO,6,1
211-000552,NEUTRO,7,1
211-000552,NEUTRO,8,1
211-000552,NEUTRO,9,1
211-000552,NEUTRO,10,1
211-000552,NEUTRO,11,1
211-000552,NEUTRO,12,1
211-000552,NEUTRO,13,1
211-000552,NEUTRO,14,1
211-000552,NEUTRO,15,1
211-000552,NEUTRO,16,1
211-000552,NEUTRO,17,1
211-000552,NEUTRO,18,1
211-000552,NEUTRO,19,1
211-000552,NEUTRO,20,1
211-000552,NEUTRO,21,1
211-000552,NEUTRO,22,1
211-000552,NEUTRO,23,1
211-000552,NEUTRO,24,1
211-000552,NEUTRO,25,1
211-000552,NEUTRO,26,1
211-000552,NEUTRO,27,1
211-000552,NEUTRO,28,1
211-000552,NEUTRO,29,1
211-000552,NEUTRO,30,1
211-000552,NEUTRO,31,1
211-000552,NEUTRO,32,1
211-000552,NEUTRO,33,1
211-000552,NEUTRO,34,1
211-000552,NEUTRO,35,1
211-000552,NEUTRO,36,1
211-000552,NEUTRO,37,1
211-000552,NEUTRO,38,1
211-000552,NEUTRO,39,1
211-000552,NEUTRO,40,1
211-000552,NEUTRO,41,1
211-000552,NEUTRO,42,1
211-000552,NEUTRO,43,1
211-000552,NEUTRO,44,1
211-000552,SAD,0,2
211-000552,SAD,1,2
211-000552,SAD,2,2
211-000552,SAD,3,2
211-000552,SAD,4,2
211-000552,SAD,5,2
211-000552,SAD,6,2
211-000552,SAD,7,2
211-000552,SAD,8,2
211-000552,SAD,9,2
211-000552,SAD,10,2
211-000552,SAD,11,2
211-000552,SAD,12,2
211-000552,SAD,13,2
211-000552,SAD,14,2
211-000552,SAD,15,2
211-000552,SAD,16,2
211-000552,SAD,17,2
211-000552,SAD,18,2
211-000552,SAD,19,2
211-000552,SAD,20,2
211-000552,SAD,21,2
211-000552,SAD,22,2
211-000552,SAD,23,2
211-000552,SAD,24,2
211-000552,SAD,25,2
211-000552,SAD,26,2
211-000552,SAD,27,2
211-000552,SAD,28,2
211-000552,SAD,29,2
211-000552,SAD,30,2
211-000552,SAD,31,2
211-000552,SAD,32,2
211-000552,SAD,33,2
211-000552,SAD,34,2
211-000553,JOY,0,0
211-000553,JOY,1,0
211-000553,JOY,2,0
211-000553,JOY,3,0
211-000553,JOY,4,0
211-000553,JOY,5,0
211-000553,JOY,6,0
211-000553,JOY,7,0
211-000553,JOY,8,0
211-000553,JOY,9,0
211-000553,JOY,10,0
211-000553,JOY,11,0
211-000553,JOY,12,0
211-000553,JOY,13,0
211-000553,JOY,14,0
211-000553,JOY,15,0
211-000553,JOY,16,0
211-000553,JOY,17,0
211-000553,JOY,18,0
211-000553,JOY,19,0
211-000553,JOY,20,0
211-000553,JOY,21,0
211-000553,JOY,22,0
211-000553,JOY,23,0
211-000553,JOY,24,0
211-000553,JOY,25,0
211-000553,JOY,26,0
211-000553,JOY,27,0
211-000553,JOY,28,0
211-000553,JOY,29,0
211-000553,JOY,30,0
211-000553,JOY,31,0
211-000553,JOY,32,0
211-000553,JOY,33,0
211-000553,JOY,34,0
211-000553,JOY,35,0
211-000553,JOY,36,0
211-000553,JOY,37,0
211-000553,NEUTRO,0,1
211-000553,NEUTRO,1,1
211-000553,NEUTRO,2,1
211-000553,NEUTRO,3,1
211-000553,NEUTRO,4,1
211-000553,NEUTRO,5,1
211-000553,NEUTRO,6,1
211-000553,NEUTRO,7,1
211-000553,NEUTRO,8,1
211-000553,NEUTRO,9,1
211-000553,NEUTRO,10,1
211-000553,NEUTRO,11,1
211-000553,NEUTRO,12,1
211-000553,NEUTRO,13,1
211-000553,NEUTRO,14,1
211-000553,NEUTRO,15,1
211-000553,NEUTRO,16,1
211-000553,NEUTRO,17,1
211-000553,NEUTRO,18,1
211-000553,NEUTRO,19,1
211-000553,NEUTRO,20,1
211-000553,NEUTRO,21,1
211-000553,NEUTRO,22,1
211-000553,NEUTRO,23,1
211-000553,NEUTRO,24,1
211-000553,NEUTRO,25,1
211-000553,NEUTRO,26,1
211-000553,NEUTRO,27,1
211-000553,NEUTRO,28,1
211-000553,NEUTRO,29,1
211-000553,NEUTRO,30,1
211-000553,NEUTRO,31,1
211-000553,NEUTRO,32,1
211-000553,NEUTRO,33,1
211-000553,NEUTRO,34,1
211-000553,SAD,0,2
211-000553,SAD,1,2
211-000553,SAD,2,2
211-000553,SAD,3,2
211-000553,SAD,4,2
211-000553,SAD,5,2
211-000553,SAD,6,2
211-000553,SAD,7,2
211-000553,SAD,8,2
211-000553,SAD,9,2
211-000553,SAD,10,2
211-000553,SAD,11,2
211-000553,SAD,12,2
211-000553,SAD,13,2
211-000553,SAD,14,2
211-000553,SAD,15,2
211-000553,SAD,16,2
211-000553,SAD,17,2
211-000553,SAD,18,2
211-000553,SAD,19,2
211-000553,SAD,20,2
211-000553,SAD,21,2
211-000553,SAD,22,2
211-000553,SAD,23,2
211-000553,SAD,24,2
211-000553,SAD,25,2
211-000553,SAD,26,2
211-000553,SAD,27,2
211-000553,SAD,28,2
211-000553,SAD,29,2
211-000553,SAD,30,2
211-000554,JOY,0,0
211-000554,JOY,1,0
211-000554,JOY,2,0
211-000554,JOY,3,0
211-000554,JOY,4,0
211-000554,JOY,5,0
211-000554,JOY,6,0
211-000554,JOY,7,0
211-000554,JOY,8,0
211-000554,JOY,9,0
211-000554,JOY,10,0
211-000554,JOY,11,0
211-000554,JOY,12,0
211-000554,JOY,13,0
211-000554,JOY,14,0
211-000554,JOY,15,0
211-000554,JOY,16,0
211-000554,JOY,17,0
211-000554,JOY,18,0
211-000554,JOY,19,0
211-000554,JOY,20,0
211-000554,JOY,21,0
211-000554,JOY,22,0
211-000554,JOY,23,0
211-000554,JOY,24,0
211-000554,JOY,25,0
211-000554,JOY,26,0
211-000554,JOY,27,0
211-000554,JOY,28,0
211-000554,JOY,29,0
211-000554,JOY,30,0
211-000554,JOY,31,0
211-000554,JOY,32,0
211-000554,JOY,33,0
211-000554,JOY,34,0
211-000554,JOY,35,0
211-000554,JOY,36,0
211-000554,JOY,37,0
211-000554,JOY,38,0
211-000554,JOY,39,0
211-000554,JOY,40,0
211-000554,JOY,41,0
211-000554,JOY,42,0
211-000554,JOY,43,0
211-000554,JOY,44,0
211-000554,JOY,45,0
211-000554,JOY,46,0
211-000554,JOY,47,0
211-000554,JOY,48,0
211-000554,NEUTRO,0,1
211-000554,NEUTRO,1,1
211-000554,NEUTRO,2,1
211-000554,NEUTRO,3,1
211-000554,NEUTRO,4,1
211-000554,NEUTRO,5,1
211-000554,NEUTRO,6,1
211-000554,NEUTRO,7,1
211-000554,NEUTRO,8,1
211-000554,NEUTRO,9,1
211-000554,NEUTRO,10,1
211-000554,NEUTRO,11,1
211-000554,NEUTRO,12,1
211-000554,NEUTRO,13,1
211-000554,NEUTRO,14,1
211-000554,NEUTRO,15,1
211-000554,NEUTRO,16,1
211-000554,NEUTRO,17,1
211-000554,NEUTRO,18,1
211-000554,NEUTRO,19,1
211-000554,NEUTRO,20,1
211-000554,NEUTRO,21,1
211-000554,NEUTRO,22,1
211-000554,NEUTRO,23,1
211-000554,NEUTRO,24,1
211-000554,NEUTRO,25,1
211-000554,NEUTRO,26,1
211-000554,NEUTRO,27,1
211-000554,NEUTRO,28,1
211-000554,NEUTRO,29,1
211-000554,NEUTRO,30,1
211-000554,NEUTRO,31,1
211-000554,NEUTRO,32,1
211-000554,NEUTRO,33,1
211-000554,NEUTRO,34,1
211-000554,NEUTRO,35,1
211-000554,NEUTRO,36,1
211-000554,NEUTRO,37,1
211-000554,NEUTRO,38,1
211-000554,NEUTRO,39,1
211-000554,NEUTRO,40,1
211-000554,NEUTRO,41,1
211-000554,NEUTRO,42,1
211-000554,NEUTRO,43,1
211-000554,SAD,0,2
211-000554,SAD,1,2
211-000554,SAD,2,2
211-000554,SAD,3,2
211-000554,SAD,4,2
211-000554,SAD,5,2
211-000554,SAD,6,2
211-000554,SAD,7,2
211-000554,SAD,8,2
211-000554,SAD,9,2
211-000554,SAD,10,2
211-000554,SAD,11,2
211-000554,SAD,12,2
211-000554,SAD,13,2
211-000554,SAD,14,2
211-000554,SAD,15,2
211-000554,SAD,16,2
211-000554,SAD,17,2
211-000554,SAD,18,2
211-000554,SAD,19,2
211-000554,SAD,20,2
211-000554,SAD,21,2
211-000554,SAD,22,2
211-000554,SAD,23,2
211-000554,SAD,24,2
211-000554,SAD,25,2
211-000554,SAD,26,2
211-000554,SAD,27,2
211-000554,SAD,28,2
211-000554,SAD,29,2
211-000554,SAD,30,2
211-000554,SAD,31,2
211-000554,SAD,32,2
211-000554,SAD,33,2
211-000554,SAD,34,2
211-000554,SAD,35,2
211-000554,SAD,36,2
211-000554,SAD,37,2
211-000554,SAD,38,2
211-000554,SAD,39,2
211-000554,SAD,40,2
211-000554,SAD,41,2
211-000554,SAD,42,2
211-000554,SAD,43,2
211-000555,JOY,0,0
211-000555,JOY,1,0
211-000555,JOY,2,0
211-000555,JOY,3,0
211-000555,JOY,4,0
211-000555,JOY,5,0
211-000555,JOY,6,0
211-000555,JOY,7,0
211-000555,JOY,8,0
211-000555,JOY,9,0
211-000555,JOY,10,0
211-000555,JOY,11,0
211-000555,JOY,12,0
211-000555,JOY,13,0
211-000555,JOY,14,0
211-000555,JOY,15,0
211-000555,JOY,16,0
211-000555,JOY,17,0
211-000555,JOY,18,0
211-000555,JOY,19,0
211-000555,JOY,20,0
211-000555,JOY,21,0
211-000555,JOY,22,0
211-000555,JOY,23,0
211-000555,JOY,24,0
211-000555,JOY,25,0
211-000555,JOY,26,0
211-000555,JOY,27,0
211-000555,JOY,28,0
211-000555,JOY,29,0
211-000555,JOY,30,0
211-000555,JOY,31,0
211-000555,JOY,32,0
211-000555,JOY,33,0
211-000555,JOY,34,0
211-000555,JOY,35,0
211-000555,JOY,36,0
211-000555,JOY,37,0
211-000555,JOY,38,0
211-000555,JOY,39,0
211-000555,JOY,40,0
211-000555,JOY,41,0
211-000555,NEUTRO,0,1
211-000555,NEUTRO,1,1
211-000555,NEUTRO,2,1
211-000555,NEUTRO,3,1
211-000555,NEUTRO,4,1
211-000555,NEUTRO,5,1
211-000555,NEUTRO,6,1
211-000555,NEUTRO,7,1
211-000555,NEUTRO,8,1
211-000555,NEUTRO,9,1
211-000555,NEUTRO,10,1
211-000555,NEUTRO,11,1
211-000555,NEUTRO,12,1
211-000555,NEUTRO,13,1
211-000555,NEUTRO,14,1
211-000555,NEUTRO,15,1
211-000555,NEUTRO,16,1
211-000555,NEUTRO,17,1
211-000555,NEUTRO,18,1
211-000555,NEUTRO,19,1
211-000555,NEUTRO,20,1
211-000555,NEUTRO,21,1
211-000555,NEUTRO,22,1
211-000555,NEUTRO,23,1
211-000555,NEUTRO,24,1
211-000555,NEUTRO,25,1
211-000555,NEUTRO,26,1
211-000555,NEUTRO,27,1
211-000555,NEUTRO,28,1
211-000555,NEUTRO,29,1
211-000555,NEUTRO,30,1
211-000555,NEUTRO,31,1
211-000555,NEUTRO,32,1
211-000555,NEUTRO,33,1
211-000555,NEUTRO,34,1
211-000555,NEUTRO,35,1
211-000555,NEUTRO,36,1
211-000555,NEUTRO,37,1
211-000555,NEUTRO,38,1
211-000555,NEUTRO,39,1
211-000555,NEUTRO,40,1
211-000555,NEUTRO,41,1
211-000555,NEUTRO,42,1
211-000555,NEUTRO,43,1
211-000555,NEUTRO,44,1
211-000555,NEUTRO,45,1
211-000555,SAD,0,2
211-000555,SAD,1,2
211-000555,SAD,2,2
211-000555,SAD,3,2
211-000555,SAD,4,2
211-000555,SAD,5,2
211-000555,SAD,6,2
211-000555,SAD,7,2
211-000555,SAD,8,2
211-000555,SAD,9,2
211-000555,SAD,10,2
211-000555,SAD,11,2
211-000555,SAD,12,2
211-000555,SAD,13,2
211-000555,SAD,14,2
211-000555,SAD,15,2
211-000555,SAD,16,2
211-000555,SAD,17,2
211-000555,SAD,18,2
211-000555,SAD,19,2
211-000555,SAD,20,2
211-000555,SAD,21,2
211-000555,SAD,22,2
211-000555,SAD,23,2
211-000555,SAD,24,2
211-000555,SAD,25,2
211-000555,SAD,26,2
211-000555,SAD,27,2
211-000555,SAD,28,2
211-000555,SAD,29,2
211-000555,SAD,30,2
211-000555,SAD,31,2
211-000555,SAD,32,2
211-000555,SAD,33,2
211-000555,SAD,34,2
211-000555,SAD,35,2
211-000555,SAD,36,2
211-000555,SAD,37,2
211-000555,SAD,38,2
211-000555,SAD,39,2
211-000555,SAD,40,2
211-000555,SAD,41,2
211-000555,SAD,42,2
211-000555,SAD,43,2
211-000555,SAD,44,2
211-000556,JOY,0,0
211-000556,JOY,1,0
211-000556,JOY,2,0
211-000556,JOY,3,0
211-000556,JOY,4,0
211-000556,JOY,5,0
211-000556,JOY,6,0
211-000556,JOY,7,0
211-000556,JOY,8,0
211-000556,JOY,9,0
211-000556,JOY,10,0
211-000556,JOY,11,0
211-000556,JOY,12,0
211-000556,JOY,13,0
211-000556,JOY,14,0
211-000556,JOY,15,0
211-000556,JOY,16,0
211-000556,JOY,17,0
211-000556,JOY,18,0
211-000556,JOY,19,0
211-000556,JOY,20,0
211-000556,JOY,21,0
211-000556,JOY,22,0
211-000556,JOY,23,0
211-000556,JOY,24,0
211-000556,JOY,25,0
211-000556,JOY,26,0
211-000556,JOY,27,0
211-000556,JOY,28,0
211-000556,JOY,29,0
211-000556,JOY,30,0
211-000556,JOY,31,0
211-000556,JOY,32,0
211-000556,JOY,33,0
211-000556,JOY,34,0
211-000556,JOY,35,0
211-000556,JOY,36,0
211-000556,JOY,37,0
211-000556,JOY,38,0
211-000556,NEUTRO,0,1
211-000556,NEUTRO,1,1
211-000556,NEUTRO,2,1
211-000556,NEUTRO,3,1
211-000556,NEUTRO,4,1
211-000556,NEUTRO,5,1
211-000556,NEUTRO,6,1
211-000556,NEUTRO,7,1
211-000556,NEUTRO,8,1
211-000556,NEUTRO,9,1
211-000556,NEUTRO,10,1
211-000556,NEUTRO,11,1
211-000556,NEUTRO,12,1
211-000556,NEUTRO,13,1
211-000556,NEUTRO,14,1
211-000556,NEUTRO,15,1
211-000556,NEUTRO,16,1
211-000556,NEUTRO,17,1
211-000556,NEUTRO,18,1
211-000556,NEUTRO,19,1
211-000556,NEUTRO,20,1
211-000556,NEUTRO,21,1
211-000556,NEUTRO,22,1
211-000556,NEUTRO,23,1
211-000556,NEUTRO,24,1
211-000556,NEUTRO,25,1
211-000556,NEUTRO,26,1
211-000556,NEUTRO,27,1
211-000556,NEUTRO,28,1
211-000556,NEUTRO,29,1
211-000556,NEUTRO,30,1
211-000556,NEUTRO,31,1
211-000556,NEUTRO,32,1
211-000556,NEUTRO,33,1
211-000556,NEUTRO,34,1
211-000556,NEUTRO,35,1
211-000556,SAD,0,2
211-000556,SAD,1,2
211-000556,SAD,2,2
211-000556,SAD,3,2
211-000556,SAD,4,2
211-000556,SAD,5,2
211-000556,SAD,6,2
211-000556,SAD,7,2
211-000556,SAD,8,2
211-000556,SAD,9,2
211-000556,SAD,10,2
211-000556,SAD,11,2
211-000556,SAD,12,2
211-000556,SAD,13,2
211-000556,SAD,14,2
211-000556,SAD,15,2
211-000556,SAD,16,2
211-000556,SAD,17,2
211-000556,SAD,18,2
211-000556,SAD,19,2
211-000556,SAD,20,2
211-000556,SAD,21,2
211-000556,SAD,22,2
211-000556,SAD,23,2
211-000556,SAD,24,2
211-000556,SAD,25,2
211-000556,SAD,26,2
211-000557,JOY,0,0
211-000557,JOY,1,0
211-000557,JOY,2,0
211-000557,JOY,3,0
211-000557,JOY,4,0
211-000557,JOY,5,0
211-000557,JOY,6,0
211-000557,JOY,7,0
211-000557,JOY,8,0
211-000557,JOY,9,0
211-000557,JOY,10,0
211-000557,JOY,11,0
211-000557,JOY,12,0
211-000557,JOY,13,0
211-000557,JOY,14,0
211-000557,JOY,15,0
211-000557,JOY,16,0
211-000557,JOY,17,0
211-000557,JOY,18,0
211-000557,JOY,19,0
211-000557,JOY,20,0
211-000557,JOY,21,0
211-000557,JOY,22,0
211-000557,JOY,23,0
211-000557,JOY,24,0
211-000557,JOY,25,0
211-000557,JOY,26,0
211-000557,JOY,27,0
211-000557,JOY,28,0
211-000557,JOY,29,0
211-000557,JOY,30,0
211-000557,JOY,31,0
211-000557,JOY,32,0
211-000557,JOY,33,0
211-000557,JOY,34,0
211-000557,JOY,35,0
211-000557,JOY,36,0
211-000557,JOY,37,0
211-000557,JOY,38,0
211-000557,JOY,39,0
211-000557,JOY,40,0
211-000557,JOY,41,0
211-000557,JOY,42,0
211-000557,JOY,43,0
211-000557,JOY,44,0
211-000557,NEUTRO,0,1
211-000557,NEUTRO,1,1
211-000557,NEUTRO,2,1
211-000557,NEUTRO,3,1
211-000557,NEUTRO,4,1
211-000557,NEUTRO,5,1
211-000557,NEUTRO,6,1
211-000557,NEUTRO,7,1
211-000557,NEUTRO,8,1
211-000557,NEUTRO,9,1
211-000557,NEUTRO,10,1
211-000557,NEUTRO,11,1
211-000557,NEUTRO,12,1
211-000557,NEUTRO,13,1
211-000557,NEUTRO,14,1
211-000557,NEUTRO,15,1
211-000557,NEUTRO,16,1
211-000557,NEUTRO,17,1
211-000557,NEUTRO,18,1
211-000557,NEUTRO,19,1
211-000557,NEUTRO,20,1
211-000557,NEUTRO,21,1
211-000557,NEUTRO,22,1
211-000557,NEUTRO,23,1
211-000557,NEUTRO,24,1
211-000557,NEUTRO,25,1
211-000557,NEUTRO,26,1
211-000557,NEUTRO,27,1
211-000557,NEUTRO,28,1
211-000557,NEUTRO,29,1
211-000557,NEUTRO,30,1
211-000557,NEUTRO,31,1
211-000557,NEUTRO,32,1
211-000557,NEUTRO,33,1
211-000557,NEUTRO,34,1
211-000557,NEUTRO,35,1
211-000557,NEUTRO,36,1
211-000557,NEUTRO,37,1
211-000557,NEUTRO,38,1
211-000557,NEUTRO,39,1
211-000557,NEUTRO,40,1
211-000557,NEUTRO,41,1
211-000557,NEUTRO,42,1
211-000557,SAD,0,2
211-000557,SAD,1,2
211-000557,SAD,2,2
211-000557,SAD,3,2
211-000557,SAD,4,2
211-000557,SAD,5,2
211-000557,SAD,6,2
211-000557,SAD,7,2
211-000557,SAD,8,2
211-000557,SAD,9,2
211-000557,SAD,10,2
211-000557,SAD,11,2
211-000557,SAD,12,2
211-000557,SAD,13,2
211-000557,SAD,14,2
211-000557,SAD,15,2
211-000557,SAD,16,2
211-000557,SAD,17,2
211-000557,SAD,18,2
211-000557,SAD,19,2
211-000557,SAD,20,2
211-000557,SAD,21,2
211-000557,SAD,22,2
211-000557,SAD,23,2
211-000557,SAD,24,2
211-000557,SAD,25,2
211-000557,SAD,26,2
211-000557,SAD,27,2
211-000557,SAD,28,2
211-000557,SAD,29,2
211-000557,SAD,30,2
211-000557,SAD,31,2
211-000557,SAD,32,2
211-000557,SAD,33,2
211-000557,SAD,34,2
211-000557,SAD,35,2
211-000557,SAD,36,2
211-000557,SAD,37,2
211-000557,SAD,38,2
211-000557,SAD,39,2
211-000557,SAD,40,2
211-000557,SAD,41,2
211-000557,SAD,42,2
211-000557,SAD,43,2
211-000557,SAD,44,2
